fecha_compra,id_proveedor,id_central_generacion,id_combustible,id_unidad_medida,documento_referencia,linea_documento,cantidad,precio_unitario,importe_total,moneda,fuente,observaciones,archivo_origen
01/01/2022,6bc2fbe4-3a34-4837-a3d8-8162e642ba3a,1a3dde4b-6f67-49db-ac6e-7578d0af0d95,9693a1d1-4b88-4d73-8138-b46b21e7a72c,5a3d193f-cb2b-40df-b401-d786b9e25ef8,CSO-2022-01-01,1,0,0,0,MXN,excel_cso,Extraccion diaria de compras de gas natural para CCC Saltillo desde Consolidado CSO.xlsx.,Consolidado CSO.xlsx
01/02/2022,6bc2fbe4-3a34-4837-a3d8-8162e642ba3a,1a3dde4b-6f67-49db-ac6e-7578d0af0d95,9693a1d1-4b88-4d73-8138-b46b21e7a72c,5a3d193f-cb2b-40df-b401-d786b9e25ef8,CSO-2022-02-01,1,30000,0,0,MXN,excel_cso,Extraccion diaria de compras de gas natural para CCC Saltillo desde Consolidado CSO.xlsx.,Consolidado CSO.xlsx
01/03/2022,6bc2fbe4-3a34-4837-a3d8-8162e642ba3a,1a3dde4b-6f67-49db-ac6e-7578d0af0d95,9693a1d1-4b88-4d73-8138-b46b21e7a72c,5a3d193f-cb2b-40df-b401-d786b9e25ef8,CSO-2022-03-01,1,35000,0,0,MXN,excel_cso,Extraccion diaria de compras de gas natural para CCC Saltillo desde Consolidado CSO.xlsx.,Consolidado CSO.xlsx
01/04/2022,6bc2fbe4-3a34-4837-a3d8-8162e642ba3a,1a3dde4b-6f67-49db-ac6e-7578d0af0d95,9693a1d1-4b88-4d73-8138-b46b21e7a72c,5a3d193f-cb2b-40df-b401-d786b9e25ef8,CSO-2022-04-01,1,32000,0,0,MXN,excel_cso,Extraccion diaria de compras de gas natural para CCC Saltillo desde Consolidado CSO.xlsx.,Consolidado CSO.xlsx
01/05/2022,6bc2fbe4-3a34-4837-a3d8-8162e642ba3a,1a3dde4b-6f67-49db-ac6e-7578d0af0d95,9693a1d1-4b88-4d73-8138-b46b21e7a72c,5a3d193f-cb2b-40df-b401-d786b9e25ef8,CSO-2022-05-01,1,10000,0,0,MXN,excel_cso,Extraccion diaria de compras de gas natural para CCC Saltillo desde Consolidado CSO.xlsx.,Consolidado CSO.xlsx
01/06/2022,6bc2fbe4-3a34-4837-a3d8-8162e642ba3a,1a3dde4b-6f67-49db-ac6e-7578d0af0d95,9693a1d1-4b88-4d73-8138-b46b21e7a72c,5a3d193f-cb2b-40df-b401-d786b9e25ef8,CSO-2022-06-01,1,8000,0,0,MXN,excel_cso,Extraccion diaria de compras de gas natural para CCC Saltillo desde Consolidado CSO.xlsx.,Consolidado CSO.xlsx
01/07/2022,6bc2fbe4-3a34-4837-a3d8-8162e642ba3a,1a3dde4b-6f67-49db-ac6e-7578d0af0d95,9693a1d1-4b88-4d73-8138-b46b21e7a72c,5a3d193f-cb2b-40df-b401-d786b9e25ef8,CSO-2022-07-01,1,41000,0,0,MXN,excel_cso,Extraccion diaria de compras de gas natural para CCC Saltillo desde Consolidado CSO.xlsx.,Consolidado CSO.xlsx
01/08/2022,6bc2fbe4-3a34-4837-a3d8-8162e642ba3a,1a3dde4b-6f67-49db-ac6e-7578d0af0d95,9693a1d1-4b88-4d73-8138-b46b21e7a72c,5a3d193f-cb2b-40df-b401-d786b9e25ef8,CSO-2022-08-01,1,37000,0,0,MXN,excel_cso,Extraccion diaria de compras de gas natural para CCC Saltillo desde Consolidado CSO.xlsx.,Consolidado CSO.xlsx
01/09/2022,6bc2fbe4-3a34-4837-a3d8-8162e642ba3a,1a3dde4b-6f67-49db-ac6e-7578d0af0d95,9693a1d1-4b88-4d73-8138-b46b21e7a72c,5a3d193f-cb2b-40df-b401-d786b9e25ef8,CSO-2022-09-01,1,30000,0,0,MXN,excel_cso,Extraccion diaria de compras de gas natural para CCC Saltillo desde Consolidado CSO.xlsx.,Consolidado CSO.xlsx
01/10/2022,6bc2fbe4-3a34-4837-a3d8-8162e642ba3a,1a3dde4b-6f67-49db-ac6e-7578d0af0d95,9693a1d1-4b88-4d73-8138-b46b21e7a72c,5a3d193f-cb2b-40df-b401-d786b9e25ef8,CSO-2022-10-01,1,28000,0,0,MXN,excel_cso,Extraccion diaria de compras de gas natural para CCC Saltillo desde Consolidado CSO.xlsx.,Consolidado CSO.xlsx
01/11/2022,6bc2fbe4-3a34-4837-a3d8-8162e642ba3a,1a3dde4b-6f67-49db-ac6e-7578d0af0d95,9693a1d1-4b88-4d73-8138-b46b21e7a72c,5a3d193f-cb2b-40df-b401-d786b9e25ef8,CSO-2022-11-01,1,35533,0,0,MXN,excel_cso,Extraccion diaria de compras de gas natural para CCC Saltillo desde Consolidado CSO.xlsx.,Consolidado CSO.xlsx
01/12/2022,6bc2fbe4-3a34-4837-a3d8-8162e642ba3a,1a3dde4b-6f67-49db-ac6e-7578d0af0d95,9693a1d1-4b88-4d73-8138-b46b21e7a72c,5a3d193f-cb2b-40df-b401-d786b9e25ef8,CSO-2022-12-01,1,31000,0,0,MXN,excel_cso,Extraccion diaria de compras de gas natural para CCC Saltillo desde Consolidado CSO.xlsx.,Consolidado CSO.xlsx
02/01/2022,6bc2fbe4-3a34-4837-a3d8-8162e642ba3a,1a3dde4b-6f67-49db-ac6e-7578d0af0d95,9693a1d1-4b88-4d73-8138-b46b21e7a72c,5a3d193f-cb2b-40df-b401-d786b9e25ef8,CSO-2022-01-02,1,0,0,0,MXN,excel_cso,Extraccion diaria de compras de gas natural para CCC Saltillo desde Consolidado CSO.xlsx.,Consolidado CSO.xlsx
02/02/2022,6bc2fbe4-3a34-4837-a3d8-8162e642ba3a,1a3dde4b-6f67-49db-ac6e-7578d0af0d95,9693a1d1-4b88-4d73-8138-b46b21e7a72c,5a3d193f-cb2b-40df-b401-d786b9e25ef8,CSO-2022-02-02,1,38000,0,0,MXN,excel_cso,Extraccion diaria de compras de gas natural para CCC Saltillo desde Consolidado CSO.xlsx.,Consolidado CSO.xlsx
02/03/2022,6bc2fbe4-3a34-4837-a3d8-8162e642ba3a,1a3dde4b-6f67-49db-ac6e-7578d0af0d95,9693a1d1-4b88-4d73-8138-b46b21e7a72c,5a3d193f-cb2b-40df-b401-d786b9e25ef8,CSO-2022-03-02,1,30000,0,0,MXN,excel_cso,Extraccion diaria de compras de gas natural para CCC Saltillo desde Consolidado CSO.xlsx.,Consolidado CSO.xlsx
02/04/2022,6bc2fbe4-3a34-4837-a3d8-8162e642ba3a,1a3dde4b-6f67-49db-ac6e-7578d0af0d95,9693a1d1-4b88-4d73-8138-b46b21e7a72c,5a3d193f-cb2b-40df-b401-d786b9e25ef8,CSO-2022-04-02,1,20222,0,0,MXN,excel_cso,Extraccion diaria de compras de gas natural para CCC Saltillo desde Consolidado CSO.xlsx.,Consolidado CSO.xlsx
02/05/2022,6bc2fbe4-3a34-4837-a3d8-8162e642ba3a,1a3dde4b-6f67-49db-ac6e-7578d0af0d95,9693a1d1-4b88-4d73-8138-b46b21e7a72c,5a3d193f-cb2b-40df-b401-d786b9e25ef8,CSO-2022-05-02,1,30000,0,0,MXN,excel_cso,Extraccion diaria de compras de gas natural para CCC Saltillo desde Consolidado CSO.xlsx.,Consolidado CSO.xlsx
02/06/2022,6bc2fbe4-3a34-4837-a3d8-8162e642ba3a,1a3dde4b-6f67-49db-ac6e-7578d0af0d95,9693a1d1-4b88-4d73-8138-b46b21e7a72c,5a3d193f-cb2b-40df-b401-d786b9e25ef8,CSO-2022-06-02,1,8000,0,0,MXN,excel_cso,Extraccion diaria de compras de gas natural para CCC Saltillo desde Consolidado CSO.xlsx.,Consolidado CSO.xlsx
02/07/2022,6bc2fbe4-3a34-4837-a3d8-8162e642ba3a,1a3dde4b-6f67-49db-ac6e-7578d0af0d95,9693a1d1-4b88-4d73-8138-b46b21e7a72c,5a3d193f-cb2b-40df-b401-d786b9e25ef8,CSO-2022-07-02,1,33000,0,0,MXN,excel_cso,Extraccion diaria de compras de gas natural para CCC Saltillo desde Consolidado CSO.xlsx.,Consolidado CSO.xlsx
02/08/2022,6bc2fbe4-3a34-4837-a3d8-8162e642ba3a,1a3dde4b-6f67-49db-ac6e-7578d0af0d95,9693a1d1-4b88-4d73-8138-b46b21e7a72c,5a3d193f-cb2b-40df-b401-d786b9e25ef8,CSO-2022-08-02,1,48000,0,0,MXN,excel_cso,Extraccion diaria de compras de gas natural para CCC Saltillo desde Consolidado CSO.xlsx.,Consolidado CSO.xlsx
02/09/2022,6bc2fbe4-3a34-4837-a3d8-8162e642ba3a,1a3dde4b-6f67-49db-ac6e-7578d0af0d95,9693a1d1-4b88-4d73-8138-b46b21e7a72c,5a3d193f-cb2b-40df-b401-d786b9e25ef8,CSO-2022-09-02,1,27000,0,0,MXN,excel_cso,Extraccion diaria de compras de gas natural para CCC Saltillo desde Consolidado CSO.xlsx.,Consolidado CSO.xlsx
02/10/2022,6bc2fbe4-3a34-4837-a3d8-8162e642ba3a,1a3dde4b-6f67-49db-ac6e-7578d0af0d95,9693a1d1-4b88-4d73-8138-b46b21e7a72c,5a3d193f-cb2b-40df-b401-d786b9e25ef8,CSO-2022-10-02,1,28000,0,0,MXN,excel_cso,Extraccion diaria de compras de gas natural para CCC Saltillo desde Consolidado CSO.xlsx.,Consolidado CSO.xlsx
02/11/2022,6bc2fbe4-3a34-4837-a3d8-8162e642ba3a,1a3dde4b-6f67-49db-ac6e-7578d0af0d95,9693a1d1-4b88-4d73-8138-b46b21e7a72c,5a3d193f-cb2b-40df-b401-d786b9e25ef8,CSO-2022-11-02,1,30000,0,0,MXN,excel_cso,Extraccion diaria de compras de gas natural para CCC Saltillo desde Consolidado CSO.xlsx.,Consolidado CSO.xlsx
02/12/2022,6bc2fbe4-3a34-4837-a3d8-8162e642ba3a,1a3dde4b-6f67-49db-ac6e-7578d0af0d95,9693a1d1-4b88-4d73-8138-b46b21e7a72c,5a3d193f-cb2b-40df-b401-d786b9e25ef8,CSO-2022-12-02,1,33000,0,0,MXN,excel_cso,Extraccion diaria de compras de gas natural para CCC Saltillo desde Consolidado CSO.xlsx.,Consolidado CSO.xlsx
03/01/2022,6bc2fbe4-3a34-4837-a3d8-8162e642ba3a,1a3dde4b-6f67-49db-ac6e-7578d0af0d95,9693a1d1-4b88-4d73-8138-b46b21e7a72c,5a3d193f-cb2b-40df-b401-d786b9e25ef8,CSO-2022-01-03,1,5000,0,0,MXN,excel_cso,Extraccion diaria de compras de gas natural para CCC Saltillo desde Consolidado CSO.xlsx.,Consolidado CSO.xlsx
03/02/2022,6bc2fbe4-3a34-4837-a3d8-8162e642ba3a,1a3dde4b-6f67-49db-ac6e-7578d0af0d95,9693a1d1-4b88-4d73-8138-b46b21e7a72c,5a3d193f-cb2b-40df-b401-d786b9e25ef8,CSO-2022-02-03,1,0,0,0,MXN,excel_cso,Extraccion diaria de compras de gas natural para CCC Saltillo desde Consolidado CSO.xlsx.,Consolidado CSO.xlsx
03/03/2022,6bc2fbe4-3a34-4837-a3d8-8162e642ba3a,1a3dde4b-6f67-49db-ac6e-7578d0af0d95,9693a1d1-4b88-4d73-8138-b46b21e7a72c,5a3d193f-cb2b-40df-b401-d786b9e25ef8,CSO-2022-03-03,1,30000,0,0,MXN,excel_cso,Extraccion diaria de compras de gas natural para CCC Saltillo desde Consolidado CSO.xlsx.,Consolidado CSO.xlsx
03/04/2022,6bc2fbe4-3a34-4837-a3d8-8162e642ba3a,1a3dde4b-6f67-49db-ac6e-7578d0af0d95,9693a1d1-4b88-4d73-8138-b46b21e7a72c,5a3d193f-cb2b-40df-b401-d786b9e25ef8,CSO-2022-04-03,1,15000,0,0,MXN,excel_cso,Extraccion diaria de compras de gas natural para CCC Saltillo desde Consolidado CSO.xlsx.,Consolidado CSO.xlsx
03/05/2022,6bc2fbe4-3a34-4837-a3d8-8162e642ba3a,1a3dde4b-6f67-49db-ac6e-7578d0af0d95,9693a1d1-4b88-4d73-8138-b46b21e7a72c,5a3d193f-cb2b-40df-b401-d786b9e25ef8,CSO-2022-05-03,1,41500,0,0,MXN,excel_cso,Extraccion diaria de compras de gas natural para CCC Saltillo desde Consolidado CSO.xlsx.,Consolidado CSO.xlsx
03/06/2022,6bc2fbe4-3a34-4837-a3d8-8162e642ba3a,1a3dde4b-6f67-49db-ac6e-7578d0af0d95,9693a1d1-4b88-4d73-8138-b46b21e7a72c,5a3d193f-cb2b-40df-b401-d786b9e25ef8,CSO-2022-06-03,1,0,0,0,MXN,excel_cso,Extraccion diaria de compras de gas natural para CCC Saltillo desde Consolidado CSO.xlsx.,Consolidado CSO.xlsx
03/07/2022,6bc2fbe4-3a34-4837-a3d8-8162e642ba3a,1a3dde4b-6f67-49db-ac6e-7578d0af0d95,9693a1d1-4b88-4d73-8138-b46b21e7a72c,5a3d193f-cb2b-40df-b401-d786b9e25ef8,CSO-2022-07-03,1,33000,0,0,MXN,excel_cso,Extraccion diaria de compras de gas natural para CCC Saltillo desde Consolidado CSO.xlsx.,Consolidado CSO.xlsx
03/08/2022,6bc2fbe4-3a34-4837-a3d8-8162e642ba3a,1a3dde4b-6f67-49db-ac6e-7578d0af0d95,9693a1d1-4b88-4d73-8138-b46b21e7a72c,5a3d193f-cb2b-40df-b401-d786b9e25ef8,CSO-2022-08-03,1,37000,0,0,MXN,excel_cso,Extraccion diaria de compras de gas natural para CCC Saltillo desde Consolidado CSO.xlsx.,Consolidado CSO.xlsx
03/09/2022,6bc2fbe4-3a34-4837-a3d8-8162e642ba3a,1a3dde4b-6f67-49db-ac6e-7578d0af0d95,9693a1d1-4b88-4d73-8138-b46b21e7a72c,5a3d193f-cb2b-40df-b401-d786b9e25ef8,CSO-2022-09-03,1,26000,0,0,MXN,excel_cso,Extraccion diaria de compras de gas natural para CCC Saltillo desde Consolidado CSO.xlsx.,Consolidado CSO.xlsx
03/10/2022,6bc2fbe4-3a34-4837-a3d8-8162e642ba3a,1a3dde4b-6f67-49db-ac6e-7578d0af0d95,9693a1d1-4b88-4d73-8138-b46b21e7a72c,5a3d193f-cb2b-40df-b401-d786b9e25ef8,CSO-2022-10-03,1,28000,0,0,MXN,excel_cso,Extraccion diaria de compras de gas natural para CCC Saltillo desde Consolidado CSO.xlsx.,Consolidado CSO.xlsx
03/11/2022,6bc2fbe4-3a34-4837-a3d8-8162e642ba3a,1a3dde4b-6f67-49db-ac6e-7578d0af0d95,9693a1d1-4b88-4d73-8138-b46b21e7a72c,5a3d193f-cb2b-40df-b401-d786b9e25ef8,CSO-2022-11-03,1,30227,0,0,MXN,excel_cso,Extraccion diaria de compras de gas natural para CCC Saltillo desde Consolidado CSO.xlsx.,Consolidado CSO.xlsx
03/12/2022,6bc2fbe4-3a34-4837-a3d8-8162e642ba3a,1a3dde4b-6f67-49db-ac6e-7578d0af0d95,9693a1d1-4b88-4d73-8138-b46b21e7a72c,5a3d193f-cb2b-40df-b401-d786b9e25ef8,CSO-2022-12-03,1,32000,0,0,MXN,excel_cso,Extraccion diaria de compras de gas natural para CCC Saltillo desde Consolidado CSO.xlsx.,Consolidado CSO.xlsx
04/01/2022,6bc2fbe4-3a34-4837-a3d8-8162e642ba3a,1a3dde4b-6f67-49db-ac6e-7578d0af0d95,9693a1d1-4b88-4d73-8138-b46b21e7a72c,5a3d193f-cb2b-40df-b401-d786b9e25ef8,CSO-2022-01-04,1,17000,0,0,MXN,excel_cso,Extraccion diaria de compras de gas natural para CCC Saltillo desde Consolidado CSO.xlsx.,Consolidado CSO.xlsx
04/02/2022,6bc2fbe4-3a34-4837-a3d8-8162e642ba3a,1a3dde4b-6f67-49db-ac6e-7578d0af0d95,9693a1d1-4b88-4d73-8138-b46b21e7a72c,5a3d193f-cb2b-40df-b401-d786b9e25ef8,CSO-2022-02-04,1,0,0,0,MXN,excel_cso,Extraccion diaria de compras de gas natural para CCC Saltillo desde Consolidado CSO.xlsx.,Consolidado CSO.xlsx
04/03/2022,6bc2fbe4-3a34-4837-a3d8-8162e642ba3a,1a3dde4b-6f67-49db-ac6e-7578d0af0d95,9693a1d1-4b88-4d73-8138-b46b21e7a72c,5a3d193f-cb2b-40df-b401-d786b9e25ef8,CSO-2022-03-04,1,30000,0,0,MXN,excel_cso,Extraccion diaria de compras de gas natural para CCC Saltillo desde Consolidado CSO.xlsx.,Consolidado CSO.xlsx
04/04/2022,6bc2fbe4-3a34-4837-a3d8-8162e642ba3a,1a3dde4b-6f67-49db-ac6e-7578d0af0d95,9693a1d1-4b88-4d73-8138-b46b21e7a72c,5a3d193f-cb2b-40df-b401-d786b9e25ef8,CSO-2022-04-04,1,25000,0,0,MXN,excel_cso,Extraccion diaria de compras de gas natural para CCC Saltillo desde Consolidado CSO.xlsx.,Consolidado CSO.xlsx
04/05/2022,6bc2fbe4-3a34-4837-a3d8-8162e642ba3a,1a3dde4b-6f67-49db-ac6e-7578d0af0d95,9693a1d1-4b88-4d73-8138-b46b21e7a72c,5a3d193f-cb2b-40df-b401-d786b9e25ef8,CSO-2022-05-04,1,41000,0,0,MXN,excel_cso,Extraccion diaria de compras de gas natural para CCC Saltillo desde Consolidado CSO.xlsx.,Consolidado CSO.xlsx
04/06/2022,6bc2fbe4-3a34-4837-a3d8-8162e642ba3a,1a3dde4b-6f67-49db-ac6e-7578d0af0d95,9693a1d1-4b88-4d73-8138-b46b21e7a72c,5a3d193f-cb2b-40df-b401-d786b9e25ef8,CSO-2022-06-04,1,0,0,0,MXN,excel_cso,Extraccion diaria de compras de gas natural para CCC Saltillo desde Consolidado CSO.xlsx.,Consolidado CSO.xlsx
04/07/2022,6bc2fbe4-3a34-4837-a3d8-8162e642ba3a,1a3dde4b-6f67-49db-ac6e-7578d0af0d95,9693a1d1-4b88-4d73-8138-b46b21e7a72c,5a3d193f-cb2b-40df-b401-d786b9e25ef8,CSO-2022-07-04,1,18000,0,0,MXN,excel_cso,Extraccion diaria de compras de gas natural para CCC Saltillo desde Consolidado CSO.xlsx.,Consolidado CSO.xlsx
04/08/2022,6bc2fbe4-3a34-4837-a3d8-8162e642ba3a,1a3dde4b-6f67-49db-ac6e-7578d0af0d95,9693a1d1-4b88-4d73-8138-b46b21e7a72c,5a3d193f-cb2b-40df-b401-d786b9e25ef8,CSO-2022-08-04,1,38000,0,0,MXN,excel_cso,Extraccion diaria de compras de gas natural para CCC Saltillo desde Consolidado CSO.xlsx.,Consolidado CSO.xlsx
04/09/2022,6bc2fbe4-3a34-4837-a3d8-8162e642ba3a,1a3dde4b-6f67-49db-ac6e-7578d0af0d95,9693a1d1-4b88-4d73-8138-b46b21e7a72c,5a3d193f-cb2b-40df-b401-d786b9e25ef8,CSO-2022-09-04,1,26000,0,0,MXN,excel_cso,Extraccion diaria de compras de gas natural para CCC Saltillo desde Consolidado CSO.xlsx.,Consolidado CSO.xlsx
04/10/2022,6bc2fbe4-3a34-4837-a3d8-8162e642ba3a,1a3dde4b-6f67-49db-ac6e-7578d0af0d95,9693a1d1-4b88-4d73-8138-b46b21e7a72c,5a3d193f-cb2b-40df-b401-d786b9e25ef8,CSO-2022-10-04,1,38500,0,0,MXN,excel_cso,Extraccion diaria de compras de gas natural para CCC Saltillo desde Consolidado CSO.xlsx.,Consolidado CSO.xlsx
04/11/2022,6bc2fbe4-3a34-4837-a3d8-8162e642ba3a,1a3dde4b-6f67-49db-ac6e-7578d0af0d95,9693a1d1-4b88-4d73-8138-b46b21e7a72c,5a3d193f-cb2b-40df-b401-d786b9e25ef8,CSO-2022-11-04,1,30000,0,0,MXN,excel_cso,Extraccion diaria de compras de gas natural para CCC Saltillo desde Consolidado CSO.xlsx.,Consolidado CSO.xlsx
04/12/2022,6bc2fbe4-3a34-4837-a3d8-8162e642ba3a,1a3dde4b-6f67-49db-ac6e-7578d0af0d95,9693a1d1-4b88-4d73-8138-b46b21e7a72c,5a3d193f-cb2b-40df-b401-d786b9e25ef8,CSO-2022-12-04,1,27000,0,0,MXN,excel_cso,Extraccion diaria de compras de gas natural para CCC Saltillo desde Consolidado CSO.xlsx.,Consolidado CSO.xlsx
05/01/2022,6bc2fbe4-3a34-4837-a3d8-8162e642ba3a,1a3dde4b-6f67-49db-ac6e-7578d0af0d95,9693a1d1-4b88-4d73-8138-b46b21e7a72c,5a3d193f-cb2b-40df-b401-d786b9e25ef8,CSO-2022-01-05,1,27000,0,0,MXN,excel_cso,Extraccion diaria de compras de gas natural para CCC Saltillo desde Consolidado CSO.xlsx.,Consolidado CSO.xlsx
05/02/2022,6bc2fbe4-3a34-4837-a3d8-8162e642ba3a,1a3dde4b-6f67-49db-ac6e-7578d0af0d95,9693a1d1-4b88-4d73-8138-b46b21e7a72c,5a3d193f-cb2b-40df-b401-d786b9e25ef8,CSO-2022-02-05,1,0,0,0,MXN,excel_cso,Extraccion diaria de compras de gas natural para CCC Saltillo desde Consolidado CSO.xlsx.,Consolidado CSO.xlsx
05/03/2022,6bc2fbe4-3a34-4837-a3d8-8162e642ba3a,1a3dde4b-6f67-49db-ac6e-7578d0af0d95,9693a1d1-4b88-4d73-8138-b46b21e7a72c,5a3d193f-cb2b-40df-b401-d786b9e25ef8,CSO-2022-03-05,1,5000,0,0,MXN,excel_cso,Extraccion diaria de compras de gas natural para CCC Saltillo desde Consolidado CSO.xlsx.,Consolidado CSO.xlsx
05/04/2022,6bc2fbe4-3a34-4837-a3d8-8162e642ba3a,1a3dde4b-6f67-49db-ac6e-7578d0af0d95,9693a1d1-4b88-4d73-8138-b46b21e7a72c,5a3d193f-cb2b-40df-b401-d786b9e25ef8,CSO-2022-04-05,1,35000,0,0,MXN,excel_cso,Extraccion diaria de compras de gas natural para CCC Saltillo desde Consolidado CSO.xlsx.,Consolidado CSO.xlsx
05/05/2022,6bc2fbe4-3a34-4837-a3d8-8162e642ba3a,1a3dde4b-6f67-49db-ac6e-7578d0af0d95,9693a1d1-4b88-4d73-8138-b46b21e7a72c,5a3d193f-cb2b-40df-b401-d786b9e25ef8,CSO-2022-05-05,1,41500,0,0,MXN,excel_cso,Extraccion diaria de compras de gas natural para CCC Saltillo desde Consolidado CSO.xlsx.,Consolidado CSO.xlsx
05/06/2022,6bc2fbe4-3a34-4837-a3d8-8162e642ba3a,1a3dde4b-6f67-49db-ac6e-7578d0af0d95,9693a1d1-4b88-4d73-8138-b46b21e7a72c,5a3d193f-cb2b-40df-b401-d786b9e25ef8,CSO-2022-06-05,1,0,0,0,MXN,excel_cso,Extraccion diaria de compras de gas natural para CCC Saltillo desde Consolidado CSO.xlsx.,Consolidado CSO.xlsx
05/07/2022,6bc2fbe4-3a34-4837-a3d8-8162e642ba3a,1a3dde4b-6f67-49db-ac6e-7578d0af0d95,9693a1d1-4b88-4d73-8138-b46b21e7a72c,5a3d193f-cb2b-40df-b401-d786b9e25ef8,CSO-2022-07-05,1,41000,0,0,MXN,excel_cso,Extraccion diaria de compras de gas natural para CCC Saltillo desde Consolidado CSO.xlsx.,Consolidado CSO.xlsx
05/08/2022,6bc2fbe4-3a34-4837-a3d8-8162e642ba3a,1a3dde4b-6f67-49db-ac6e-7578d0af0d95,9693a1d1-4b88-4d73-8138-b46b21e7a72c,5a3d193f-cb2b-40df-b401-d786b9e25ef8,CSO-2022-08-05,1,37000,0,0,MXN,excel_cso,Extraccion diaria de compras de gas natural para CCC Saltillo desde Consolidado CSO.xlsx.,Consolidado CSO.xlsx
05/09/2022,6bc2fbe4-3a34-4837-a3d8-8162e642ba3a,1a3dde4b-6f67-49db-ac6e-7578d0af0d95,9693a1d1-4b88-4d73-8138-b46b21e7a72c,5a3d193f-cb2b-40df-b401-d786b9e25ef8,CSO-2022-09-05,1,26000,0,0,MXN,excel_cso,Extraccion diaria de compras de gas natural para CCC Saltillo desde Consolidado CSO.xlsx.,Consolidado CSO.xlsx
05/10/2022,6bc2fbe4-3a34-4837-a3d8-8162e642ba3a,1a3dde4b-6f67-49db-ac6e-7578d0af0d95,9693a1d1-4b88-4d73-8138-b46b21e7a72c,5a3d193f-cb2b-40df-b401-d786b9e25ef8,CSO-2022-10-05,1,30000,0,0,MXN,excel_cso,Extraccion diaria de compras de gas natural para CCC Saltillo desde Consolidado CSO.xlsx.,Consolidado CSO.xlsx
05/11/2022,6bc2fbe4-3a34-4837-a3d8-8162e642ba3a,1a3dde4b-6f67-49db-ac6e-7578d0af0d95,9693a1d1-4b88-4d73-8138-b46b21e7a72c,5a3d193f-cb2b-40df-b401-d786b9e25ef8,CSO-2022-11-05,1,30000,0,0,MXN,excel_cso,Extraccion diaria de compras de gas natural para CCC Saltillo desde Consolidado CSO.xlsx.,Consolidado CSO.xlsx
05/12/2022,6bc2fbe4-3a34-4837-a3d8-8162e642ba3a,1a3dde4b-6f67-49db-ac6e-7578d0af0d95,9693a1d1-4b88-4d73-8138-b46b21e7a72c,5a3d193f-cb2b-40df-b401-d786b9e25ef8,CSO-2022-12-05,1,32000,0,0,MXN,excel_cso,Extraccion diaria de compras de gas natural para CCC Saltillo desde Consolidado CSO.xlsx.,Consolidado CSO.xlsx
06/01/2022,6bc2fbe4-3a34-4837-a3d8-8162e642ba3a,1a3dde4b-6f67-49db-ac6e-7578d0af0d95,9693a1d1-4b88-4d73-8138-b46b21e7a72c,5a3d193f-cb2b-40df-b401-d786b9e25ef8,CSO-2022-01-06,1,35000,0,0,MXN,excel_cso,Extraccion diaria de compras de gas natural para CCC Saltillo desde Consolidado CSO.xlsx.,Consolidado CSO.xlsx
06/02/2022,6bc2fbe4-3a34-4837-a3d8-8162e642ba3a,1a3dde4b-6f67-49db-ac6e-7578d0af0d95,9693a1d1-4b88-4d73-8138-b46b21e7a72c,5a3d193f-cb2b-40df-b401-d786b9e25ef8,CSO-2022-02-06,1,41000,0,0,MXN,excel_cso,Extraccion diaria de compras de gas natural para CCC Saltillo desde Consolidado CSO.xlsx.,Consolidado CSO.xlsx
06/03/2022,6bc2fbe4-3a34-4837-a3d8-8162e642ba3a,1a3dde4b-6f67-49db-ac6e-7578d0af0d95,9693a1d1-4b88-4d73-8138-b46b21e7a72c,5a3d193f-cb2b-40df-b401-d786b9e25ef8,CSO-2022-03-06,1,8000,0,0,MXN,excel_cso,Extraccion diaria de compras de gas natural para CCC Saltillo desde Consolidado CSO.xlsx.,Consolidado CSO.xlsx
06/04/2022,6bc2fbe4-3a34-4837-a3d8-8162e642ba3a,1a3dde4b-6f67-49db-ac6e-7578d0af0d95,9693a1d1-4b88-4d73-8138-b46b21e7a72c,5a3d193f-cb2b-40df-b401-d786b9e25ef8,CSO-2022-04-06,1,40000,0,0,MXN,excel_cso,Extraccion diaria de compras de gas natural para CCC Saltillo desde Consolidado CSO.xlsx.,Consolidado CSO.xlsx
06/05/2022,6bc2fbe4-3a34-4837-a3d8-8162e642ba3a,1a3dde4b-6f67-49db-ac6e-7578d0af0d95,9693a1d1-4b88-4d73-8138-b46b21e7a72c,5a3d193f-cb2b-40df-b401-d786b9e25ef8,CSO-2022-05-06,1,34000,0,0,MXN,excel_cso,Extraccion diaria de compras de gas natural para CCC Saltillo desde Consolidado CSO.xlsx.,Consolidado CSO.xlsx
06/06/2022,6bc2fbe4-3a34-4837-a3d8-8162e642ba3a,1a3dde4b-6f67-49db-ac6e-7578d0af0d95,9693a1d1-4b88-4d73-8138-b46b21e7a72c,5a3d193f-cb2b-40df-b401-d786b9e25ef8,CSO-2022-06-06,1,10000,0,0,MXN,excel_cso,Extraccion diaria de compras de gas natural para CCC Saltillo desde Consolidado CSO.xlsx.,Consolidado CSO.xlsx
06/07/2022,6bc2fbe4-3a34-4837-a3d8-8162e642ba3a,1a3dde4b-6f67-49db-ac6e-7578d0af0d95,9693a1d1-4b88-4d73-8138-b46b21e7a72c,5a3d193f-cb2b-40df-b401-d786b9e25ef8,CSO-2022-07-06,1,41500,0,0,MXN,excel_cso,Extraccion diaria de compras de gas natural para CCC Saltillo desde Consolidado CSO.xlsx.,Consolidado CSO.xlsx
06/08/2022,6bc2fbe4-3a34-4837-a3d8-8162e642ba3a,1a3dde4b-6f67-49db-ac6e-7578d0af0d95,9693a1d1-4b88-4d73-8138-b46b21e7a72c,5a3d193f-cb2b-40df-b401-d786b9e25ef8,CSO-2022-08-06,1,33000,0,0,MXN,excel_cso,Extraccion diaria de compras de gas natural para CCC Saltillo desde Consolidado CSO.xlsx.,Consolidado CSO.xlsx
06/09/2022,6bc2fbe4-3a34-4837-a3d8-8162e642ba3a,1a3dde4b-6f67-49db-ac6e-7578d0af0d95,9693a1d1-4b88-4d73-8138-b46b21e7a72c,5a3d193f-cb2b-40df-b401-d786b9e25ef8,CSO-2022-09-06,1,26000,0,0,MXN,excel_cso,Extraccion diaria de compras de gas natural para CCC Saltillo desde Consolidado CSO.xlsx.,Consolidado CSO.xlsx
06/10/2022,6bc2fbe4-3a34-4837-a3d8-8162e642ba3a,1a3dde4b-6f67-49db-ac6e-7578d0af0d95,9693a1d1-4b88-4d73-8138-b46b21e7a72c,5a3d193f-cb2b-40df-b401-d786b9e25ef8,CSO-2022-10-06,1,40000,0,0,MXN,excel_cso,Extraccion diaria de compras de gas natural para CCC Saltillo desde Consolidado CSO.xlsx.,Consolidado CSO.xlsx
06/11/2022,6bc2fbe4-3a34-4837-a3d8-8162e642ba3a,1a3dde4b-6f67-49db-ac6e-7578d0af0d95,9693a1d1-4b88-4d73-8138-b46b21e7a72c,5a3d193f-cb2b-40df-b401-d786b9e25ef8,CSO-2022-11-06,1,28000,0,0,MXN,excel_cso,Extraccion diaria de compras de gas natural para CCC Saltillo desde Consolidado CSO.xlsx.,Consolidado CSO.xlsx
06/12/2022,6bc2fbe4-3a34-4837-a3d8-8162e642ba3a,1a3dde4b-6f67-49db-ac6e-7578d0af0d95,9693a1d1-4b88-4d73-8138-b46b21e7a72c,5a3d193f-cb2b-40df-b401-d786b9e25ef8,CSO-2022-12-06,1,44000,0,0,MXN,excel_cso,Extraccion diaria de compras de gas natural para CCC Saltillo desde Consolidado CSO.xlsx.,Consolidado CSO.xlsx
07/01/2022,6bc2fbe4-3a34-4837-a3d8-8162e642ba3a,1a3dde4b-6f67-49db-ac6e-7578d0af0d95,9693a1d1-4b88-4d73-8138-b46b21e7a72c,5a3d193f-cb2b-40df-b401-d786b9e25ef8,CSO-2022-01-07,1,32000,0,0,MXN,excel_cso,Extraccion diaria de compras de gas natural para CCC Saltillo desde Consolidado CSO.xlsx.,Consolidado CSO.xlsx
07/02/2022,6bc2fbe4-3a34-4837-a3d8-8162e642ba3a,1a3dde4b-6f67-49db-ac6e-7578d0af0d95,9693a1d1-4b88-4d73-8138-b46b21e7a72c,5a3d193f-cb2b-40df-b401-d786b9e25ef8,CSO-2022-02-07,1,10000,0,0,MXN,excel_cso,Extraccion diaria de compras de gas natural para CCC Saltillo desde Consolidado CSO.xlsx.,Consolidado CSO.xlsx
07/03/2022,6bc2fbe4-3a34-4837-a3d8-8162e642ba3a,1a3dde4b-6f67-49db-ac6e-7578d0af0d95,9693a1d1-4b88-4d73-8138-b46b21e7a72c,5a3d193f-cb2b-40df-b401-d786b9e25ef8,CSO-2022-03-07,1,25000,0,0,MXN,excel_cso,Extraccion diaria de compras de gas natural para CCC Saltillo desde Consolidado CSO.xlsx.,Consolidado CSO.xlsx
07/04/2022,6bc2fbe4-3a34-4837-a3d8-8162e642ba3a,1a3dde4b-6f67-49db-ac6e-7578d0af0d95,9693a1d1-4b88-4d73-8138-b46b21e7a72c,5a3d193f-cb2b-40df-b401-d786b9e25ef8,CSO-2022-04-07,1,40000,0,0,MXN,excel_cso,Extraccion diaria de compras de gas natural para CCC Saltillo desde Consolidado CSO.xlsx.,Consolidado CSO.xlsx
07/05/2022,6bc2fbe4-3a34-4837-a3d8-8162e642ba3a,1a3dde4b-6f67-49db-ac6e-7578d0af0d95,9693a1d1-4b88-4d73-8138-b46b21e7a72c,5a3d193f-cb2b-40df-b401-d786b9e25ef8,CSO-2022-05-07,1,34000,0,0,MXN,excel_cso,Extraccion diaria de compras de gas natural para CCC Saltillo desde Consolidado CSO.xlsx.,Consolidado CSO.xlsx
07/06/2022,6bc2fbe4-3a34-4837-a3d8-8162e642ba3a,1a3dde4b-6f67-49db-ac6e-7578d0af0d95,9693a1d1-4b88-4d73-8138-b46b21e7a72c,5a3d193f-cb2b-40df-b401-d786b9e25ef8,CSO-2022-06-07,1,30000,0,0,MXN,excel_cso,Extraccion diaria de compras de gas natural para CCC Saltillo desde Consolidado CSO.xlsx.,Consolidado CSO.xlsx
07/07/2022,6bc2fbe4-3a34-4837-a3d8-8162e642ba3a,1a3dde4b-6f67-49db-ac6e-7578d0af0d95,9693a1d1-4b88-4d73-8138-b46b21e7a72c,5a3d193f-cb2b-40df-b401-d786b9e25ef8,CSO-2022-07-07,1,35000,0,0,MXN,excel_cso,Extraccion diaria de compras de gas natural para CCC Saltillo desde Consolidado CSO.xlsx.,Consolidado CSO.xlsx
07/08/2022,6bc2fbe4-3a34-4837-a3d8-8162e642ba3a,1a3dde4b-6f67-49db-ac6e-7578d0af0d95,9693a1d1-4b88-4d73-8138-b46b21e7a72c,5a3d193f-cb2b-40df-b401-d786b9e25ef8,CSO-2022-08-07,1,30000,0,0,MXN,excel_cso,Extraccion diaria de compras de gas natural para CCC Saltillo desde Consolidado CSO.xlsx.,Consolidado CSO.xlsx
07/09/2022,6bc2fbe4-3a34-4837-a3d8-8162e642ba3a,1a3dde4b-6f67-49db-ac6e-7578d0af0d95,9693a1d1-4b88-4d73-8138-b46b21e7a72c,5a3d193f-cb2b-40df-b401-d786b9e25ef8,CSO-2022-09-07,1,30000,0,0,MXN,excel_cso,Extraccion diaria de compras de gas natural para CCC Saltillo desde Consolidado CSO.xlsx.,Consolidado CSO.xlsx
07/10/2022,6bc2fbe4-3a34-4837-a3d8-8162e642ba3a,1a3dde4b-6f67-49db-ac6e-7578d0af0d95,9693a1d1-4b88-4d73-8138-b46b21e7a72c,5a3d193f-cb2b-40df-b401-d786b9e25ef8,CSO-2022-10-07,1,31000,0,0,MXN,excel_cso,Extraccion diaria de compras de gas natural para CCC Saltillo desde Consolidado CSO.xlsx.,Consolidado CSO.xlsx
07/11/2022,6bc2fbe4-3a34-4837-a3d8-8162e642ba3a,1a3dde4b-6f67-49db-ac6e-7578d0af0d95,9693a1d1-4b88-4d73-8138-b46b21e7a72c,5a3d193f-cb2b-40df-b401-d786b9e25ef8,CSO-2022-11-07,1,35485,0,0,MXN,excel_cso,Extraccion diaria de compras de gas natural para CCC Saltillo desde Consolidado CSO.xlsx.,Consolidado CSO.xlsx
07/12/2022,6bc2fbe4-3a34-4837-a3d8-8162e642ba3a,1a3dde4b-6f67-49db-ac6e-7578d0af0d95,9693a1d1-4b88-4d73-8138-b46b21e7a72c,5a3d193f-cb2b-40df-b401-d786b9e25ef8,CSO-2022-12-07,1,30000,0,0,MXN,excel_cso,Extraccion diaria de compras de gas natural para CCC Saltillo desde Consolidado CSO.xlsx.,Consolidado CSO.xlsx
08/01/2022,6bc2fbe4-3a34-4837-a3d8-8162e642ba3a,1a3dde4b-6f67-49db-ac6e-7578d0af0d95,9693a1d1-4b88-4d73-8138-b46b21e7a72c,5a3d193f-cb2b-40df-b401-d786b9e25ef8,CSO-2022-01-08,1,25000,0,0,MXN,excel_cso,Extraccion diaria de compras de gas natural para CCC Saltillo desde Consolidado CSO.xlsx.,Consolidado CSO.xlsx
08/02/2022,6bc2fbe4-3a34-4837-a3d8-8162e642ba3a,1a3dde4b-6f67-49db-ac6e-7578d0af0d95,9693a1d1-4b88-4d73-8138-b46b21e7a72c,5a3d193f-cb2b-40df-b401-d786b9e25ef8,CSO-2022-02-08,1,30000,0,0,MXN,excel_cso,Extraccion diaria de compras de gas natural para CCC Saltillo desde Consolidado CSO.xlsx.,Consolidado CSO.xlsx
08/03/2022,6bc2fbe4-3a34-4837-a3d8-8162e642ba3a,1a3dde4b-6f67-49db-ac6e-7578d0af0d95,9693a1d1-4b88-4d73-8138-b46b21e7a72c,5a3d193f-cb2b-40df-b401-d786b9e25ef8,CSO-2022-03-08,1,45142,0,0,MXN,excel_cso,Extraccion diaria de compras de gas natural para CCC Saltillo desde Consolidado CSO.xlsx.,Consolidado CSO.xlsx
08/04/2022,6bc2fbe4-3a34-4837-a3d8-8162e642ba3a,1a3dde4b-6f67-49db-ac6e-7578d0af0d95,9693a1d1-4b88-4d73-8138-b46b21e7a72c,5a3d193f-cb2b-40df-b401-d786b9e25ef8,CSO-2022-04-08,1,35000,0,0,MXN,excel_cso,Extraccion diaria de compras de gas natural para CCC Saltillo desde Consolidado CSO.xlsx.,Consolidado CSO.xlsx
08/05/2022,6bc2fbe4-3a34-4837-a3d8-8162e642ba3a,1a3dde4b-6f67-49db-ac6e-7578d0af0d95,9693a1d1-4b88-4d73-8138-b46b21e7a72c,5a3d193f-cb2b-40df-b401-d786b9e25ef8,CSO-2022-05-08,1,25000,0,0,MXN,excel_cso,Extraccion diaria de compras de gas natural para CCC Saltillo desde Consolidado CSO.xlsx.,Consolidado CSO.xlsx
08/06/2022,6bc2fbe4-3a34-4837-a3d8-8162e642ba3a,1a3dde4b-6f67-49db-ac6e-7578d0af0d95,9693a1d1-4b88-4d73-8138-b46b21e7a72c,5a3d193f-cb2b-40df-b401-d786b9e25ef8,CSO-2022-06-08,1,30000,0,0,MXN,excel_cso,Extraccion diaria de compras de gas natural para CCC Saltillo desde Consolidado CSO.xlsx.,Consolidado CSO.xlsx
08/07/2022,6bc2fbe4-3a34-4837-a3d8-8162e642ba3a,1a3dde4b-6f67-49db-ac6e-7578d0af0d95,9693a1d1-4b88-4d73-8138-b46b21e7a72c,5a3d193f-cb2b-40df-b401-d786b9e25ef8,CSO-2022-07-08,1,40682,0,0,MXN,excel_cso,Extraccion diaria de compras de gas natural para CCC Saltillo desde Consolidado CSO.xlsx.,Consolidado CSO.xlsx
08/08/2022,6bc2fbe4-3a34-4837-a3d8-8162e642ba3a,1a3dde4b-6f67-49db-ac6e-7578d0af0d95,9693a1d1-4b88-4d73-8138-b46b21e7a72c,5a3d193f-cb2b-40df-b401-d786b9e25ef8,CSO-2022-08-08,1,37000,0,0,MXN,excel_cso,Extraccion diaria de compras de gas natural para CCC Saltillo desde Consolidado CSO.xlsx.,Consolidado CSO.xlsx
08/09/2022,6bc2fbe4-3a34-4837-a3d8-8162e642ba3a,1a3dde4b-6f67-49db-ac6e-7578d0af0d95,9693a1d1-4b88-4d73-8138-b46b21e7a72c,5a3d193f-cb2b-40df-b401-d786b9e25ef8,CSO-2022-09-08,1,32000,0,0,MXN,excel_cso,Extraccion diaria de compras de gas natural para CCC Saltillo desde Consolidado CSO.xlsx.,Consolidado CSO.xlsx
08/10/2022,6bc2fbe4-3a34-4837-a3d8-8162e642ba3a,1a3dde4b-6f67-49db-ac6e-7578d0af0d95,9693a1d1-4b88-4d73-8138-b46b21e7a72c,5a3d193f-cb2b-40df-b401-d786b9e25ef8,CSO-2022-10-08,1,30000,0,0,MXN,excel_cso,Extraccion diaria de compras de gas natural para CCC Saltillo desde Consolidado CSO.xlsx.,Consolidado CSO.xlsx
08/11/2022,6bc2fbe4-3a34-4837-a3d8-8162e642ba3a,1a3dde4b-6f67-49db-ac6e-7578d0af0d95,9693a1d1-4b88-4d73-8138-b46b21e7a72c,5a3d193f-cb2b-40df-b401-d786b9e25ef8,CSO-2022-11-08,1,30000,0,0,MXN,excel_cso,Extraccion diaria de compras de gas natural para CCC Saltillo desde Consolidado CSO.xlsx.,Consolidado CSO.xlsx
08/12/2022,6bc2fbe4-3a34-4837-a3d8-8162e642ba3a,1a3dde4b-6f67-49db-ac6e-7578d0af0d95,9693a1d1-4b88-4d73-8138-b46b21e7a72c,5a3d193f-cb2b-40df-b401-d786b9e25ef8,CSO-2022-12-08,1,30000,0,0,MXN,excel_cso,Extraccion diaria de compras de gas natural para CCC Saltillo desde Consolidado CSO.xlsx.,Consolidado CSO.xlsx
09/01/2022,6bc2fbe4-3a34-4837-a3d8-8162e642ba3a,1a3dde4b-6f67-49db-ac6e-7578d0af0d95,9693a1d1-4b88-4d73-8138-b46b21e7a72c,5a3d193f-cb2b-40df-b401-d786b9e25ef8,CSO-2022-01-09,1,0,0,0,MXN,excel_cso,Extraccion diaria de compras de gas natural para CCC Saltillo desde Consolidado CSO.xlsx.,Consolidado CSO.xlsx
09/02/2022,6bc2fbe4-3a34-4837-a3d8-8162e642ba3a,1a3dde4b-6f67-49db-ac6e-7578d0af0d95,9693a1d1-4b88-4d73-8138-b46b21e7a72c,5a3d193f-cb2b-40df-b401-d786b9e25ef8,CSO-2022-02-09,1,35000,0,0,MXN,excel_cso,Extraccion diaria de compras de gas natural para CCC Saltillo desde Consolidado CSO.xlsx.,Consolidado CSO.xlsx
09/03/2022,6bc2fbe4-3a34-4837-a3d8-8162e642ba3a,1a3dde4b-6f67-49db-ac6e-7578d0af0d95,9693a1d1-4b88-4d73-8138-b46b21e7a72c,5a3d193f-cb2b-40df-b401-d786b9e25ef8,CSO-2022-03-09,1,40000,0,0,MXN,excel_cso,Extraccion diaria de compras de gas natural para CCC Saltillo desde Consolidado CSO.xlsx.,Consolidado CSO.xlsx
09/04/2022,6bc2fbe4-3a34-4837-a3d8-8162e642ba3a,1a3dde4b-6f67-49db-ac6e-7578d0af0d95,9693a1d1-4b88-4d73-8138-b46b21e7a72c,5a3d193f-cb2b-40df-b401-d786b9e25ef8,CSO-2022-04-09,1,25000,0,0,MXN,excel_cso,Extraccion diaria de compras de gas natural para CCC Saltillo desde Consolidado CSO.xlsx.,Consolidado CSO.xlsx
09/05/2022,6bc2fbe4-3a34-4837-a3d8-8162e642ba3a,1a3dde4b-6f67-49db-ac6e-7578d0af0d95,9693a1d1-4b88-4d73-8138-b46b21e7a72c,5a3d193f-cb2b-40df-b401-d786b9e25ef8,CSO-2022-05-09,1,34000,0,0,MXN,excel_cso,Extraccion diaria de compras de gas natural para CCC Saltillo desde Consolidado CSO.xlsx.,Consolidado CSO.xlsx
09/06/2022,6bc2fbe4-3a34-4837-a3d8-8162e642ba3a,1a3dde4b-6f67-49db-ac6e-7578d0af0d95,9693a1d1-4b88-4d73-8138-b46b21e7a72c,5a3d193f-cb2b-40df-b401-d786b9e25ef8,CSO-2022-06-09,1,44000,0,0,MXN,excel_cso,Extraccion diaria de compras de gas natural para CCC Saltillo desde Consolidado CSO.xlsx.,Consolidado CSO.xlsx
09/07/2022,6bc2fbe4-3a34-4837-a3d8-8162e642ba3a,1a3dde4b-6f67-49db-ac6e-7578d0af0d95,9693a1d1-4b88-4d73-8138-b46b21e7a72c,5a3d193f-cb2b-40df-b401-d786b9e25ef8,CSO-2022-07-09,1,35000,0,0,MXN,excel_cso,Extraccion diaria de compras de gas natural para CCC Saltillo desde Consolidado CSO.xlsx.,Consolidado CSO.xlsx
09/08/2022,6bc2fbe4-3a34-4837-a3d8-8162e642ba3a,1a3dde4b-6f67-49db-ac6e-7578d0af0d95,9693a1d1-4b88-4d73-8138-b46b21e7a72c,5a3d193f-cb2b-40df-b401-d786b9e25ef8,CSO-2022-08-09,1,37000,0,0,MXN,excel_cso,Extraccion diaria de compras de gas natural para CCC Saltillo desde Consolidado CSO.xlsx.,Consolidado CSO.xlsx
09/09/2022,6bc2fbe4-3a34-4837-a3d8-8162e642ba3a,1a3dde4b-6f67-49db-ac6e-7578d0af0d95,9693a1d1-4b88-4d73-8138-b46b21e7a72c,5a3d193f-cb2b-40df-b401-d786b9e25ef8,CSO-2022-09-09,1,30000,0,0,MXN,excel_cso,Extraccion diaria de compras de gas natural para CCC Saltillo desde Consolidado CSO.xlsx.,Consolidado CSO.xlsx
09/10/2022,6bc2fbe4-3a34-4837-a3d8-8162e642ba3a,1a3dde4b-6f67-49db-ac6e-7578d0af0d95,9693a1d1-4b88-4d73-8138-b46b21e7a72c,5a3d193f-cb2b-40df-b401-d786b9e25ef8,CSO-2022-10-09,1,23000,0,0,MXN,excel_cso,Extraccion diaria de compras de gas natural para CCC Saltillo desde Consolidado CSO.xlsx.,Consolidado CSO.xlsx
09/11/2022,6bc2fbe4-3a34-4837-a3d8-8162e642ba3a,1a3dde4b-6f67-49db-ac6e-7578d0af0d95,9693a1d1-4b88-4d73-8138-b46b21e7a72c,5a3d193f-cb2b-40df-b401-d786b9e25ef8,CSO-2022-11-09,1,44999,0,0,MXN,excel_cso,Extraccion diaria de compras de gas natural para CCC Saltillo desde Consolidado CSO.xlsx.,Consolidado CSO.xlsx
09/12/2022,6bc2fbe4-3a34-4837-a3d8-8162e642ba3a,1a3dde4b-6f67-49db-ac6e-7578d0af0d95,9693a1d1-4b88-4d73-8138-b46b21e7a72c,5a3d193f-cb2b-40df-b401-d786b9e25ef8,CSO-2022-12-09,1,30000,0,0,MXN,excel_cso,Extraccion diaria de compras de gas natural para CCC Saltillo desde Consolidado CSO.xlsx.,Consolidado CSO.xlsx
10/01/2022,6bc2fbe4-3a34-4837-a3d8-8162e642ba3a,1a3dde4b-6f67-49db-ac6e-7578d0af0d95,9693a1d1-4b88-4d73-8138-b46b21e7a72c,5a3d193f-cb2b-40df-b401-d786b9e25ef8,CSO-2022-01-10,1,27000,0,0,MXN,excel_cso,Extraccion diaria de compras de gas natural para CCC Saltillo desde Consolidado CSO.xlsx.,Consolidado CSO.xlsx
10/02/2022,6bc2fbe4-3a34-4837-a3d8-8162e642ba3a,1a3dde4b-6f67-49db-ac6e-7578d0af0d95,9693a1d1-4b88-4d73-8138-b46b21e7a72c,5a3d193f-cb2b-40df-b401-d786b9e25ef8,CSO-2022-02-10,1,28000,0,0,MXN,excel_cso,Extraccion diaria de compras de gas natural para CCC Saltillo desde Consolidado CSO.xlsx.,Consolidado CSO.xlsx
10/03/2022,6bc2fbe4-3a34-4837-a3d8-8162e642ba3a,1a3dde4b-6f67-49db-ac6e-7578d0af0d95,9693a1d1-4b88-4d73-8138-b46b21e7a72c,5a3d193f-cb2b-40df-b401-d786b9e25ef8,CSO-2022-03-10,1,41000,0,0,MXN,excel_cso,Extraccion diaria de compras de gas natural para CCC Saltillo desde Consolidado CSO.xlsx.,Consolidado CSO.xlsx
10/04/2022,6bc2fbe4-3a34-4837-a3d8-8162e642ba3a,1a3dde4b-6f67-49db-ac6e-7578d0af0d95,9693a1d1-4b88-4d73-8138-b46b21e7a72c,5a3d193f-cb2b-40df-b401-d786b9e25ef8,CSO-2022-04-10,1,15000,0,0,MXN,excel_cso,Extraccion diaria de compras de gas natural para CCC Saltillo desde Consolidado CSO.xlsx.,Consolidado CSO.xlsx
10/05/2022,6bc2fbe4-3a34-4837-a3d8-8162e642ba3a,1a3dde4b-6f67-49db-ac6e-7578d0af0d95,9693a1d1-4b88-4d73-8138-b46b21e7a72c,5a3d193f-cb2b-40df-b401-d786b9e25ef8,CSO-2022-05-10,1,35000,0,0,MXN,excel_cso,Extraccion diaria de compras de gas natural para CCC Saltillo desde Consolidado CSO.xlsx.,Consolidado CSO.xlsx
10/06/2022,6bc2fbe4-3a34-4837-a3d8-8162e642ba3a,1a3dde4b-6f67-49db-ac6e-7578d0af0d95,9693a1d1-4b88-4d73-8138-b46b21e7a72c,5a3d193f-cb2b-40df-b401-d786b9e25ef8,CSO-2022-06-10,1,37000,0,0,MXN,excel_cso,Extraccion diaria de compras de gas natural para CCC Saltillo desde Consolidado CSO.xlsx.,Consolidado CSO.xlsx
10/07/2022,6bc2fbe4-3a34-4837-a3d8-8162e642ba3a,1a3dde4b-6f67-49db-ac6e-7578d0af0d95,9693a1d1-4b88-4d73-8138-b46b21e7a72c,5a3d193f-cb2b-40df-b401-d786b9e25ef8,CSO-2022-07-10,1,15000,0,0,MXN,excel_cso,Extraccion diaria de compras de gas natural para CCC Saltillo desde Consolidado CSO.xlsx.,Consolidado CSO.xlsx
10/08/2022,6bc2fbe4-3a34-4837-a3d8-8162e642ba3a,1a3dde4b-6f67-49db-ac6e-7578d0af0d95,9693a1d1-4b88-4d73-8138-b46b21e7a72c,5a3d193f-cb2b-40df-b401-d786b9e25ef8,CSO-2022-08-10,1,37000,0,0,MXN,excel_cso,Extraccion diaria de compras de gas natural para CCC Saltillo desde Consolidado CSO.xlsx.,Consolidado CSO.xlsx
10/09/2022,6bc2fbe4-3a34-4837-a3d8-8162e642ba3a,1a3dde4b-6f67-49db-ac6e-7578d0af0d95,9693a1d1-4b88-4d73-8138-b46b21e7a72c,5a3d193f-cb2b-40df-b401-d786b9e25ef8,CSO-2022-09-10,1,40000,0,0,MXN,excel_cso,Extraccion diaria de compras de gas natural para CCC Saltillo desde Consolidado CSO.xlsx.,Consolidado CSO.xlsx
10/10/2022,6bc2fbe4-3a34-4837-a3d8-8162e642ba3a,1a3dde4b-6f67-49db-ac6e-7578d0af0d95,9693a1d1-4b88-4d73-8138-b46b21e7a72c,5a3d193f-cb2b-40df-b401-d786b9e25ef8,CSO-2022-10-10,1,16000,0,0,MXN,excel_cso,Extraccion diaria de compras de gas natural para CCC Saltillo desde Consolidado CSO.xlsx.,Consolidado CSO.xlsx
10/11/2022,6bc2fbe4-3a34-4837-a3d8-8162e642ba3a,1a3dde4b-6f67-49db-ac6e-7578d0af0d95,9693a1d1-4b88-4d73-8138-b46b21e7a72c,5a3d193f-cb2b-40df-b401-d786b9e25ef8,CSO-2022-11-10,1,30000,0,0,MXN,excel_cso,Extraccion diaria de compras de gas natural para CCC Saltillo desde Consolidado CSO.xlsx.,Consolidado CSO.xlsx
10/12/2022,6bc2fbe4-3a34-4837-a3d8-8162e642ba3a,1a3dde4b-6f67-49db-ac6e-7578d0af0d95,9693a1d1-4b88-4d73-8138-b46b21e7a72c,5a3d193f-cb2b-40df-b401-d786b9e25ef8,CSO-2022-12-10,1,5000,0,0,MXN,excel_cso,Extraccion diaria de compras de gas natural para CCC Saltillo desde Consolidado CSO.xlsx.,Consolidado CSO.xlsx
11/01/2022,6bc2fbe4-3a34-4837-a3d8-8162e642ba3a,1a3dde4b-6f67-49db-ac6e-7578d0af0d95,9693a1d1-4b88-4d73-8138-b46b21e7a72c,5a3d193f-cb2b-40df-b401-d786b9e25ef8,CSO-2022-01-11,1,17000,0,0,MXN,excel_cso,Extraccion diaria de compras de gas natural para CCC Saltillo desde Consolidado CSO.xlsx.,Consolidado CSO.xlsx
11/02/2022,6bc2fbe4-3a34-4837-a3d8-8162e642ba3a,1a3dde4b-6f67-49db-ac6e-7578d0af0d95,9693a1d1-4b88-4d73-8138-b46b21e7a72c,5a3d193f-cb2b-40df-b401-d786b9e25ef8,CSO-2022-02-11,1,28000,0,0,MXN,excel_cso,Extraccion diaria de compras de gas natural para CCC Saltillo desde Consolidado CSO.xlsx.,Consolidado CSO.xlsx
11/03/2022,6bc2fbe4-3a34-4837-a3d8-8162e642ba3a,1a3dde4b-6f67-49db-ac6e-7578d0af0d95,9693a1d1-4b88-4d73-8138-b46b21e7a72c,5a3d193f-cb2b-40df-b401-d786b9e25ef8,CSO-2022-03-11,1,40000,0,0,MXN,excel_cso,Extraccion diaria de compras de gas natural para CCC Saltillo desde Consolidado CSO.xlsx.,Consolidado CSO.xlsx
11/04/2022,6bc2fbe4-3a34-4837-a3d8-8162e642ba3a,1a3dde4b-6f67-49db-ac6e-7578d0af0d95,9693a1d1-4b88-4d73-8138-b46b21e7a72c,5a3d193f-cb2b-40df-b401-d786b9e25ef8,CSO-2022-04-11,1,35000,0,0,MXN,excel_cso,Extraccion diaria de compras de gas natural para CCC Saltillo desde Consolidado CSO.xlsx.,Consolidado CSO.xlsx
11/05/2022,6bc2fbe4-3a34-4837-a3d8-8162e642ba3a,1a3dde4b-6f67-49db-ac6e-7578d0af0d95,9693a1d1-4b88-4d73-8138-b46b21e7a72c,5a3d193f-cb2b-40df-b401-d786b9e25ef8,CSO-2022-05-11,1,35000,0,0,MXN,excel_cso,Extraccion diaria de compras de gas natural para CCC Saltillo desde Consolidado CSO.xlsx.,Consolidado CSO.xlsx
11/06/2022,6bc2fbe4-3a34-4837-a3d8-8162e642ba3a,1a3dde4b-6f67-49db-ac6e-7578d0af0d95,9693a1d1-4b88-4d73-8138-b46b21e7a72c,5a3d193f-cb2b-40df-b401-d786b9e25ef8,CSO-2022-06-11,1,37000,0,0,MXN,excel_cso,Extraccion diaria de compras de gas natural para CCC Saltillo desde Consolidado CSO.xlsx.,Consolidado CSO.xlsx
11/07/2022,6bc2fbe4-3a34-4837-a3d8-8162e642ba3a,1a3dde4b-6f67-49db-ac6e-7578d0af0d95,9693a1d1-4b88-4d73-8138-b46b21e7a72c,5a3d193f-cb2b-40df-b401-d786b9e25ef8,CSO-2022-07-11,1,43000,0,0,MXN,excel_cso,Extraccion diaria de compras de gas natural para CCC Saltillo desde Consolidado CSO.xlsx.,Consolidado CSO.xlsx
11/08/2022,6bc2fbe4-3a34-4837-a3d8-8162e642ba3a,1a3dde4b-6f67-49db-ac6e-7578d0af0d95,9693a1d1-4b88-4d73-8138-b46b21e7a72c,5a3d193f-cb2b-40df-b401-d786b9e25ef8,CSO-2022-08-11,1,18000,0,0,MXN,excel_cso,Extraccion diaria de compras de gas natural para CCC Saltillo desde Consolidado CSO.xlsx.,Consolidado CSO.xlsx
11/09/2022,6bc2fbe4-3a34-4837-a3d8-8162e642ba3a,1a3dde4b-6f67-49db-ac6e-7578d0af0d95,9693a1d1-4b88-4d73-8138-b46b21e7a72c,5a3d193f-cb2b-40df-b401-d786b9e25ef8,CSO-2022-09-11,1,30000,0,0,MXN,excel_cso,Extraccion diaria de compras de gas natural para CCC Saltillo desde Consolidado CSO.xlsx.,Consolidado CSO.xlsx
11/10/2022,6bc2fbe4-3a34-4837-a3d8-8162e642ba3a,1a3dde4b-6f67-49db-ac6e-7578d0af0d95,9693a1d1-4b88-4d73-8138-b46b21e7a72c,5a3d193f-cb2b-40df-b401-d786b9e25ef8,CSO-2022-10-11,1,16000,0,0,MXN,excel_cso,Extraccion diaria de compras de gas natural para CCC Saltillo desde Consolidado CSO.xlsx.,Consolidado CSO.xlsx
11/11/2022,6bc2fbe4-3a34-4837-a3d8-8162e642ba3a,1a3dde4b-6f67-49db-ac6e-7578d0af0d95,9693a1d1-4b88-4d73-8138-b46b21e7a72c,5a3d193f-cb2b-40df-b401-d786b9e25ef8,CSO-2022-11-11,1,30000,0,0,MXN,excel_cso,Extraccion diaria de compras de gas natural para CCC Saltillo desde Consolidado CSO.xlsx.,Consolidado CSO.xlsx
11/12/2022,6bc2fbe4-3a34-4837-a3d8-8162e642ba3a,1a3dde4b-6f67-49db-ac6e-7578d0af0d95,9693a1d1-4b88-4d73-8138-b46b21e7a72c,5a3d193f-cb2b-40df-b401-d786b9e25ef8,CSO-2022-12-11,1,10000,0,0,MXN,excel_cso,Extraccion diaria de compras de gas natural para CCC Saltillo desde Consolidado CSO.xlsx.,Consolidado CSO.xlsx
12/01/2022,6bc2fbe4-3a34-4837-a3d8-8162e642ba3a,1a3dde4b-6f67-49db-ac6e-7578d0af0d95,9693a1d1-4b88-4d73-8138-b46b21e7a72c,5a3d193f-cb2b-40df-b401-d786b9e25ef8,CSO-2022-01-12,1,34000,0,0,MXN,excel_cso,Extraccion diaria de compras de gas natural para CCC Saltillo desde Consolidado CSO.xlsx.,Consolidado CSO.xlsx
12/02/2022,6bc2fbe4-3a34-4837-a3d8-8162e642ba3a,1a3dde4b-6f67-49db-ac6e-7578d0af0d95,9693a1d1-4b88-4d73-8138-b46b21e7a72c,5a3d193f-cb2b-40df-b401-d786b9e25ef8,CSO-2022-02-12,1,2000,0,0,MXN,excel_cso,Extraccion diaria de compras de gas natural para CCC Saltillo desde Consolidado CSO.xlsx.,Consolidado CSO.xlsx
12/03/2022,6bc2fbe4-3a34-4837-a3d8-8162e642ba3a,1a3dde4b-6f67-49db-ac6e-7578d0af0d95,9693a1d1-4b88-4d73-8138-b46b21e7a72c,5a3d193f-cb2b-40df-b401-d786b9e25ef8,CSO-2022-03-12,1,33000,0,0,MXN,excel_cso,Extraccion diaria de compras de gas natural para CCC Saltillo desde Consolidado CSO.xlsx.,Consolidado CSO.xlsx
12/04/2022,6bc2fbe4-3a34-4837-a3d8-8162e642ba3a,1a3dde4b-6f67-49db-ac6e-7578d0af0d95,9693a1d1-4b88-4d73-8138-b46b21e7a72c,5a3d193f-cb2b-40df-b401-d786b9e25ef8,CSO-2022-04-12,1,35000,0,0,MXN,excel_cso,Extraccion diaria de compras de gas natural para CCC Saltillo desde Consolidado CSO.xlsx.,Consolidado CSO.xlsx
12/05/2022,6bc2fbe4-3a34-4837-a3d8-8162e642ba3a,1a3dde4b-6f67-49db-ac6e-7578d0af0d95,9693a1d1-4b88-4d73-8138-b46b21e7a72c,5a3d193f-cb2b-40df-b401-d786b9e25ef8,CSO-2022-05-12,1,35000,0,0,MXN,excel_cso,Extraccion diaria de compras de gas natural para CCC Saltillo desde Consolidado CSO.xlsx.,Consolidado CSO.xlsx
12/06/2022,6bc2fbe4-3a34-4837-a3d8-8162e642ba3a,1a3dde4b-6f67-49db-ac6e-7578d0af0d95,9693a1d1-4b88-4d73-8138-b46b21e7a72c,5a3d193f-cb2b-40df-b401-d786b9e25ef8,CSO-2022-06-12,1,30000,0,0,MXN,excel_cso,Extraccion diaria de compras de gas natural para CCC Saltillo desde Consolidado CSO.xlsx.,Consolidado CSO.xlsx
12/07/2022,6bc2fbe4-3a34-4837-a3d8-8162e642ba3a,1a3dde4b-6f67-49db-ac6e-7578d0af0d95,9693a1d1-4b88-4d73-8138-b46b21e7a72c,5a3d193f-cb2b-40df-b401-d786b9e25ef8,CSO-2022-07-12,1,45000,0,0,MXN,excel_cso,Extraccion diaria de compras de gas natural para CCC Saltillo desde Consolidado CSO.xlsx.,Consolidado CSO.xlsx
12/08/2022,6bc2fbe4-3a34-4837-a3d8-8162e642ba3a,1a3dde4b-6f67-49db-ac6e-7578d0af0d95,9693a1d1-4b88-4d73-8138-b46b21e7a72c,5a3d193f-cb2b-40df-b401-d786b9e25ef8,CSO-2022-08-12,1,33000,0,0,MXN,excel_cso,Extraccion diaria de compras de gas natural para CCC Saltillo desde Consolidado CSO.xlsx.,Consolidado CSO.xlsx
12/09/2022,6bc2fbe4-3a34-4837-a3d8-8162e642ba3a,1a3dde4b-6f67-49db-ac6e-7578d0af0d95,9693a1d1-4b88-4d73-8138-b46b21e7a72c,5a3d193f-cb2b-40df-b401-d786b9e25ef8,CSO-2022-09-12,1,30000,0,0,MXN,excel_cso,Extraccion diaria de compras de gas natural para CCC Saltillo desde Consolidado CSO.xlsx.,Consolidado CSO.xlsx
12/10/2022,6bc2fbe4-3a34-4837-a3d8-8162e642ba3a,1a3dde4b-6f67-49db-ac6e-7578d0af0d95,9693a1d1-4b88-4d73-8138-b46b21e7a72c,5a3d193f-cb2b-40df-b401-d786b9e25ef8,CSO-2022-10-12,1,20000,0,0,MXN,excel_cso,Extraccion diaria de compras de gas natural para CCC Saltillo desde Consolidado CSO.xlsx.,Consolidado CSO.xlsx
12/11/2022,6bc2fbe4-3a34-4837-a3d8-8162e642ba3a,1a3dde4b-6f67-49db-ac6e-7578d0af0d95,9693a1d1-4b88-4d73-8138-b46b21e7a72c,5a3d193f-cb2b-40df-b401-d786b9e25ef8,CSO-2022-11-12,1,30000,0,0,MXN,excel_cso,Extraccion diaria de compras de gas natural para CCC Saltillo desde Consolidado CSO.xlsx.,Consolidado CSO.xlsx
12/12/2022,6bc2fbe4-3a34-4837-a3d8-8162e642ba3a,1a3dde4b-6f67-49db-ac6e-7578d0af0d95,9693a1d1-4b88-4d73-8138-b46b21e7a72c,5a3d193f-cb2b-40df-b401-d786b9e25ef8,CSO-2022-12-12,1,30000,0,0,MXN,excel_cso,Extraccion diaria de compras de gas natural para CCC Saltillo desde Consolidado CSO.xlsx.,Consolidado CSO.xlsx
13/01/2022,6bc2fbe4-3a34-4837-a3d8-8162e642ba3a,1a3dde4b-6f67-49db-ac6e-7578d0af0d95,9693a1d1-4b88-4d73-8138-b46b21e7a72c,5a3d193f-cb2b-40df-b401-d786b9e25ef8,CSO-2022-01-13,1,27000,0,0,MXN,excel_cso,Extraccion diaria de compras de gas natural para CCC Saltillo desde Consolidado CSO.xlsx.,Consolidado CSO.xlsx
13/02/2022,6bc2fbe4-3a34-4837-a3d8-8162e642ba3a,1a3dde4b-6f67-49db-ac6e-7578d0af0d95,9693a1d1-4b88-4d73-8138-b46b21e7a72c,5a3d193f-cb2b-40df-b401-d786b9e25ef8,CSO-2022-02-13,1,10000,0,0,MXN,excel_cso,Extraccion diaria de compras de gas natural para CCC Saltillo desde Consolidado CSO.xlsx.,Consolidado CSO.xlsx
13/03/2022,6bc2fbe4-3a34-4837-a3d8-8162e642ba3a,1a3dde4b-6f67-49db-ac6e-7578d0af0d95,9693a1d1-4b88-4d73-8138-b46b21e7a72c,5a3d193f-cb2b-40df-b401-d786b9e25ef8,CSO-2022-03-13,1,35000,0,0,MXN,excel_cso,Extraccion diaria de compras de gas natural para CCC Saltillo desde Consolidado CSO.xlsx.,Consolidado CSO.xlsx
13/04/2022,6bc2fbe4-3a34-4837-a3d8-8162e642ba3a,1a3dde4b-6f67-49db-ac6e-7578d0af0d95,9693a1d1-4b88-4d73-8138-b46b21e7a72c,5a3d193f-cb2b-40df-b401-d786b9e25ef8,CSO-2022-04-13,1,0,0,0,MXN,excel_cso,Extraccion diaria de compras de gas natural para CCC Saltillo desde Consolidado CSO.xlsx.,Consolidado CSO.xlsx
13/05/2022,6bc2fbe4-3a34-4837-a3d8-8162e642ba3a,1a3dde4b-6f67-49db-ac6e-7578d0af0d95,9693a1d1-4b88-4d73-8138-b46b21e7a72c,5a3d193f-cb2b-40df-b401-d786b9e25ef8,CSO-2022-05-13,1,41500,0,0,MXN,excel_cso,Extraccion diaria de compras de gas natural para CCC Saltillo desde Consolidado CSO.xlsx.,Consolidado CSO.xlsx
13/06/2022,6bc2fbe4-3a34-4837-a3d8-8162e642ba3a,1a3dde4b-6f67-49db-ac6e-7578d0af0d95,9693a1d1-4b88-4d73-8138-b46b21e7a72c,5a3d193f-cb2b-40df-b401-d786b9e25ef8,CSO-2022-06-13,1,38000,0,0,MXN,excel_cso,Extraccion diaria de compras de gas natural para CCC Saltillo desde Consolidado CSO.xlsx.,Consolidado CSO.xlsx
13/07/2022,6bc2fbe4-3a34-4837-a3d8-8162e642ba3a,1a3dde4b-6f67-49db-ac6e-7578d0af0d95,9693a1d1-4b88-4d73-8138-b46b21e7a72c,5a3d193f-cb2b-40df-b401-d786b9e25ef8,CSO-2022-07-13,1,48000,0,0,MXN,excel_cso,Extraccion diaria de compras de gas natural para CCC Saltillo desde Consolidado CSO.xlsx.,Consolidado CSO.xlsx
13/08/2022,6bc2fbe4-3a34-4837-a3d8-8162e642ba3a,1a3dde4b-6f67-49db-ac6e-7578d0af0d95,9693a1d1-4b88-4d73-8138-b46b21e7a72c,5a3d193f-cb2b-40df-b401-d786b9e25ef8,CSO-2022-08-13,1,33000,0,0,MXN,excel_cso,Extraccion diaria de compras de gas natural para CCC Saltillo desde Consolidado CSO.xlsx.,Consolidado CSO.xlsx
13/09/2022,6bc2fbe4-3a34-4837-a3d8-8162e642ba3a,1a3dde4b-6f67-49db-ac6e-7578d0af0d95,9693a1d1-4b88-4d73-8138-b46b21e7a72c,5a3d193f-cb2b-40df-b401-d786b9e25ef8,CSO-2022-09-13,1,40000,0,0,MXN,excel_cso,Extraccion diaria de compras de gas natural para CCC Saltillo desde Consolidado CSO.xlsx.,Consolidado CSO.xlsx
13/10/2022,6bc2fbe4-3a34-4837-a3d8-8162e642ba3a,1a3dde4b-6f67-49db-ac6e-7578d0af0d95,9693a1d1-4b88-4d73-8138-b46b21e7a72c,5a3d193f-cb2b-40df-b401-d786b9e25ef8,CSO-2022-10-13,1,22000,0,0,MXN,excel_cso,Extraccion diaria de compras de gas natural para CCC Saltillo desde Consolidado CSO.xlsx.,Consolidado CSO.xlsx
13/11/2022,6bc2fbe4-3a34-4837-a3d8-8162e642ba3a,1a3dde4b-6f67-49db-ac6e-7578d0af0d95,9693a1d1-4b88-4d73-8138-b46b21e7a72c,5a3d193f-cb2b-40df-b401-d786b9e25ef8,CSO-2022-11-13,1,43000,0,0,MXN,excel_cso,Extraccion diaria de compras de gas natural para CCC Saltillo desde Consolidado CSO.xlsx.,Consolidado CSO.xlsx
13/12/2022,6bc2fbe4-3a34-4837-a3d8-8162e642ba3a,1a3dde4b-6f67-49db-ac6e-7578d0af0d95,9693a1d1-4b88-4d73-8138-b46b21e7a72c,5a3d193f-cb2b-40df-b401-d786b9e25ef8,CSO-2022-12-13,1,28000,0,0,MXN,excel_cso,Extraccion diaria de compras de gas natural para CCC Saltillo desde Consolidado CSO.xlsx.,Consolidado CSO.xlsx
14/01/2022,6bc2fbe4-3a34-4837-a3d8-8162e642ba3a,1a3dde4b-6f67-49db-ac6e-7578d0af0d95,9693a1d1-4b88-4d73-8138-b46b21e7a72c,5a3d193f-cb2b-40df-b401-d786b9e25ef8,CSO-2022-01-14,1,41000,0,0,MXN,excel_cso,Extraccion diaria de compras de gas natural para CCC Saltillo desde Consolidado CSO.xlsx.,Consolidado CSO.xlsx
14/02/2022,6bc2fbe4-3a34-4837-a3d8-8162e642ba3a,1a3dde4b-6f67-49db-ac6e-7578d0af0d95,9693a1d1-4b88-4d73-8138-b46b21e7a72c,5a3d193f-cb2b-40df-b401-d786b9e25ef8,CSO-2022-02-14,1,5000,0,0,MXN,excel_cso,Extraccion diaria de compras de gas natural para CCC Saltillo desde Consolidado CSO.xlsx.,Consolidado CSO.xlsx
14/03/2022,6bc2fbe4-3a34-4837-a3d8-8162e642ba3a,1a3dde4b-6f67-49db-ac6e-7578d0af0d95,9693a1d1-4b88-4d73-8138-b46b21e7a72c,5a3d193f-cb2b-40df-b401-d786b9e25ef8,CSO-2022-03-14,1,30000,0,0,MXN,excel_cso,Extraccion diaria de compras de gas natural para CCC Saltillo desde Consolidado CSO.xlsx.,Consolidado CSO.xlsx
14/04/2022,6bc2fbe4-3a34-4837-a3d8-8162e642ba3a,1a3dde4b-6f67-49db-ac6e-7578d0af0d95,9693a1d1-4b88-4d73-8138-b46b21e7a72c,5a3d193f-cb2b-40df-b401-d786b9e25ef8,CSO-2022-04-14,1,20000,0,0,MXN,excel_cso,Extraccion diaria de compras de gas natural para CCC Saltillo desde Consolidado CSO.xlsx.,Consolidado CSO.xlsx
14/05/2022,6bc2fbe4-3a34-4837-a3d8-8162e642ba3a,1a3dde4b-6f67-49db-ac6e-7578d0af0d95,9693a1d1-4b88-4d73-8138-b46b21e7a72c,5a3d193f-cb2b-40df-b401-d786b9e25ef8,CSO-2022-05-14,1,33000,0,0,MXN,excel_cso,Extraccion diaria de compras de gas natural para CCC Saltillo desde Consolidado CSO.xlsx.,Consolidado CSO.xlsx
14/06/2022,6bc2fbe4-3a34-4837-a3d8-8162e642ba3a,1a3dde4b-6f67-49db-ac6e-7578d0af0d95,9693a1d1-4b88-4d73-8138-b46b21e7a72c,5a3d193f-cb2b-40df-b401-d786b9e25ef8,CSO-2022-06-14,1,37000,0,0,MXN,excel_cso,Extraccion diaria de compras de gas natural para CCC Saltillo desde Consolidado CSO.xlsx.,Consolidado CSO.xlsx
14/07/2022,6bc2fbe4-3a34-4837-a3d8-8162e642ba3a,1a3dde4b-6f67-49db-ac6e-7578d0af0d95,9693a1d1-4b88-4d73-8138-b46b21e7a72c,5a3d193f-cb2b-40df-b401-d786b9e25ef8,CSO-2022-07-14,1,49000,0,0,MXN,excel_cso,Extraccion diaria de compras de gas natural para CCC Saltillo desde Consolidado CSO.xlsx.,Consolidado CSO.xlsx
14/08/2022,6bc2fbe4-3a34-4837-a3d8-8162e642ba3a,1a3dde4b-6f67-49db-ac6e-7578d0af0d95,9693a1d1-4b88-4d73-8138-b46b21e7a72c,5a3d193f-cb2b-40df-b401-d786b9e25ef8,CSO-2022-08-14,1,33000,0,0,MXN,excel_cso,Extraccion diaria de compras de gas natural para CCC Saltillo desde Consolidado CSO.xlsx.,Consolidado CSO.xlsx
14/09/2022,6bc2fbe4-3a34-4837-a3d8-8162e642ba3a,1a3dde4b-6f67-49db-ac6e-7578d0af0d95,9693a1d1-4b88-4d73-8138-b46b21e7a72c,5a3d193f-cb2b-40df-b401-d786b9e25ef8,CSO-2022-09-14,1,30000,0,0,MXN,excel_cso,Extraccion diaria de compras de gas natural para CCC Saltillo desde Consolidado CSO.xlsx.,Consolidado CSO.xlsx
14/10/2022,6bc2fbe4-3a34-4837-a3d8-8162e642ba3a,1a3dde4b-6f67-49db-ac6e-7578d0af0d95,9693a1d1-4b88-4d73-8138-b46b21e7a72c,5a3d193f-cb2b-40df-b401-d786b9e25ef8,CSO-2022-10-14,1,35000,0,0,MXN,excel_cso,Extraccion diaria de compras de gas natural para CCC Saltillo desde Consolidado CSO.xlsx.,Consolidado CSO.xlsx
14/11/2022,6bc2fbe4-3a34-4837-a3d8-8162e642ba3a,1a3dde4b-6f67-49db-ac6e-7578d0af0d95,9693a1d1-4b88-4d73-8138-b46b21e7a72c,5a3d193f-cb2b-40df-b401-d786b9e25ef8,CSO-2022-11-14,1,30000,0,0,MXN,excel_cso,Extraccion diaria de compras de gas natural para CCC Saltillo desde Consolidado CSO.xlsx.,Consolidado CSO.xlsx
14/12/2022,6bc2fbe4-3a34-4837-a3d8-8162e642ba3a,1a3dde4b-6f67-49db-ac6e-7578d0af0d95,9693a1d1-4b88-4d73-8138-b46b21e7a72c,5a3d193f-cb2b-40df-b401-d786b9e25ef8,CSO-2022-12-14,1,30000,0,0,MXN,excel_cso,Extraccion diaria de compras de gas natural para CCC Saltillo desde Consolidado CSO.xlsx.,Consolidado CSO.xlsx
15/01/2022,6bc2fbe4-3a34-4837-a3d8-8162e642ba3a,1a3dde4b-6f67-49db-ac6e-7578d0af0d95,9693a1d1-4b88-4d73-8138-b46b21e7a72c,5a3d193f-cb2b-40df-b401-d786b9e25ef8,CSO-2022-01-15,1,40000,0,0,MXN,excel_cso,Extraccion diaria de compras de gas natural para CCC Saltillo desde Consolidado CSO.xlsx.,Consolidado CSO.xlsx
15/02/2022,6bc2fbe4-3a34-4837-a3d8-8162e642ba3a,1a3dde4b-6f67-49db-ac6e-7578d0af0d95,9693a1d1-4b88-4d73-8138-b46b21e7a72c,5a3d193f-cb2b-40df-b401-d786b9e25ef8,CSO-2022-02-15,1,2000,0,0,MXN,excel_cso,Extraccion diaria de compras de gas natural para CCC Saltillo desde Consolidado CSO.xlsx.,Consolidado CSO.xlsx
15/03/2022,6bc2fbe4-3a34-4837-a3d8-8162e642ba3a,1a3dde4b-6f67-49db-ac6e-7578d0af0d95,9693a1d1-4b88-4d73-8138-b46b21e7a72c,5a3d193f-cb2b-40df-b401-d786b9e25ef8,CSO-2022-03-15,1,40000,0,0,MXN,excel_cso,Extraccion diaria de compras de gas natural para CCC Saltillo desde Consolidado CSO.xlsx.,Consolidado CSO.xlsx
15/04/2022,6bc2fbe4-3a34-4837-a3d8-8162e642ba3a,1a3dde4b-6f67-49db-ac6e-7578d0af0d95,9693a1d1-4b88-4d73-8138-b46b21e7a72c,5a3d193f-cb2b-40df-b401-d786b9e25ef8,CSO-2022-04-15,1,5000,0,0,MXN,excel_cso,Extraccion diaria de compras de gas natural para CCC Saltillo desde Consolidado CSO.xlsx.,Consolidado CSO.xlsx
15/05/2022,6bc2fbe4-3a34-4837-a3d8-8162e642ba3a,1a3dde4b-6f67-49db-ac6e-7578d0af0d95,9693a1d1-4b88-4d73-8138-b46b21e7a72c,5a3d193f-cb2b-40df-b401-d786b9e25ef8,CSO-2022-05-15,1,25000,0,0,MXN,excel_cso,Extraccion diaria de compras de gas natural para CCC Saltillo desde Consolidado CSO.xlsx.,Consolidado CSO.xlsx
15/06/2022,6bc2fbe4-3a34-4837-a3d8-8162e642ba3a,1a3dde4b-6f67-49db-ac6e-7578d0af0d95,9693a1d1-4b88-4d73-8138-b46b21e7a72c,5a3d193f-cb2b-40df-b401-d786b9e25ef8,CSO-2022-06-15,1,41000,0,0,MXN,excel_cso,Extraccion diaria de compras de gas natural para CCC Saltillo desde Consolidado CSO.xlsx.,Consolidado CSO.xlsx
15/07/2022,6bc2fbe4-3a34-4837-a3d8-8162e642ba3a,1a3dde4b-6f67-49db-ac6e-7578d0af0d95,9693a1d1-4b88-4d73-8138-b46b21e7a72c,5a3d193f-cb2b-40df-b401-d786b9e25ef8,CSO-2022-07-15,1,40000,0,0,MXN,excel_cso,Extraccion diaria de compras de gas natural para CCC Saltillo desde Consolidado CSO.xlsx.,Consolidado CSO.xlsx
15/08/2022,6bc2fbe4-3a34-4837-a3d8-8162e642ba3a,1a3dde4b-6f67-49db-ac6e-7578d0af0d95,9693a1d1-4b88-4d73-8138-b46b21e7a72c,5a3d193f-cb2b-40df-b401-d786b9e25ef8,CSO-2022-08-15,1,34000,0,0,MXN,excel_cso,Extraccion diaria de compras de gas natural para CCC Saltillo desde Consolidado CSO.xlsx.,Consolidado CSO.xlsx
15/09/2022,6bc2fbe4-3a34-4837-a3d8-8162e642ba3a,1a3dde4b-6f67-49db-ac6e-7578d0af0d95,9693a1d1-4b88-4d73-8138-b46b21e7a72c,5a3d193f-cb2b-40df-b401-d786b9e25ef8,CSO-2022-09-15,1,27000,0,0,MXN,excel_cso,Extraccion diaria de compras de gas natural para CCC Saltillo desde Consolidado CSO.xlsx.,Consolidado CSO.xlsx
15/10/2022,6bc2fbe4-3a34-4837-a3d8-8162e642ba3a,1a3dde4b-6f67-49db-ac6e-7578d0af0d95,9693a1d1-4b88-4d73-8138-b46b21e7a72c,5a3d193f-cb2b-40df-b401-d786b9e25ef8,CSO-2022-10-15,1,30000,0,0,MXN,excel_cso,Extraccion diaria de compras de gas natural para CCC Saltillo desde Consolidado CSO.xlsx.,Consolidado CSO.xlsx
15/11/2022,6bc2fbe4-3a34-4837-a3d8-8162e642ba3a,1a3dde4b-6f67-49db-ac6e-7578d0af0d95,9693a1d1-4b88-4d73-8138-b46b21e7a72c,5a3d193f-cb2b-40df-b401-d786b9e25ef8,CSO-2022-11-15,1,32000,0,0,MXN,excel_cso,Extraccion diaria de compras de gas natural para CCC Saltillo desde Consolidado CSO.xlsx.,Consolidado CSO.xlsx
15/12/2022,6bc2fbe4-3a34-4837-a3d8-8162e642ba3a,1a3dde4b-6f67-49db-ac6e-7578d0af0d95,9693a1d1-4b88-4d73-8138-b46b21e7a72c,5a3d193f-cb2b-40df-b401-d786b9e25ef8,CSO-2022-12-15,1,30000,0,0,MXN,excel_cso,Extraccion diaria de compras de gas natural para CCC Saltillo desde Consolidado CSO.xlsx.,Consolidado CSO.xlsx
16/01/2022,6bc2fbe4-3a34-4837-a3d8-8162e642ba3a,1a3dde4b-6f67-49db-ac6e-7578d0af0d95,9693a1d1-4b88-4d73-8138-b46b21e7a72c,5a3d193f-cb2b-40df-b401-d786b9e25ef8,CSO-2022-01-16,1,0,0,0,MXN,excel_cso,Extraccion diaria de compras de gas natural para CCC Saltillo desde Consolidado CSO.xlsx.,Consolidado CSO.xlsx
16/02/2022,6bc2fbe4-3a34-4837-a3d8-8162e642ba3a,1a3dde4b-6f67-49db-ac6e-7578d0af0d95,9693a1d1-4b88-4d73-8138-b46b21e7a72c,5a3d193f-cb2b-40df-b401-d786b9e25ef8,CSO-2022-02-16,1,5000,0,0,MXN,excel_cso,Extraccion diaria de compras de gas natural para CCC Saltillo desde Consolidado CSO.xlsx.,Consolidado CSO.xlsx
16/03/2022,6bc2fbe4-3a34-4837-a3d8-8162e642ba3a,1a3dde4b-6f67-49db-ac6e-7578d0af0d95,9693a1d1-4b88-4d73-8138-b46b21e7a72c,5a3d193f-cb2b-40df-b401-d786b9e25ef8,CSO-2022-03-16,1,33000,0,0,MXN,excel_cso,Extraccion diaria de compras de gas natural para CCC Saltillo desde Consolidado CSO.xlsx.,Consolidado CSO.xlsx
16/04/2022,6bc2fbe4-3a34-4837-a3d8-8162e642ba3a,1a3dde4b-6f67-49db-ac6e-7578d0af0d95,9693a1d1-4b88-4d73-8138-b46b21e7a72c,5a3d193f-cb2b-40df-b401-d786b9e25ef8,CSO-2022-04-16,1,22000,0,0,MXN,excel_cso,Extraccion diaria de compras de gas natural para CCC Saltillo desde Consolidado CSO.xlsx.,Consolidado CSO.xlsx
16/05/2022,6bc2fbe4-3a34-4837-a3d8-8162e642ba3a,1a3dde4b-6f67-49db-ac6e-7578d0af0d95,9693a1d1-4b88-4d73-8138-b46b21e7a72c,5a3d193f-cb2b-40df-b401-d786b9e25ef8,CSO-2022-05-16,1,36000,0,0,MXN,excel_cso,Extraccion diaria de compras de gas natural para CCC Saltillo desde Consolidado CSO.xlsx.,Consolidado CSO.xlsx
16/06/2022,6bc2fbe4-3a34-4837-a3d8-8162e642ba3a,1a3dde4b-6f67-49db-ac6e-7578d0af0d95,9693a1d1-4b88-4d73-8138-b46b21e7a72c,5a3d193f-cb2b-40df-b401-d786b9e25ef8,CSO-2022-06-16,1,33000,0,0,MXN,excel_cso,Extraccion diaria de compras de gas natural para CCC Saltillo desde Consolidado CSO.xlsx.,Consolidado CSO.xlsx
16/07/2022,6bc2fbe4-3a34-4837-a3d8-8162e642ba3a,1a3dde4b-6f67-49db-ac6e-7578d0af0d95,9693a1d1-4b88-4d73-8138-b46b21e7a72c,5a3d193f-cb2b-40df-b401-d786b9e25ef8,CSO-2022-07-16,1,38000,0,0,MXN,excel_cso,Extraccion diaria de compras de gas natural para CCC Saltillo desde Consolidado CSO.xlsx.,Consolidado CSO.xlsx
16/08/2022,6bc2fbe4-3a34-4837-a3d8-8162e642ba3a,1a3dde4b-6f67-49db-ac6e-7578d0af0d95,9693a1d1-4b88-4d73-8138-b46b21e7a72c,5a3d193f-cb2b-40df-b401-d786b9e25ef8,CSO-2022-08-16,1,39352,0,0,MXN,excel_cso,Extraccion diaria de compras de gas natural para CCC Saltillo desde Consolidado CSO.xlsx.,Consolidado CSO.xlsx
16/09/2022,6bc2fbe4-3a34-4837-a3d8-8162e642ba3a,1a3dde4b-6f67-49db-ac6e-7578d0af0d95,9693a1d1-4b88-4d73-8138-b46b21e7a72c,5a3d193f-cb2b-40df-b401-d786b9e25ef8,CSO-2022-09-16,1,26000,0,0,MXN,excel_cso,Extraccion diaria de compras de gas natural para CCC Saltillo desde Consolidado CSO.xlsx.,Consolidado CSO.xlsx
16/10/2022,6bc2fbe4-3a34-4837-a3d8-8162e642ba3a,1a3dde4b-6f67-49db-ac6e-7578d0af0d95,9693a1d1-4b88-4d73-8138-b46b21e7a72c,5a3d193f-cb2b-40df-b401-d786b9e25ef8,CSO-2022-10-16,1,30000,0,0,MXN,excel_cso,Extraccion diaria de compras de gas natural para CCC Saltillo desde Consolidado CSO.xlsx.,Consolidado CSO.xlsx
16/11/2022,6bc2fbe4-3a34-4837-a3d8-8162e642ba3a,1a3dde4b-6f67-49db-ac6e-7578d0af0d95,9693a1d1-4b88-4d73-8138-b46b21e7a72c,5a3d193f-cb2b-40df-b401-d786b9e25ef8,CSO-2022-11-16,1,30000,0,0,MXN,excel_cso,Extraccion diaria de compras de gas natural para CCC Saltillo desde Consolidado CSO.xlsx.,Consolidado CSO.xlsx
16/12/2022,6bc2fbe4-3a34-4837-a3d8-8162e642ba3a,1a3dde4b-6f67-49db-ac6e-7578d0af0d95,9693a1d1-4b88-4d73-8138-b46b21e7a72c,5a3d193f-cb2b-40df-b401-d786b9e25ef8,CSO-2022-12-16,1,28000,0,0,MXN,excel_cso,Extraccion diaria de compras de gas natural para CCC Saltillo desde Consolidado CSO.xlsx.,Consolidado CSO.xlsx
17/01/2022,6bc2fbe4-3a34-4837-a3d8-8162e642ba3a,1a3dde4b-6f67-49db-ac6e-7578d0af0d95,9693a1d1-4b88-4d73-8138-b46b21e7a72c,5a3d193f-cb2b-40df-b401-d786b9e25ef8,CSO-2022-01-17,1,31949,0,0,MXN,excel_cso,Extraccion diaria de compras de gas natural para CCC Saltillo desde Consolidado CSO.xlsx.,Consolidado CSO.xlsx
17/02/2022,6bc2fbe4-3a34-4837-a3d8-8162e642ba3a,1a3dde4b-6f67-49db-ac6e-7578d0af0d95,9693a1d1-4b88-4d73-8138-b46b21e7a72c,5a3d193f-cb2b-40df-b401-d786b9e25ef8,CSO-2022-02-17,1,26000,0,0,MXN,excel_cso,Extraccion diaria de compras de gas natural para CCC Saltillo desde Consolidado CSO.xlsx.,Consolidado CSO.xlsx
17/03/2022,6bc2fbe4-3a34-4837-a3d8-8162e642ba3a,1a3dde4b-6f67-49db-ac6e-7578d0af0d95,9693a1d1-4b88-4d73-8138-b46b21e7a72c,5a3d193f-cb2b-40df-b401-d786b9e25ef8,CSO-2022-03-17,1,39891,0,0,MXN,excel_cso,Extraccion diaria de compras de gas natural para CCC Saltillo desde Consolidado CSO.xlsx.,Consolidado CSO.xlsx
17/04/2022,6bc2fbe4-3a34-4837-a3d8-8162e642ba3a,1a3dde4b-6f67-49db-ac6e-7578d0af0d95,9693a1d1-4b88-4d73-8138-b46b21e7a72c,5a3d193f-cb2b-40df-b401-d786b9e25ef8,CSO-2022-04-17,1,0,0,0,MXN,excel_cso,Extraccion diaria de compras de gas natural para CCC Saltillo desde Consolidado CSO.xlsx.,Consolidado CSO.xlsx
17/05/2022,6bc2fbe4-3a34-4837-a3d8-8162e642ba3a,1a3dde4b-6f67-49db-ac6e-7578d0af0d95,9693a1d1-4b88-4d73-8138-b46b21e7a72c,5a3d193f-cb2b-40df-b401-d786b9e25ef8,CSO-2022-05-17,1,41500,0,0,MXN,excel_cso,Extraccion diaria de compras de gas natural para CCC Saltillo desde Consolidado CSO.xlsx.,Consolidado CSO.xlsx
17/06/2022,6bc2fbe4-3a34-4837-a3d8-8162e642ba3a,1a3dde4b-6f67-49db-ac6e-7578d0af0d95,9693a1d1-4b88-4d73-8138-b46b21e7a72c,5a3d193f-cb2b-40df-b401-d786b9e25ef8,CSO-2022-06-17,1,30000,0,0,MXN,excel_cso,Extraccion diaria de compras de gas natural para CCC Saltillo desde Consolidado CSO.xlsx.,Consolidado CSO.xlsx
17/07/2022,6bc2fbe4-3a34-4837-a3d8-8162e642ba3a,1a3dde4b-6f67-49db-ac6e-7578d0af0d95,9693a1d1-4b88-4d73-8138-b46b21e7a72c,5a3d193f-cb2b-40df-b401-d786b9e25ef8,CSO-2022-07-17,1,38000,0,0,MXN,excel_cso,Extraccion diaria de compras de gas natural para CCC Saltillo desde Consolidado CSO.xlsx.,Consolidado CSO.xlsx
17/08/2022,6bc2fbe4-3a34-4837-a3d8-8162e642ba3a,1a3dde4b-6f67-49db-ac6e-7578d0af0d95,9693a1d1-4b88-4d73-8138-b46b21e7a72c,5a3d193f-cb2b-40df-b401-d786b9e25ef8,CSO-2022-08-17,1,35000,0,0,MXN,excel_cso,Extraccion diaria de compras de gas natural para CCC Saltillo desde Consolidado CSO.xlsx.,Consolidado CSO.xlsx
17/09/2022,6bc2fbe4-3a34-4837-a3d8-8162e642ba3a,1a3dde4b-6f67-49db-ac6e-7578d0af0d95,9693a1d1-4b88-4d73-8138-b46b21e7a72c,5a3d193f-cb2b-40df-b401-d786b9e25ef8,CSO-2022-09-17,1,28000,0,0,MXN,excel_cso,Extraccion diaria de compras de gas natural para CCC Saltillo desde Consolidado CSO.xlsx.,Consolidado CSO.xlsx
17/10/2022,6bc2fbe4-3a34-4837-a3d8-8162e642ba3a,1a3dde4b-6f67-49db-ac6e-7578d0af0d95,9693a1d1-4b88-4d73-8138-b46b21e7a72c,5a3d193f-cb2b-40df-b401-d786b9e25ef8,CSO-2022-10-17,1,33000,0,0,MXN,excel_cso,Extraccion diaria de compras de gas natural para CCC Saltillo desde Consolidado CSO.xlsx.,Consolidado CSO.xlsx
17/11/2022,6bc2fbe4-3a34-4837-a3d8-8162e642ba3a,1a3dde4b-6f67-49db-ac6e-7578d0af0d95,9693a1d1-4b88-4d73-8138-b46b21e7a72c,5a3d193f-cb2b-40df-b401-d786b9e25ef8,CSO-2022-11-17,1,32000,0,0,MXN,excel_cso,Extraccion diaria de compras de gas natural para CCC Saltillo desde Consolidado CSO.xlsx.,Consolidado CSO.xlsx
17/12/2022,6bc2fbe4-3a34-4837-a3d8-8162e642ba3a,1a3dde4b-6f67-49db-ac6e-7578d0af0d95,9693a1d1-4b88-4d73-8138-b46b21e7a72c,5a3d193f-cb2b-40df-b401-d786b9e25ef8,CSO-2022-12-17,1,30000,0,0,MXN,excel_cso,Extraccion diaria de compras de gas natural para CCC Saltillo desde Consolidado CSO.xlsx.,Consolidado CSO.xlsx
18/01/2022,6bc2fbe4-3a34-4837-a3d8-8162e642ba3a,1a3dde4b-6f67-49db-ac6e-7578d0af0d95,9693a1d1-4b88-4d73-8138-b46b21e7a72c,5a3d193f-cb2b-40df-b401-d786b9e25ef8,CSO-2022-01-18,1,27000,0,0,MXN,excel_cso,Extraccion diaria de compras de gas natural para CCC Saltillo desde Consolidado CSO.xlsx.,Consolidado CSO.xlsx
18/02/2022,6bc2fbe4-3a34-4837-a3d8-8162e642ba3a,1a3dde4b-6f67-49db-ac6e-7578d0af0d95,9693a1d1-4b88-4d73-8138-b46b21e7a72c,5a3d193f-cb2b-40df-b401-d786b9e25ef8,CSO-2022-02-18,1,6000,0,0,MXN,excel_cso,Extraccion diaria de compras de gas natural para CCC Saltillo desde Consolidado CSO.xlsx.,Consolidado CSO.xlsx
18/03/2022,6bc2fbe4-3a34-4837-a3d8-8162e642ba3a,1a3dde4b-6f67-49db-ac6e-7578d0af0d95,9693a1d1-4b88-4d73-8138-b46b21e7a72c,5a3d193f-cb2b-40df-b401-d786b9e25ef8,CSO-2022-03-18,1,40000,0,0,MXN,excel_cso,Extraccion diaria de compras de gas natural para CCC Saltillo desde Consolidado CSO.xlsx.,Consolidado CSO.xlsx
18/04/2022,6bc2fbe4-3a34-4837-a3d8-8162e642ba3a,1a3dde4b-6f67-49db-ac6e-7578d0af0d95,9693a1d1-4b88-4d73-8138-b46b21e7a72c,5a3d193f-cb2b-40df-b401-d786b9e25ef8,CSO-2022-04-18,1,30000,0,0,MXN,excel_cso,Extraccion diaria de compras de gas natural para CCC Saltillo desde Consolidado CSO.xlsx.,Consolidado CSO.xlsx
18/05/2022,6bc2fbe4-3a34-4837-a3d8-8162e642ba3a,1a3dde4b-6f67-49db-ac6e-7578d0af0d95,9693a1d1-4b88-4d73-8138-b46b21e7a72c,5a3d193f-cb2b-40df-b401-d786b9e25ef8,CSO-2022-05-18,1,43000,0,0,MXN,excel_cso,Extraccion diaria de compras de gas natural para CCC Saltillo desde Consolidado CSO.xlsx.,Consolidado CSO.xlsx
18/06/2022,6bc2fbe4-3a34-4837-a3d8-8162e642ba3a,1a3dde4b-6f67-49db-ac6e-7578d0af0d95,9693a1d1-4b88-4d73-8138-b46b21e7a72c,5a3d193f-cb2b-40df-b401-d786b9e25ef8,CSO-2022-06-18,1,30000,0,0,MXN,excel_cso,Extraccion diaria de compras de gas natural para CCC Saltillo desde Consolidado CSO.xlsx.,Consolidado CSO.xlsx
18/07/2022,6bc2fbe4-3a34-4837-a3d8-8162e642ba3a,1a3dde4b-6f67-49db-ac6e-7578d0af0d95,9693a1d1-4b88-4d73-8138-b46b21e7a72c,5a3d193f-cb2b-40df-b401-d786b9e25ef8,CSO-2022-07-18,1,41500,0,0,MXN,excel_cso,Extraccion diaria de compras de gas natural para CCC Saltillo desde Consolidado CSO.xlsx.,Consolidado CSO.xlsx
18/08/2022,6bc2fbe4-3a34-4837-a3d8-8162e642ba3a,1a3dde4b-6f67-49db-ac6e-7578d0af0d95,9693a1d1-4b88-4d73-8138-b46b21e7a72c,5a3d193f-cb2b-40df-b401-d786b9e25ef8,CSO-2022-08-18,1,33000,0,0,MXN,excel_cso,Extraccion diaria de compras de gas natural para CCC Saltillo desde Consolidado CSO.xlsx.,Consolidado CSO.xlsx
18/09/2022,6bc2fbe4-3a34-4837-a3d8-8162e642ba3a,1a3dde4b-6f67-49db-ac6e-7578d0af0d95,9693a1d1-4b88-4d73-8138-b46b21e7a72c,5a3d193f-cb2b-40df-b401-d786b9e25ef8,CSO-2022-09-18,1,28000,0,0,MXN,excel_cso,Extraccion diaria de compras de gas natural para CCC Saltillo desde Consolidado CSO.xlsx.,Consolidado CSO.xlsx
18/10/2022,6bc2fbe4-3a34-4837-a3d8-8162e642ba3a,1a3dde4b-6f67-49db-ac6e-7578d0af0d95,9693a1d1-4b88-4d73-8138-b46b21e7a72c,5a3d193f-cb2b-40df-b401-d786b9e25ef8,CSO-2022-10-18,1,39185,0,0,MXN,excel_cso,Extraccion diaria de compras de gas natural para CCC Saltillo desde Consolidado CSO.xlsx.,Consolidado CSO.xlsx
18/11/2022,6bc2fbe4-3a34-4837-a3d8-8162e642ba3a,1a3dde4b-6f67-49db-ac6e-7578d0af0d95,9693a1d1-4b88-4d73-8138-b46b21e7a72c,5a3d193f-cb2b-40df-b401-d786b9e25ef8,CSO-2022-11-18,1,45000,0,0,MXN,excel_cso,Extraccion diaria de compras de gas natural para CCC Saltillo desde Consolidado CSO.xlsx.,Consolidado CSO.xlsx
18/12/2022,6bc2fbe4-3a34-4837-a3d8-8162e642ba3a,1a3dde4b-6f67-49db-ac6e-7578d0af0d95,9693a1d1-4b88-4d73-8138-b46b21e7a72c,5a3d193f-cb2b-40df-b401-d786b9e25ef8,CSO-2022-12-18,1,40000,0,0,MXN,excel_cso,Extraccion diaria de compras de gas natural para CCC Saltillo desde Consolidado CSO.xlsx.,Consolidado CSO.xlsx
19/01/2022,6bc2fbe4-3a34-4837-a3d8-8162e642ba3a,1a3dde4b-6f67-49db-ac6e-7578d0af0d95,9693a1d1-4b88-4d73-8138-b46b21e7a72c,5a3d193f-cb2b-40df-b401-d786b9e25ef8,CSO-2022-01-19,1,37000,0,0,MXN,excel_cso,Extraccion diaria de compras de gas natural para CCC Saltillo desde Consolidado CSO.xlsx.,Consolidado CSO.xlsx
19/02/2022,6bc2fbe4-3a34-4837-a3d8-8162e642ba3a,1a3dde4b-6f67-49db-ac6e-7578d0af0d95,9693a1d1-4b88-4d73-8138-b46b21e7a72c,5a3d193f-cb2b-40df-b401-d786b9e25ef8,CSO-2022-02-19,1,0,0,0,MXN,excel_cso,Extraccion diaria de compras de gas natural para CCC Saltillo desde Consolidado CSO.xlsx.,Consolidado CSO.xlsx
19/03/2022,6bc2fbe4-3a34-4837-a3d8-8162e642ba3a,1a3dde4b-6f67-49db-ac6e-7578d0af0d95,9693a1d1-4b88-4d73-8138-b46b21e7a72c,5a3d193f-cb2b-40df-b401-d786b9e25ef8,CSO-2022-03-19,1,35000,0,0,MXN,excel_cso,Extraccion diaria de compras de gas natural para CCC Saltillo desde Consolidado CSO.xlsx.,Consolidado CSO.xlsx
19/04/2022,6bc2fbe4-3a34-4837-a3d8-8162e642ba3a,1a3dde4b-6f67-49db-ac6e-7578d0af0d95,9693a1d1-4b88-4d73-8138-b46b21e7a72c,5a3d193f-cb2b-40df-b401-d786b9e25ef8,CSO-2022-04-19,1,40000,0,0,MXN,excel_cso,Extraccion diaria de compras de gas natural para CCC Saltillo desde Consolidado CSO.xlsx.,Consolidado CSO.xlsx
19/05/2022,6bc2fbe4-3a34-4837-a3d8-8162e642ba3a,1a3dde4b-6f67-49db-ac6e-7578d0af0d95,9693a1d1-4b88-4d73-8138-b46b21e7a72c,5a3d193f-cb2b-40df-b401-d786b9e25ef8,CSO-2022-05-19,1,43000,0,0,MXN,excel_cso,Extraccion diaria de compras de gas natural para CCC Saltillo desde Consolidado CSO.xlsx.,Consolidado CSO.xlsx
19/06/2022,6bc2fbe4-3a34-4837-a3d8-8162e642ba3a,1a3dde4b-6f67-49db-ac6e-7578d0af0d95,9693a1d1-4b88-4d73-8138-b46b21e7a72c,5a3d193f-cb2b-40df-b401-d786b9e25ef8,CSO-2022-06-19,1,40000,0,0,MXN,excel_cso,Extraccion diaria de compras de gas natural para CCC Saltillo desde Consolidado CSO.xlsx.,Consolidado CSO.xlsx
19/07/2022,6bc2fbe4-3a34-4837-a3d8-8162e642ba3a,1a3dde4b-6f67-49db-ac6e-7578d0af0d95,9693a1d1-4b88-4d73-8138-b46b21e7a72c,5a3d193f-cb2b-40df-b401-d786b9e25ef8,CSO-2022-07-19,1,41500,0,0,MXN,excel_cso,Extraccion diaria de compras de gas natural para CCC Saltillo desde Consolidado CSO.xlsx.,Consolidado CSO.xlsx
19/08/2022,6bc2fbe4-3a34-4837-a3d8-8162e642ba3a,1a3dde4b-6f67-49db-ac6e-7578d0af0d95,9693a1d1-4b88-4d73-8138-b46b21e7a72c,5a3d193f-cb2b-40df-b401-d786b9e25ef8,CSO-2022-08-19,1,33000,0,0,MXN,excel_cso,Extraccion diaria de compras de gas natural para CCC Saltillo desde Consolidado CSO.xlsx.,Consolidado CSO.xlsx
19/09/2022,6bc2fbe4-3a34-4837-a3d8-8162e642ba3a,1a3dde4b-6f67-49db-ac6e-7578d0af0d95,9693a1d1-4b88-4d73-8138-b46b21e7a72c,5a3d193f-cb2b-40df-b401-d786b9e25ef8,CSO-2022-09-19,1,38000,0,0,MXN,excel_cso,Extraccion diaria de compras de gas natural para CCC Saltillo desde Consolidado CSO.xlsx.,Consolidado CSO.xlsx
19/10/2022,6bc2fbe4-3a34-4837-a3d8-8162e642ba3a,1a3dde4b-6f67-49db-ac6e-7578d0af0d95,9693a1d1-4b88-4d73-8138-b46b21e7a72c,5a3d193f-cb2b-40df-b401-d786b9e25ef8,CSO-2022-10-19,1,33000,0,0,MXN,excel_cso,Extraccion diaria de compras de gas natural para CCC Saltillo desde Consolidado CSO.xlsx.,Consolidado CSO.xlsx
19/11/2022,6bc2fbe4-3a34-4837-a3d8-8162e642ba3a,1a3dde4b-6f67-49db-ac6e-7578d0af0d95,9693a1d1-4b88-4d73-8138-b46b21e7a72c,5a3d193f-cb2b-40df-b401-d786b9e25ef8,CSO-2022-11-19,1,30000,0,0,MXN,excel_cso,Extraccion diaria de compras de gas natural para CCC Saltillo desde Consolidado CSO.xlsx.,Consolidado CSO.xlsx
19/12/2022,6bc2fbe4-3a34-4837-a3d8-8162e642ba3a,1a3dde4b-6f67-49db-ac6e-7578d0af0d95,9693a1d1-4b88-4d73-8138-b46b21e7a72c,5a3d193f-cb2b-40df-b401-d786b9e25ef8,CSO-2022-12-19,1,30000,0,0,MXN,excel_cso,Extraccion diaria de compras de gas natural para CCC Saltillo desde Consolidado CSO.xlsx.,Consolidado CSO.xlsx
20/01/2022,6bc2fbe4-3a34-4837-a3d8-8162e642ba3a,1a3dde4b-6f67-49db-ac6e-7578d0af0d95,9693a1d1-4b88-4d73-8138-b46b21e7a72c,5a3d193f-cb2b-40df-b401-d786b9e25ef8,CSO-2022-01-20,1,41000,0,0,MXN,excel_cso,Extraccion diaria de compras de gas natural para CCC Saltillo desde Consolidado CSO.xlsx.,Consolidado CSO.xlsx
20/02/2022,6bc2fbe4-3a34-4837-a3d8-8162e642ba3a,1a3dde4b-6f67-49db-ac6e-7578d0af0d95,9693a1d1-4b88-4d73-8138-b46b21e7a72c,5a3d193f-cb2b-40df-b401-d786b9e25ef8,CSO-2022-02-20,1,6000,0,0,MXN,excel_cso,Extraccion diaria de compras de gas natural para CCC Saltillo desde Consolidado CSO.xlsx.,Consolidado CSO.xlsx
20/03/2022,6bc2fbe4-3a34-4837-a3d8-8162e642ba3a,1a3dde4b-6f67-49db-ac6e-7578d0af0d95,9693a1d1-4b88-4d73-8138-b46b21e7a72c,5a3d193f-cb2b-40df-b401-d786b9e25ef8,CSO-2022-03-20,1,5000,0,0,MXN,excel_cso,Extraccion diaria de compras de gas natural para CCC Saltillo desde Consolidado CSO.xlsx.,Consolidado CSO.xlsx
20/04/2022,6bc2fbe4-3a34-4837-a3d8-8162e642ba3a,1a3dde4b-6f67-49db-ac6e-7578d0af0d95,9693a1d1-4b88-4d73-8138-b46b21e7a72c,5a3d193f-cb2b-40df-b401-d786b9e25ef8,CSO-2022-04-20,1,40000,0,0,MXN,excel_cso,Extraccion diaria de compras de gas natural para CCC Saltillo desde Consolidado CSO.xlsx.,Consolidado CSO.xlsx
20/05/2022,6bc2fbe4-3a34-4837-a3d8-8162e642ba3a,1a3dde4b-6f67-49db-ac6e-7578d0af0d95,9693a1d1-4b88-4d73-8138-b46b21e7a72c,5a3d193f-cb2b-40df-b401-d786b9e25ef8,CSO-2022-05-20,1,42000,0,0,MXN,excel_cso,Extraccion diaria de compras de gas natural para CCC Saltillo desde Consolidado CSO.xlsx.,Consolidado CSO.xlsx
20/06/2022,6bc2fbe4-3a34-4837-a3d8-8162e642ba3a,1a3dde4b-6f67-49db-ac6e-7578d0af0d95,9693a1d1-4b88-4d73-8138-b46b21e7a72c,5a3d193f-cb2b-40df-b401-d786b9e25ef8,CSO-2022-06-20,1,30000,0,0,MXN,excel_cso,Extraccion diaria de compras de gas natural para CCC Saltillo desde Consolidado CSO.xlsx.,Consolidado CSO.xlsx
20/07/2022,6bc2fbe4-3a34-4837-a3d8-8162e642ba3a,1a3dde4b-6f67-49db-ac6e-7578d0af0d95,9693a1d1-4b88-4d73-8138-b46b21e7a72c,5a3d193f-cb2b-40df-b401-d786b9e25ef8,CSO-2022-07-20,1,40500,0,0,MXN,excel_cso,Extraccion diaria de compras de gas natural para CCC Saltillo desde Consolidado CSO.xlsx.,Consolidado CSO.xlsx
20/08/2022,6bc2fbe4-3a34-4837-a3d8-8162e642ba3a,1a3dde4b-6f67-49db-ac6e-7578d0af0d95,9693a1d1-4b88-4d73-8138-b46b21e7a72c,5a3d193f-cb2b-40df-b401-d786b9e25ef8,CSO-2022-08-20,1,32000,0,0,MXN,excel_cso,Extraccion diaria de compras de gas natural para CCC Saltillo desde Consolidado CSO.xlsx.,Consolidado CSO.xlsx
20/09/2022,6bc2fbe4-3a34-4837-a3d8-8162e642ba3a,1a3dde4b-6f67-49db-ac6e-7578d0af0d95,9693a1d1-4b88-4d73-8138-b46b21e7a72c,5a3d193f-cb2b-40df-b401-d786b9e25ef8,CSO-2022-09-20,1,45000,0,0,MXN,excel_cso,Extraccion diaria de compras de gas natural para CCC Saltillo desde Consolidado CSO.xlsx.,Consolidado CSO.xlsx
20/10/2022,6bc2fbe4-3a34-4837-a3d8-8162e642ba3a,1a3dde4b-6f67-49db-ac6e-7578d0af0d95,9693a1d1-4b88-4d73-8138-b46b21e7a72c,5a3d193f-cb2b-40df-b401-d786b9e25ef8,CSO-2022-10-20,1,32000,0,0,MXN,excel_cso,Extraccion diaria de compras de gas natural para CCC Saltillo desde Consolidado CSO.xlsx.,Consolidado CSO.xlsx
20/11/2022,6bc2fbe4-3a34-4837-a3d8-8162e642ba3a,1a3dde4b-6f67-49db-ac6e-7578d0af0d95,9693a1d1-4b88-4d73-8138-b46b21e7a72c,5a3d193f-cb2b-40df-b401-d786b9e25ef8,CSO-2022-11-20,1,5000,0,0,MXN,excel_cso,Extraccion diaria de compras de gas natural para CCC Saltillo desde Consolidado CSO.xlsx.,Consolidado CSO.xlsx
20/12/2022,6bc2fbe4-3a34-4837-a3d8-8162e642ba3a,1a3dde4b-6f67-49db-ac6e-7578d0af0d95,9693a1d1-4b88-4d73-8138-b46b21e7a72c,5a3d193f-cb2b-40df-b401-d786b9e25ef8,CSO-2022-12-20,1,38000,0,0,MXN,excel_cso,Extraccion diaria de compras de gas natural para CCC Saltillo desde Consolidado CSO.xlsx.,Consolidado CSO.xlsx
21/01/2022,6bc2fbe4-3a34-4837-a3d8-8162e642ba3a,1a3dde4b-6f67-49db-ac6e-7578d0af0d95,9693a1d1-4b88-4d73-8138-b46b21e7a72c,5a3d193f-cb2b-40df-b401-d786b9e25ef8,CSO-2022-01-21,1,30000,0,0,MXN,excel_cso,Extraccion diaria de compras de gas natural para CCC Saltillo desde Consolidado CSO.xlsx.,Consolidado CSO.xlsx
21/02/2022,6bc2fbe4-3a34-4837-a3d8-8162e642ba3a,1a3dde4b-6f67-49db-ac6e-7578d0af0d95,9693a1d1-4b88-4d73-8138-b46b21e7a72c,5a3d193f-cb2b-40df-b401-d786b9e25ef8,CSO-2022-02-21,1,35000,0,0,MXN,excel_cso,Extraccion diaria de compras de gas natural para CCC Saltillo desde Consolidado CSO.xlsx.,Consolidado CSO.xlsx
21/03/2022,6bc2fbe4-3a34-4837-a3d8-8162e642ba3a,1a3dde4b-6f67-49db-ac6e-7578d0af0d95,9693a1d1-4b88-4d73-8138-b46b21e7a72c,5a3d193f-cb2b-40df-b401-d786b9e25ef8,CSO-2022-03-21,1,10000,0,0,MXN,excel_cso,Extraccion diaria de compras de gas natural para CCC Saltillo desde Consolidado CSO.xlsx.,Consolidado CSO.xlsx
21/04/2022,6bc2fbe4-3a34-4837-a3d8-8162e642ba3a,1a3dde4b-6f67-49db-ac6e-7578d0af0d95,9693a1d1-4b88-4d73-8138-b46b21e7a72c,5a3d193f-cb2b-40df-b401-d786b9e25ef8,CSO-2022-04-21,1,40000,0,0,MXN,excel_cso,Extraccion diaria de compras de gas natural para CCC Saltillo desde Consolidado CSO.xlsx.,Consolidado CSO.xlsx
21/05/2022,6bc2fbe4-3a34-4837-a3d8-8162e642ba3a,1a3dde4b-6f67-49db-ac6e-7578d0af0d95,9693a1d1-4b88-4d73-8138-b46b21e7a72c,5a3d193f-cb2b-40df-b401-d786b9e25ef8,CSO-2022-05-21,1,40000,0,0,MXN,excel_cso,Extraccion diaria de compras de gas natural para CCC Saltillo desde Consolidado CSO.xlsx.,Consolidado CSO.xlsx
21/06/2022,6bc2fbe4-3a34-4837-a3d8-8162e642ba3a,1a3dde4b-6f67-49db-ac6e-7578d0af0d95,9693a1d1-4b88-4d73-8138-b46b21e7a72c,5a3d193f-cb2b-40df-b401-d786b9e25ef8,CSO-2022-06-21,1,37600,0,0,MXN,excel_cso,Extraccion diaria de compras de gas natural para CCC Saltillo desde Consolidado CSO.xlsx.,Consolidado CSO.xlsx
21/07/2022,6bc2fbe4-3a34-4837-a3d8-8162e642ba3a,1a3dde4b-6f67-49db-ac6e-7578d0af0d95,9693a1d1-4b88-4d73-8138-b46b21e7a72c,5a3d193f-cb2b-40df-b401-d786b9e25ef8,CSO-2022-07-21,1,44500,0,0,MXN,excel_cso,Extraccion diaria de compras de gas natural para CCC Saltillo desde Consolidado CSO.xlsx.,Consolidado CSO.xlsx
21/08/2022,6bc2fbe4-3a34-4837-a3d8-8162e642ba3a,1a3dde4b-6f67-49db-ac6e-7578d0af0d95,9693a1d1-4b88-4d73-8138-b46b21e7a72c,5a3d193f-cb2b-40df-b401-d786b9e25ef8,CSO-2022-08-21,1,32000,0,0,MXN,excel_cso,Extraccion diaria de compras de gas natural para CCC Saltillo desde Consolidado CSO.xlsx.,Consolidado CSO.xlsx
21/09/2022,6bc2fbe4-3a34-4837-a3d8-8162e642ba3a,1a3dde4b-6f67-49db-ac6e-7578d0af0d95,9693a1d1-4b88-4d73-8138-b46b21e7a72c,5a3d193f-cb2b-40df-b401-d786b9e25ef8,CSO-2022-09-21,1,40783,0,0,MXN,excel_cso,Extraccion diaria de compras de gas natural para CCC Saltillo desde Consolidado CSO.xlsx.,Consolidado CSO.xlsx
21/10/2022,6bc2fbe4-3a34-4837-a3d8-8162e642ba3a,1a3dde4b-6f67-49db-ac6e-7578d0af0d95,9693a1d1-4b88-4d73-8138-b46b21e7a72c,5a3d193f-cb2b-40df-b401-d786b9e25ef8,CSO-2022-10-21,1,30000,0,0,MXN,excel_cso,Extraccion diaria de compras de gas natural para CCC Saltillo desde Consolidado CSO.xlsx.,Consolidado CSO.xlsx
21/11/2022,6bc2fbe4-3a34-4837-a3d8-8162e642ba3a,1a3dde4b-6f67-49db-ac6e-7578d0af0d95,9693a1d1-4b88-4d73-8138-b46b21e7a72c,5a3d193f-cb2b-40df-b401-d786b9e25ef8,CSO-2022-11-21,1,15000,0,0,MXN,excel_cso,Extraccion diaria de compras de gas natural para CCC Saltillo desde Consolidado CSO.xlsx.,Consolidado CSO.xlsx
21/12/2022,6bc2fbe4-3a34-4837-a3d8-8162e642ba3a,1a3dde4b-6f67-49db-ac6e-7578d0af0d95,9693a1d1-4b88-4d73-8138-b46b21e7a72c,5a3d193f-cb2b-40df-b401-d786b9e25ef8,CSO-2022-12-21,1,30000,0,0,MXN,excel_cso,Extraccion diaria de compras de gas natural para CCC Saltillo desde Consolidado CSO.xlsx.,Consolidado CSO.xlsx
22/01/2022,6bc2fbe4-3a34-4837-a3d8-8162e642ba3a,1a3dde4b-6f67-49db-ac6e-7578d0af0d95,9693a1d1-4b88-4d73-8138-b46b21e7a72c,5a3d193f-cb2b-40df-b401-d786b9e25ef8,CSO-2022-01-22,1,11251,0,0,MXN,excel_cso,Extraccion diaria de compras de gas natural para CCC Saltillo desde Consolidado CSO.xlsx.,Consolidado CSO.xlsx
22/02/2022,6bc2fbe4-3a34-4837-a3d8-8162e642ba3a,1a3dde4b-6f67-49db-ac6e-7578d0af0d95,9693a1d1-4b88-4d73-8138-b46b21e7a72c,5a3d193f-cb2b-40df-b401-d786b9e25ef8,CSO-2022-02-22,1,35000,0,0,MXN,excel_cso,Extraccion diaria de compras de gas natural para CCC Saltillo desde Consolidado CSO.xlsx.,Consolidado CSO.xlsx
22/03/2022,6bc2fbe4-3a34-4837-a3d8-8162e642ba3a,1a3dde4b-6f67-49db-ac6e-7578d0af0d95,9693a1d1-4b88-4d73-8138-b46b21e7a72c,5a3d193f-cb2b-40df-b401-d786b9e25ef8,CSO-2022-03-22,1,33000,0,0,MXN,excel_cso,Extraccion diaria de compras de gas natural para CCC Saltillo desde Consolidado CSO.xlsx.,Consolidado CSO.xlsx
22/04/2022,6bc2fbe4-3a34-4837-a3d8-8162e642ba3a,1a3dde4b-6f67-49db-ac6e-7578d0af0d95,9693a1d1-4b88-4d73-8138-b46b21e7a72c,5a3d193f-cb2b-40df-b401-d786b9e25ef8,CSO-2022-04-22,1,40000,0,0,MXN,excel_cso,Extraccion diaria de compras de gas natural para CCC Saltillo desde Consolidado CSO.xlsx.,Consolidado CSO.xlsx
22/05/2022,6bc2fbe4-3a34-4837-a3d8-8162e642ba3a,1a3dde4b-6f67-49db-ac6e-7578d0af0d95,9693a1d1-4b88-4d73-8138-b46b21e7a72c,5a3d193f-cb2b-40df-b401-d786b9e25ef8,CSO-2022-05-22,1,38000,0,0,MXN,excel_cso,Extraccion diaria de compras de gas natural para CCC Saltillo desde Consolidado CSO.xlsx.,Consolidado CSO.xlsx
22/06/2022,6bc2fbe4-3a34-4837-a3d8-8162e642ba3a,1a3dde4b-6f67-49db-ac6e-7578d0af0d95,9693a1d1-4b88-4d73-8138-b46b21e7a72c,5a3d193f-cb2b-40df-b401-d786b9e25ef8,CSO-2022-06-22,1,31655,0,0,MXN,excel_cso,Extraccion diaria de compras de gas natural para CCC Saltillo desde Consolidado CSO.xlsx.,Consolidado CSO.xlsx
22/07/2022,6bc2fbe4-3a34-4837-a3d8-8162e642ba3a,1a3dde4b-6f67-49db-ac6e-7578d0af0d95,9693a1d1-4b88-4d73-8138-b46b21e7a72c,5a3d193f-cb2b-40df-b401-d786b9e25ef8,CSO-2022-07-22,1,38000,0,0,MXN,excel_cso,Extraccion diaria de compras de gas natural para CCC Saltillo desde Consolidado CSO.xlsx.,Consolidado CSO.xlsx
22/08/2022,6bc2fbe4-3a34-4837-a3d8-8162e642ba3a,1a3dde4b-6f67-49db-ac6e-7578d0af0d95,9693a1d1-4b88-4d73-8138-b46b21e7a72c,5a3d193f-cb2b-40df-b401-d786b9e25ef8,CSO-2022-08-22,1,32000,0,0,MXN,excel_cso,Extraccion diaria de compras de gas natural para CCC Saltillo desde Consolidado CSO.xlsx.,Consolidado CSO.xlsx
22/09/2022,6bc2fbe4-3a34-4837-a3d8-8162e642ba3a,1a3dde4b-6f67-49db-ac6e-7578d0af0d95,9693a1d1-4b88-4d73-8138-b46b21e7a72c,5a3d193f-cb2b-40df-b401-d786b9e25ef8,CSO-2022-09-22,1,30000,0,0,MXN,excel_cso,Extraccion diaria de compras de gas natural para CCC Saltillo desde Consolidado CSO.xlsx.,Consolidado CSO.xlsx
22/10/2022,6bc2fbe4-3a34-4837-a3d8-8162e642ba3a,1a3dde4b-6f67-49db-ac6e-7578d0af0d95,9693a1d1-4b88-4d73-8138-b46b21e7a72c,5a3d193f-cb2b-40df-b401-d786b9e25ef8,CSO-2022-10-22,1,30000,0,0,MXN,excel_cso,Extraccion diaria de compras de gas natural para CCC Saltillo desde Consolidado CSO.xlsx.,Consolidado CSO.xlsx
22/11/2022,6bc2fbe4-3a34-4837-a3d8-8162e642ba3a,1a3dde4b-6f67-49db-ac6e-7578d0af0d95,9693a1d1-4b88-4d73-8138-b46b21e7a72c,5a3d193f-cb2b-40df-b401-d786b9e25ef8,CSO-2022-11-22,1,30000,0,0,MXN,excel_cso,Extraccion diaria de compras de gas natural para CCC Saltillo desde Consolidado CSO.xlsx.,Consolidado CSO.xlsx
22/12/2022,6bc2fbe4-3a34-4837-a3d8-8162e642ba3a,1a3dde4b-6f67-49db-ac6e-7578d0af0d95,9693a1d1-4b88-4d73-8138-b46b21e7a72c,5a3d193f-cb2b-40df-b401-d786b9e25ef8,CSO-2022-12-22,1,31000,0,0,MXN,excel_cso,Extraccion diaria de compras de gas natural para CCC Saltillo desde Consolidado CSO.xlsx.,Consolidado CSO.xlsx
23/01/2022,6bc2fbe4-3a34-4837-a3d8-8162e642ba3a,1a3dde4b-6f67-49db-ac6e-7578d0af0d95,9693a1d1-4b88-4d73-8138-b46b21e7a72c,5a3d193f-cb2b-40df-b401-d786b9e25ef8,CSO-2022-01-23,1,15000,0,0,MXN,excel_cso,Extraccion diaria de compras de gas natural para CCC Saltillo desde Consolidado CSO.xlsx.,Consolidado CSO.xlsx
23/02/2022,6bc2fbe4-3a34-4837-a3d8-8162e642ba3a,1a3dde4b-6f67-49db-ac6e-7578d0af0d95,9693a1d1-4b88-4d73-8138-b46b21e7a72c,5a3d193f-cb2b-40df-b401-d786b9e25ef8,CSO-2022-02-23,1,28000,0,0,MXN,excel_cso,Extraccion diaria de compras de gas natural para CCC Saltillo desde Consolidado CSO.xlsx.,Consolidado CSO.xlsx
23/03/2022,6bc2fbe4-3a34-4837-a3d8-8162e642ba3a,1a3dde4b-6f67-49db-ac6e-7578d0af0d95,9693a1d1-4b88-4d73-8138-b46b21e7a72c,5a3d193f-cb2b-40df-b401-d786b9e25ef8,CSO-2022-03-23,1,33000,0,0,MXN,excel_cso,Extraccion diaria de compras de gas natural para CCC Saltillo desde Consolidado CSO.xlsx.,Consolidado CSO.xlsx
23/04/2022,6bc2fbe4-3a34-4837-a3d8-8162e642ba3a,1a3dde4b-6f67-49db-ac6e-7578d0af0d95,9693a1d1-4b88-4d73-8138-b46b21e7a72c,5a3d193f-cb2b-40df-b401-d786b9e25ef8,CSO-2022-04-23,1,27000,0,0,MXN,excel_cso,Extraccion diaria de compras de gas natural para CCC Saltillo desde Consolidado CSO.xlsx.,Consolidado CSO.xlsx
23/05/2022,6bc2fbe4-3a34-4837-a3d8-8162e642ba3a,1a3dde4b-6f67-49db-ac6e-7578d0af0d95,9693a1d1-4b88-4d73-8138-b46b21e7a72c,5a3d193f-cb2b-40df-b401-d786b9e25ef8,CSO-2022-05-23,1,40000,0,0,MXN,excel_cso,Extraccion diaria de compras de gas natural para CCC Saltillo desde Consolidado CSO.xlsx.,Consolidado CSO.xlsx
23/06/2022,6bc2fbe4-3a34-4837-a3d8-8162e642ba3a,1a3dde4b-6f67-49db-ac6e-7578d0af0d95,9693a1d1-4b88-4d73-8138-b46b21e7a72c,5a3d193f-cb2b-40df-b401-d786b9e25ef8,CSO-2022-06-23,1,35000,0,0,MXN,excel_cso,Extraccion diaria de compras de gas natural para CCC Saltillo desde Consolidado CSO.xlsx.,Consolidado CSO.xlsx
23/07/2022,6bc2fbe4-3a34-4837-a3d8-8162e642ba3a,1a3dde4b-6f67-49db-ac6e-7578d0af0d95,9693a1d1-4b88-4d73-8138-b46b21e7a72c,5a3d193f-cb2b-40df-b401-d786b9e25ef8,CSO-2022-07-23,1,33000,0,0,MXN,excel_cso,Extraccion diaria de compras de gas natural para CCC Saltillo desde Consolidado CSO.xlsx.,Consolidado CSO.xlsx
23/08/2022,6bc2fbe4-3a34-4837-a3d8-8162e642ba3a,1a3dde4b-6f67-49db-ac6e-7578d0af0d95,9693a1d1-4b88-4d73-8138-b46b21e7a72c,5a3d193f-cb2b-40df-b401-d786b9e25ef8,CSO-2022-08-23,1,35000,0,0,MXN,excel_cso,Extraccion diaria de compras de gas natural para CCC Saltillo desde Consolidado CSO.xlsx.,Consolidado CSO.xlsx
23/09/2022,6bc2fbe4-3a34-4837-a3d8-8162e642ba3a,1a3dde4b-6f67-49db-ac6e-7578d0af0d95,9693a1d1-4b88-4d73-8138-b46b21e7a72c,5a3d193f-cb2b-40df-b401-d786b9e25ef8,CSO-2022-09-23,1,30000,0,0,MXN,excel_cso,Extraccion diaria de compras de gas natural para CCC Saltillo desde Consolidado CSO.xlsx.,Consolidado CSO.xlsx
23/10/2022,6bc2fbe4-3a34-4837-a3d8-8162e642ba3a,1a3dde4b-6f67-49db-ac6e-7578d0af0d95,9693a1d1-4b88-4d73-8138-b46b21e7a72c,5a3d193f-cb2b-40df-b401-d786b9e25ef8,CSO-2022-10-23,1,30000,0,0,MXN,excel_cso,Extraccion diaria de compras de gas natural para CCC Saltillo desde Consolidado CSO.xlsx.,Consolidado CSO.xlsx
23/11/2022,6bc2fbe4-3a34-4837-a3d8-8162e642ba3a,1a3dde4b-6f67-49db-ac6e-7578d0af0d95,9693a1d1-4b88-4d73-8138-b46b21e7a72c,5a3d193f-cb2b-40df-b401-d786b9e25ef8,CSO-2022-11-23,1,41649,0,0,MXN,excel_cso,Extraccion diaria de compras de gas natural para CCC Saltillo desde Consolidado CSO.xlsx.,Consolidado CSO.xlsx
23/12/2022,6bc2fbe4-3a34-4837-a3d8-8162e642ba3a,1a3dde4b-6f67-49db-ac6e-7578d0af0d95,9693a1d1-4b88-4d73-8138-b46b21e7a72c,5a3d193f-cb2b-40df-b401-d786b9e25ef8,CSO-2022-12-23,1,31000,0,0,MXN,excel_cso,Extraccion diaria de compras de gas natural para CCC Saltillo desde Consolidado CSO.xlsx.,Consolidado CSO.xlsx
24/01/2022,6bc2fbe4-3a34-4837-a3d8-8162e642ba3a,1a3dde4b-6f67-49db-ac6e-7578d0af0d95,9693a1d1-4b88-4d73-8138-b46b21e7a72c,5a3d193f-cb2b-40df-b401-d786b9e25ef8,CSO-2022-01-24,1,27000,0,0,MXN,excel_cso,Extraccion diaria de compras de gas natural para CCC Saltillo desde Consolidado CSO.xlsx.,Consolidado CSO.xlsx
24/02/2022,6bc2fbe4-3a34-4837-a3d8-8162e642ba3a,1a3dde4b-6f67-49db-ac6e-7578d0af0d95,9693a1d1-4b88-4d73-8138-b46b21e7a72c,5a3d193f-cb2b-40df-b401-d786b9e25ef8,CSO-2022-02-24,1,32000,0,0,MXN,excel_cso,Extraccion diaria de compras de gas natural para CCC Saltillo desde Consolidado CSO.xlsx.,Consolidado CSO.xlsx
24/03/2022,6bc2fbe4-3a34-4837-a3d8-8162e642ba3a,1a3dde4b-6f67-49db-ac6e-7578d0af0d95,9693a1d1-4b88-4d73-8138-b46b21e7a72c,5a3d193f-cb2b-40df-b401-d786b9e25ef8,CSO-2022-03-24,1,5000,0,0,MXN,excel_cso,Extraccion diaria de compras de gas natural para CCC Saltillo desde Consolidado CSO.xlsx.,Consolidado CSO.xlsx
24/04/2022,6bc2fbe4-3a34-4837-a3d8-8162e642ba3a,1a3dde4b-6f67-49db-ac6e-7578d0af0d95,9693a1d1-4b88-4d73-8138-b46b21e7a72c,5a3d193f-cb2b-40df-b401-d786b9e25ef8,CSO-2022-04-24,1,25000,0,0,MXN,excel_cso,Extraccion diaria de compras de gas natural para CCC Saltillo desde Consolidado CSO.xlsx.,Consolidado CSO.xlsx
24/05/2022,6bc2fbe4-3a34-4837-a3d8-8162e642ba3a,1a3dde4b-6f67-49db-ac6e-7578d0af0d95,9693a1d1-4b88-4d73-8138-b46b21e7a72c,5a3d193f-cb2b-40df-b401-d786b9e25ef8,CSO-2022-05-24,1,45000,0,0,MXN,excel_cso,Extraccion diaria de compras de gas natural para CCC Saltillo desde Consolidado CSO.xlsx.,Consolidado CSO.xlsx
24/06/2022,6bc2fbe4-3a34-4837-a3d8-8162e642ba3a,1a3dde4b-6f67-49db-ac6e-7578d0af0d95,9693a1d1-4b88-4d73-8138-b46b21e7a72c,5a3d193f-cb2b-40df-b401-d786b9e25ef8,CSO-2022-06-24,1,37000,0,0,MXN,excel_cso,Extraccion diaria de compras de gas natural para CCC Saltillo desde Consolidado CSO.xlsx.,Consolidado CSO.xlsx
24/07/2022,6bc2fbe4-3a34-4837-a3d8-8162e642ba3a,1a3dde4b-6f67-49db-ac6e-7578d0af0d95,9693a1d1-4b88-4d73-8138-b46b21e7a72c,5a3d193f-cb2b-40df-b401-d786b9e25ef8,CSO-2022-07-24,1,23000,0,0,MXN,excel_cso,Extraccion diaria de compras de gas natural para CCC Saltillo desde Consolidado CSO.xlsx.,Consolidado CSO.xlsx
24/08/2022,6bc2fbe4-3a34-4837-a3d8-8162e642ba3a,1a3dde4b-6f67-49db-ac6e-7578d0af0d95,9693a1d1-4b88-4d73-8138-b46b21e7a72c,5a3d193f-cb2b-40df-b401-d786b9e25ef8,CSO-2022-08-24,1,35000,0,0,MXN,excel_cso,Extraccion diaria de compras de gas natural para CCC Saltillo desde Consolidado CSO.xlsx.,Consolidado CSO.xlsx
24/09/2022,6bc2fbe4-3a34-4837-a3d8-8162e642ba3a,1a3dde4b-6f67-49db-ac6e-7578d0af0d95,9693a1d1-4b88-4d73-8138-b46b21e7a72c,5a3d193f-cb2b-40df-b401-d786b9e25ef8,CSO-2022-09-24,1,23000,0,0,MXN,excel_cso,Extraccion diaria de compras de gas natural para CCC Saltillo desde Consolidado CSO.xlsx.,Consolidado CSO.xlsx
24/10/2022,6bc2fbe4-3a34-4837-a3d8-8162e642ba3a,1a3dde4b-6f67-49db-ac6e-7578d0af0d95,9693a1d1-4b88-4d73-8138-b46b21e7a72c,5a3d193f-cb2b-40df-b401-d786b9e25ef8,CSO-2022-10-24,1,40000,0,0,MXN,excel_cso,Extraccion diaria de compras de gas natural para CCC Saltillo desde Consolidado CSO.xlsx.,Consolidado CSO.xlsx
24/11/2022,6bc2fbe4-3a34-4837-a3d8-8162e642ba3a,1a3dde4b-6f67-49db-ac6e-7578d0af0d95,9693a1d1-4b88-4d73-8138-b46b21e7a72c,5a3d193f-cb2b-40df-b401-d786b9e25ef8,CSO-2022-11-24,1,30000,0,0,MXN,excel_cso,Extraccion diaria de compras de gas natural para CCC Saltillo desde Consolidado CSO.xlsx.,Consolidado CSO.xlsx
24/12/2022,6bc2fbe4-3a34-4837-a3d8-8162e642ba3a,1a3dde4b-6f67-49db-ac6e-7578d0af0d95,9693a1d1-4b88-4d73-8138-b46b21e7a72c,5a3d193f-cb2b-40df-b401-d786b9e25ef8,CSO-2022-12-24,1,33000,0,0,MXN,excel_cso,Extraccion diaria de compras de gas natural para CCC Saltillo desde Consolidado CSO.xlsx.,Consolidado CSO.xlsx
25/01/2022,6bc2fbe4-3a34-4837-a3d8-8162e642ba3a,1a3dde4b-6f67-49db-ac6e-7578d0af0d95,9693a1d1-4b88-4d73-8138-b46b21e7a72c,5a3d193f-cb2b-40df-b401-d786b9e25ef8,CSO-2022-01-25,1,27000,0,0,MXN,excel_cso,Extraccion diaria de compras de gas natural para CCC Saltillo desde Consolidado CSO.xlsx.,Consolidado CSO.xlsx
25/02/2022,6bc2fbe4-3a34-4837-a3d8-8162e642ba3a,1a3dde4b-6f67-49db-ac6e-7578d0af0d95,9693a1d1-4b88-4d73-8138-b46b21e7a72c,5a3d193f-cb2b-40df-b401-d786b9e25ef8,CSO-2022-02-25,1,30000,0,0,MXN,excel_cso,Extraccion diaria de compras de gas natural para CCC Saltillo desde Consolidado CSO.xlsx.,Consolidado CSO.xlsx
25/03/2022,6bc2fbe4-3a34-4837-a3d8-8162e642ba3a,1a3dde4b-6f67-49db-ac6e-7578d0af0d95,9693a1d1-4b88-4d73-8138-b46b21e7a72c,5a3d193f-cb2b-40df-b401-d786b9e25ef8,CSO-2022-03-25,1,5000,0,0,MXN,excel_cso,Extraccion diaria de compras de gas natural para CCC Saltillo desde Consolidado CSO.xlsx.,Consolidado CSO.xlsx
25/04/2022,6bc2fbe4-3a34-4837-a3d8-8162e642ba3a,1a3dde4b-6f67-49db-ac6e-7578d0af0d95,9693a1d1-4b88-4d73-8138-b46b21e7a72c,5a3d193f-cb2b-40df-b401-d786b9e25ef8,CSO-2022-04-25,1,30000,0,0,MXN,excel_cso,Extraccion diaria de compras de gas natural para CCC Saltillo desde Consolidado CSO.xlsx.,Consolidado CSO.xlsx
25/05/2022,6bc2fbe4-3a34-4837-a3d8-8162e642ba3a,1a3dde4b-6f67-49db-ac6e-7578d0af0d95,9693a1d1-4b88-4d73-8138-b46b21e7a72c,5a3d193f-cb2b-40df-b401-d786b9e25ef8,CSO-2022-05-25,1,45000,0,0,MXN,excel_cso,Extraccion diaria de compras de gas natural para CCC Saltillo desde Consolidado CSO.xlsx.,Consolidado CSO.xlsx
25/06/2022,6bc2fbe4-3a34-4837-a3d8-8162e642ba3a,1a3dde4b-6f67-49db-ac6e-7578d0af0d95,9693a1d1-4b88-4d73-8138-b46b21e7a72c,5a3d193f-cb2b-40df-b401-d786b9e25ef8,CSO-2022-06-25,1,33000,0,0,MXN,excel_cso,Extraccion diaria de compras de gas natural para CCC Saltillo desde Consolidado CSO.xlsx.,Consolidado CSO.xlsx
25/07/2022,6bc2fbe4-3a34-4837-a3d8-8162e642ba3a,1a3dde4b-6f67-49db-ac6e-7578d0af0d95,9693a1d1-4b88-4d73-8138-b46b21e7a72c,5a3d193f-cb2b-40df-b401-d786b9e25ef8,CSO-2022-07-25,1,38000,0,0,MXN,excel_cso,Extraccion diaria de compras de gas natural para CCC Saltillo desde Consolidado CSO.xlsx.,Consolidado CSO.xlsx
25/08/2022,6bc2fbe4-3a34-4837-a3d8-8162e642ba3a,1a3dde4b-6f67-49db-ac6e-7578d0af0d95,9693a1d1-4b88-4d73-8138-b46b21e7a72c,5a3d193f-cb2b-40df-b401-d786b9e25ef8,CSO-2022-08-25,1,33000,0,0,MXN,excel_cso,Extraccion diaria de compras de gas natural para CCC Saltillo desde Consolidado CSO.xlsx.,Consolidado CSO.xlsx
25/09/2022,6bc2fbe4-3a34-4837-a3d8-8162e642ba3a,1a3dde4b-6f67-49db-ac6e-7578d0af0d95,9693a1d1-4b88-4d73-8138-b46b21e7a72c,5a3d193f-cb2b-40df-b401-d786b9e25ef8,CSO-2022-09-25,1,31000,0,0,MXN,excel_cso,Extraccion diaria de compras de gas natural para CCC Saltillo desde Consolidado CSO.xlsx.,Consolidado CSO.xlsx
25/10/2022,6bc2fbe4-3a34-4837-a3d8-8162e642ba3a,1a3dde4b-6f67-49db-ac6e-7578d0af0d95,9693a1d1-4b88-4d73-8138-b46b21e7a72c,5a3d193f-cb2b-40df-b401-d786b9e25ef8,CSO-2022-10-25,1,32000,0,0,MXN,excel_cso,Extraccion diaria de compras de gas natural para CCC Saltillo desde Consolidado CSO.xlsx.,Consolidado CSO.xlsx
25/11/2022,6bc2fbe4-3a34-4837-a3d8-8162e642ba3a,1a3dde4b-6f67-49db-ac6e-7578d0af0d95,9693a1d1-4b88-4d73-8138-b46b21e7a72c,5a3d193f-cb2b-40df-b401-d786b9e25ef8,CSO-2022-11-25,1,30000,0,0,MXN,excel_cso,Extraccion diaria de compras de gas natural para CCC Saltillo desde Consolidado CSO.xlsx.,Consolidado CSO.xlsx
25/12/2022,6bc2fbe4-3a34-4837-a3d8-8162e642ba3a,1a3dde4b-6f67-49db-ac6e-7578d0af0d95,9693a1d1-4b88-4d73-8138-b46b21e7a72c,5a3d193f-cb2b-40df-b401-d786b9e25ef8,CSO-2022-12-25,1,15000,0,0,MXN,excel_cso,Extraccion diaria de compras de gas natural para CCC Saltillo desde Consolidado CSO.xlsx.,Consolidado CSO.xlsx
26/01/2022,6bc2fbe4-3a34-4837-a3d8-8162e642ba3a,1a3dde4b-6f67-49db-ac6e-7578d0af0d95,9693a1d1-4b88-4d73-8138-b46b21e7a72c,5a3d193f-cb2b-40df-b401-d786b9e25ef8,CSO-2022-01-26,1,30000,0,0,MXN,excel_cso,Extraccion diaria de compras de gas natural para CCC Saltillo desde Consolidado CSO.xlsx.,Consolidado CSO.xlsx
26/02/2022,6bc2fbe4-3a34-4837-a3d8-8162e642ba3a,1a3dde4b-6f67-49db-ac6e-7578d0af0d95,9693a1d1-4b88-4d73-8138-b46b21e7a72c,5a3d193f-cb2b-40df-b401-d786b9e25ef8,CSO-2022-02-26,1,20000,0,0,MXN,excel_cso,Extraccion diaria de compras de gas natural para CCC Saltillo desde Consolidado CSO.xlsx.,Consolidado CSO.xlsx
26/03/2022,6bc2fbe4-3a34-4837-a3d8-8162e642ba3a,1a3dde4b-6f67-49db-ac6e-7578d0af0d95,9693a1d1-4b88-4d73-8138-b46b21e7a72c,5a3d193f-cb2b-40df-b401-d786b9e25ef8,CSO-2022-03-26,1,7000,0,0,MXN,excel_cso,Extraccion diaria de compras de gas natural para CCC Saltillo desde Consolidado CSO.xlsx.,Consolidado CSO.xlsx
26/04/2022,6bc2fbe4-3a34-4837-a3d8-8162e642ba3a,1a3dde4b-6f67-49db-ac6e-7578d0af0d95,9693a1d1-4b88-4d73-8138-b46b21e7a72c,5a3d193f-cb2b-40df-b401-d786b9e25ef8,CSO-2022-04-26,1,41000,0,0,MXN,excel_cso,Extraccion diaria de compras de gas natural para CCC Saltillo desde Consolidado CSO.xlsx.,Consolidado CSO.xlsx
26/05/2022,6bc2fbe4-3a34-4837-a3d8-8162e642ba3a,1a3dde4b-6f67-49db-ac6e-7578d0af0d95,9693a1d1-4b88-4d73-8138-b46b21e7a72c,5a3d193f-cb2b-40df-b401-d786b9e25ef8,CSO-2022-05-26,1,43067,0,0,MXN,excel_cso,Extraccion diaria de compras de gas natural para CCC Saltillo desde Consolidado CSO.xlsx.,Consolidado CSO.xlsx
26/06/2022,6bc2fbe4-3a34-4837-a3d8-8162e642ba3a,1a3dde4b-6f67-49db-ac6e-7578d0af0d95,9693a1d1-4b88-4d73-8138-b46b21e7a72c,5a3d193f-cb2b-40df-b401-d786b9e25ef8,CSO-2022-06-26,1,33000,0,0,MXN,excel_cso,Extraccion diaria de compras de gas natural para CCC Saltillo desde Consolidado CSO.xlsx.,Consolidado CSO.xlsx
26/07/2022,6bc2fbe4-3a34-4837-a3d8-8162e642ba3a,1a3dde4b-6f67-49db-ac6e-7578d0af0d95,9693a1d1-4b88-4d73-8138-b46b21e7a72c,5a3d193f-cb2b-40df-b401-d786b9e25ef8,CSO-2022-07-26,1,36000,0,0,MXN,excel_cso,Extraccion diaria de compras de gas natural para CCC Saltillo desde Consolidado CSO.xlsx.,Consolidado CSO.xlsx
26/08/2022,6bc2fbe4-3a34-4837-a3d8-8162e642ba3a,1a3dde4b-6f67-49db-ac6e-7578d0af0d95,9693a1d1-4b88-4d73-8138-b46b21e7a72c,5a3d193f-cb2b-40df-b401-d786b9e25ef8,CSO-2022-08-26,1,33000,0,0,MXN,excel_cso,Extraccion diaria de compras de gas natural para CCC Saltillo desde Consolidado CSO.xlsx.,Consolidado CSO.xlsx
26/09/2022,6bc2fbe4-3a34-4837-a3d8-8162e642ba3a,1a3dde4b-6f67-49db-ac6e-7578d0af0d95,9693a1d1-4b88-4d73-8138-b46b21e7a72c,5a3d193f-cb2b-40df-b401-d786b9e25ef8,CSO-2022-09-26,1,41000,0,0,MXN,excel_cso,Extraccion diaria de compras de gas natural para CCC Saltillo desde Consolidado CSO.xlsx.,Consolidado CSO.xlsx
26/10/2022,6bc2fbe4-3a34-4837-a3d8-8162e642ba3a,1a3dde4b-6f67-49db-ac6e-7578d0af0d95,9693a1d1-4b88-4d73-8138-b46b21e7a72c,5a3d193f-cb2b-40df-b401-d786b9e25ef8,CSO-2022-10-26,1,30000,0,0,MXN,excel_cso,Extraccion diaria de compras de gas natural para CCC Saltillo desde Consolidado CSO.xlsx.,Consolidado CSO.xlsx
26/11/2022,6bc2fbe4-3a34-4837-a3d8-8162e642ba3a,1a3dde4b-6f67-49db-ac6e-7578d0af0d95,9693a1d1-4b88-4d73-8138-b46b21e7a72c,5a3d193f-cb2b-40df-b401-d786b9e25ef8,CSO-2022-11-26,1,30000,0,0,MXN,excel_cso,Extraccion diaria de compras de gas natural para CCC Saltillo desde Consolidado CSO.xlsx.,Consolidado CSO.xlsx
26/12/2022,6bc2fbe4-3a34-4837-a3d8-8162e642ba3a,1a3dde4b-6f67-49db-ac6e-7578d0af0d95,9693a1d1-4b88-4d73-8138-b46b21e7a72c,5a3d193f-cb2b-40df-b401-d786b9e25ef8,CSO-2022-12-26,1,25000,0,0,MXN,excel_cso,Extraccion diaria de compras de gas natural para CCC Saltillo desde Consolidado CSO.xlsx.,Consolidado CSO.xlsx
27/01/2022,6bc2fbe4-3a34-4837-a3d8-8162e642ba3a,1a3dde4b-6f67-49db-ac6e-7578d0af0d95,9693a1d1-4b88-4d73-8138-b46b21e7a72c,5a3d193f-cb2b-40df-b401-d786b9e25ef8,CSO-2022-01-27,1,38000,0,0,MXN,excel_cso,Extraccion diaria de compras de gas natural para CCC Saltillo desde Consolidado CSO.xlsx.,Consolidado CSO.xlsx
27/02/2022,6bc2fbe4-3a34-4837-a3d8-8162e642ba3a,1a3dde4b-6f67-49db-ac6e-7578d0af0d95,9693a1d1-4b88-4d73-8138-b46b21e7a72c,5a3d193f-cb2b-40df-b401-d786b9e25ef8,CSO-2022-02-27,1,31000,0,0,MXN,excel_cso,Extraccion diaria de compras de gas natural para CCC Saltillo desde Consolidado CSO.xlsx.,Consolidado CSO.xlsx
27/03/2022,6bc2fbe4-3a34-4837-a3d8-8162e642ba3a,1a3dde4b-6f67-49db-ac6e-7578d0af0d95,9693a1d1-4b88-4d73-8138-b46b21e7a72c,5a3d193f-cb2b-40df-b401-d786b9e25ef8,CSO-2022-03-27,1,5000,0,0,MXN,excel_cso,Extraccion diaria de compras de gas natural para CCC Saltillo desde Consolidado CSO.xlsx.,Consolidado CSO.xlsx
27/04/2022,6bc2fbe4-3a34-4837-a3d8-8162e642ba3a,1a3dde4b-6f67-49db-ac6e-7578d0af0d95,9693a1d1-4b88-4d73-8138-b46b21e7a72c,5a3d193f-cb2b-40df-b401-d786b9e25ef8,CSO-2022-04-27,1,41000,0,0,MXN,excel_cso,Extraccion diaria de compras de gas natural para CCC Saltillo desde Consolidado CSO.xlsx.,Consolidado CSO.xlsx
27/05/2022,6bc2fbe4-3a34-4837-a3d8-8162e642ba3a,1a3dde4b-6f67-49db-ac6e-7578d0af0d95,9693a1d1-4b88-4d73-8138-b46b21e7a72c,5a3d193f-cb2b-40df-b401-d786b9e25ef8,CSO-2022-05-27,1,42000,0,0,MXN,excel_cso,Extraccion diaria de compras de gas natural para CCC Saltillo desde Consolidado CSO.xlsx.,Consolidado CSO.xlsx
27/06/2022,6bc2fbe4-3a34-4837-a3d8-8162e642ba3a,1a3dde4b-6f67-49db-ac6e-7578d0af0d95,9693a1d1-4b88-4d73-8138-b46b21e7a72c,5a3d193f-cb2b-40df-b401-d786b9e25ef8,CSO-2022-06-27,1,33000,0,0,MXN,excel_cso,Extraccion diaria de compras de gas natural para CCC Saltillo desde Consolidado CSO.xlsx.,Consolidado CSO.xlsx
27/07/2022,6bc2fbe4-3a34-4837-a3d8-8162e642ba3a,1a3dde4b-6f67-49db-ac6e-7578d0af0d95,9693a1d1-4b88-4d73-8138-b46b21e7a72c,5a3d193f-cb2b-40df-b401-d786b9e25ef8,CSO-2022-07-27,1,35000,0,0,MXN,excel_cso,Extraccion diaria de compras de gas natural para CCC Saltillo desde Consolidado CSO.xlsx.,Consolidado CSO.xlsx
27/08/2022,6bc2fbe4-3a34-4837-a3d8-8162e642ba3a,1a3dde4b-6f67-49db-ac6e-7578d0af0d95,9693a1d1-4b88-4d73-8138-b46b21e7a72c,5a3d193f-cb2b-40df-b401-d786b9e25ef8,CSO-2022-08-27,1,30000,0,0,MXN,excel_cso,Extraccion diaria de compras de gas natural para CCC Saltillo desde Consolidado CSO.xlsx.,Consolidado CSO.xlsx
27/09/2022,6bc2fbe4-3a34-4837-a3d8-8162e642ba3a,1a3dde4b-6f67-49db-ac6e-7578d0af0d95,9693a1d1-4b88-4d73-8138-b46b21e7a72c,5a3d193f-cb2b-40df-b401-d786b9e25ef8,CSO-2022-09-27,1,50000,0,0,MXN,excel_cso,Extraccion diaria de compras de gas natural para CCC Saltillo desde Consolidado CSO.xlsx.,Consolidado CSO.xlsx
27/10/2022,6bc2fbe4-3a34-4837-a3d8-8162e642ba3a,1a3dde4b-6f67-49db-ac6e-7578d0af0d95,9693a1d1-4b88-4d73-8138-b46b21e7a72c,5a3d193f-cb2b-40df-b401-d786b9e25ef8,CSO-2022-10-27,1,32000,0,0,MXN,excel_cso,Extraccion diaria de compras de gas natural para CCC Saltillo desde Consolidado CSO.xlsx.,Consolidado CSO.xlsx
27/11/2022,6bc2fbe4-3a34-4837-a3d8-8162e642ba3a,1a3dde4b-6f67-49db-ac6e-7578d0af0d95,9693a1d1-4b88-4d73-8138-b46b21e7a72c,5a3d193f-cb2b-40df-b401-d786b9e25ef8,CSO-2022-11-27,1,30000,0,0,MXN,excel_cso,Extraccion diaria de compras de gas natural para CCC Saltillo desde Consolidado CSO.xlsx.,Consolidado CSO.xlsx
27/12/2022,6bc2fbe4-3a34-4837-a3d8-8162e642ba3a,1a3dde4b-6f67-49db-ac6e-7578d0af0d95,9693a1d1-4b88-4d73-8138-b46b21e7a72c,5a3d193f-cb2b-40df-b401-d786b9e25ef8,CSO-2022-12-27,1,25000,0,0,MXN,excel_cso,Extraccion diaria de compras de gas natural para CCC Saltillo desde Consolidado CSO.xlsx.,Consolidado CSO.xlsx
28/01/2022,6bc2fbe4-3a34-4837-a3d8-8162e642ba3a,1a3dde4b-6f67-49db-ac6e-7578d0af0d95,9693a1d1-4b88-4d73-8138-b46b21e7a72c,5a3d193f-cb2b-40df-b401-d786b9e25ef8,CSO-2022-01-28,1,38070,0,0,MXN,excel_cso,Extraccion diaria de compras de gas natural para CCC Saltillo desde Consolidado CSO.xlsx.,Consolidado CSO.xlsx
28/02/2022,6bc2fbe4-3a34-4837-a3d8-8162e642ba3a,1a3dde4b-6f67-49db-ac6e-7578d0af0d95,9693a1d1-4b88-4d73-8138-b46b21e7a72c,5a3d193f-cb2b-40df-b401-d786b9e25ef8,CSO-2022-02-28,1,30000,0,0,MXN,excel_cso,Extraccion diaria de compras de gas natural para CCC Saltillo desde Consolidado CSO.xlsx.,Consolidado CSO.xlsx
28/03/2022,6bc2fbe4-3a34-4837-a3d8-8162e642ba3a,1a3dde4b-6f67-49db-ac6e-7578d0af0d95,9693a1d1-4b88-4d73-8138-b46b21e7a72c,5a3d193f-cb2b-40df-b401-d786b9e25ef8,CSO-2022-03-28,1,25000,0,0,MXN,excel_cso,Extraccion diaria de compras de gas natural para CCC Saltillo desde Consolidado CSO.xlsx.,Consolidado CSO.xlsx
28/04/2022,6bc2fbe4-3a34-4837-a3d8-8162e642ba3a,1a3dde4b-6f67-49db-ac6e-7578d0af0d95,9693a1d1-4b88-4d73-8138-b46b21e7a72c,5a3d193f-cb2b-40df-b401-d786b9e25ef8,CSO-2022-04-28,1,41000,0,0,MXN,excel_cso,Extraccion diaria de compras de gas natural para CCC Saltillo desde Consolidado CSO.xlsx.,Consolidado CSO.xlsx
28/05/2022,6bc2fbe4-3a34-4837-a3d8-8162e642ba3a,1a3dde4b-6f67-49db-ac6e-7578d0af0d95,9693a1d1-4b88-4d73-8138-b46b21e7a72c,5a3d193f-cb2b-40df-b401-d786b9e25ef8,CSO-2022-05-28,1,38000,0,0,MXN,excel_cso,Extraccion diaria de compras de gas natural para CCC Saltillo desde Consolidado CSO.xlsx.,Consolidado CSO.xlsx
28/06/2022,6bc2fbe4-3a34-4837-a3d8-8162e642ba3a,1a3dde4b-6f67-49db-ac6e-7578d0af0d95,9693a1d1-4b88-4d73-8138-b46b21e7a72c,5a3d193f-cb2b-40df-b401-d786b9e25ef8,CSO-2022-06-28,1,33000,0,0,MXN,excel_cso,Extraccion diaria de compras de gas natural para CCC Saltillo desde Consolidado CSO.xlsx.,Consolidado CSO.xlsx
28/07/2022,6bc2fbe4-3a34-4837-a3d8-8162e642ba3a,1a3dde4b-6f67-49db-ac6e-7578d0af0d95,9693a1d1-4b88-4d73-8138-b46b21e7a72c,5a3d193f-cb2b-40df-b401-d786b9e25ef8,CSO-2022-07-28,1,38000,0,0,MXN,excel_cso,Extraccion diaria de compras de gas natural para CCC Saltillo desde Consolidado CSO.xlsx.,Consolidado CSO.xlsx
28/08/2022,6bc2fbe4-3a34-4837-a3d8-8162e642ba3a,1a3dde4b-6f67-49db-ac6e-7578d0af0d95,9693a1d1-4b88-4d73-8138-b46b21e7a72c,5a3d193f-cb2b-40df-b401-d786b9e25ef8,CSO-2022-08-28,1,30000,0,0,MXN,excel_cso,Extraccion diaria de compras de gas natural para CCC Saltillo desde Consolidado CSO.xlsx.,Consolidado CSO.xlsx
28/09/2022,6bc2fbe4-3a34-4837-a3d8-8162e642ba3a,1a3dde4b-6f67-49db-ac6e-7578d0af0d95,9693a1d1-4b88-4d73-8138-b46b21e7a72c,5a3d193f-cb2b-40df-b401-d786b9e25ef8,CSO-2022-09-28,1,34467,0,0,MXN,excel_cso,Extraccion diaria de compras de gas natural para CCC Saltillo desde Consolidado CSO.xlsx.,Consolidado CSO.xlsx
28/10/2022,6bc2fbe4-3a34-4837-a3d8-8162e642ba3a,1a3dde4b-6f67-49db-ac6e-7578d0af0d95,9693a1d1-4b88-4d73-8138-b46b21e7a72c,5a3d193f-cb2b-40df-b401-d786b9e25ef8,CSO-2022-10-28,1,40000,0,0,MXN,excel_cso,Extraccion diaria de compras de gas natural para CCC Saltillo desde Consolidado CSO.xlsx.,Consolidado CSO.xlsx
28/11/2022,6bc2fbe4-3a34-4837-a3d8-8162e642ba3a,1a3dde4b-6f67-49db-ac6e-7578d0af0d95,9693a1d1-4b88-4d73-8138-b46b21e7a72c,5a3d193f-cb2b-40df-b401-d786b9e25ef8,CSO-2022-11-28,1,30000,0,0,MXN,excel_cso,Extraccion diaria de compras de gas natural para CCC Saltillo desde Consolidado CSO.xlsx.,Consolidado CSO.xlsx
28/12/2022,6bc2fbe4-3a34-4837-a3d8-8162e642ba3a,1a3dde4b-6f67-49db-ac6e-7578d0af0d95,9693a1d1-4b88-4d73-8138-b46b21e7a72c,5a3d193f-cb2b-40df-b401-d786b9e25ef8,CSO-2022-12-28,1,30000,0,0,MXN,excel_cso,Extraccion diaria de compras de gas natural para CCC Saltillo desde Consolidado CSO.xlsx.,Consolidado CSO.xlsx
29/01/2022,6bc2fbe4-3a34-4837-a3d8-8162e642ba3a,1a3dde4b-6f67-49db-ac6e-7578d0af0d95,9693a1d1-4b88-4d73-8138-b46b21e7a72c,5a3d193f-cb2b-40df-b401-d786b9e25ef8,CSO-2022-01-29,1,30000,0,0,MXN,excel_cso,Extraccion diaria de compras de gas natural para CCC Saltillo desde Consolidado CSO.xlsx.,Consolidado CSO.xlsx
29/03/2022,6bc2fbe4-3a34-4837-a3d8-8162e642ba3a,1a3dde4b-6f67-49db-ac6e-7578d0af0d95,9693a1d1-4b88-4d73-8138-b46b21e7a72c,5a3d193f-cb2b-40df-b401-d786b9e25ef8,CSO-2022-03-29,1,25000,0,0,MXN,excel_cso,Extraccion diaria de compras de gas natural para CCC Saltillo desde Consolidado CSO.xlsx.,Consolidado CSO.xlsx
29/04/2022,6bc2fbe4-3a34-4837-a3d8-8162e642ba3a,1a3dde4b-6f67-49db-ac6e-7578d0af0d95,9693a1d1-4b88-4d73-8138-b46b21e7a72c,5a3d193f-cb2b-40df-b401-d786b9e25ef8,CSO-2022-04-29,1,27000,0,0,MXN,excel_cso,Extraccion diaria de compras de gas natural para CCC Saltillo desde Consolidado CSO.xlsx.,Consolidado CSO.xlsx
29/05/2022,6bc2fbe4-3a34-4837-a3d8-8162e642ba3a,1a3dde4b-6f67-49db-ac6e-7578d0af0d95,9693a1d1-4b88-4d73-8138-b46b21e7a72c,5a3d193f-cb2b-40df-b401-d786b9e25ef8,CSO-2022-05-29,1,38000,0,0,MXN,excel_cso,Extraccion diaria de compras de gas natural para CCC Saltillo desde Consolidado CSO.xlsx.,Consolidado CSO.xlsx
29/06/2022,6bc2fbe4-3a34-4837-a3d8-8162e642ba3a,1a3dde4b-6f67-49db-ac6e-7578d0af0d95,9693a1d1-4b88-4d73-8138-b46b21e7a72c,5a3d193f-cb2b-40df-b401-d786b9e25ef8,CSO-2022-06-29,1,41000,0,0,MXN,excel_cso,Extraccion diaria de compras de gas natural para CCC Saltillo desde Consolidado CSO.xlsx.,Consolidado CSO.xlsx
29/07/2022,6bc2fbe4-3a34-4837-a3d8-8162e642ba3a,1a3dde4b-6f67-49db-ac6e-7578d0af0d95,9693a1d1-4b88-4d73-8138-b46b21e7a72c,5a3d193f-cb2b-40df-b401-d786b9e25ef8,CSO-2022-07-29,1,35000,0,0,MXN,excel_cso,Extraccion diaria de compras de gas natural para CCC Saltillo desde Consolidado CSO.xlsx.,Consolidado CSO.xlsx
29/08/2022,6bc2fbe4-3a34-4837-a3d8-8162e642ba3a,1a3dde4b-6f67-49db-ac6e-7578d0af0d95,9693a1d1-4b88-4d73-8138-b46b21e7a72c,5a3d193f-cb2b-40df-b401-d786b9e25ef8,CSO-2022-08-29,1,30000,0,0,MXN,excel_cso,Extraccion diaria de compras de gas natural para CCC Saltillo desde Consolidado CSO.xlsx.,Consolidado CSO.xlsx
29/09/2022,6bc2fbe4-3a34-4837-a3d8-8162e642ba3a,1a3dde4b-6f67-49db-ac6e-7578d0af0d95,9693a1d1-4b88-4d73-8138-b46b21e7a72c,5a3d193f-cb2b-40df-b401-d786b9e25ef8,CSO-2022-09-29,1,30000,0,0,MXN,excel_cso,Extraccion diaria de compras de gas natural para CCC Saltillo desde Consolidado CSO.xlsx.,Consolidado CSO.xlsx
29/10/2022,6bc2fbe4-3a34-4837-a3d8-8162e642ba3a,1a3dde4b-6f67-49db-ac6e-7578d0af0d95,9693a1d1-4b88-4d73-8138-b46b21e7a72c,5a3d193f-cb2b-40df-b401-d786b9e25ef8,CSO-2022-10-29,1,30000,0,0,MXN,excel_cso,Extraccion diaria de compras de gas natural para CCC Saltillo desde Consolidado CSO.xlsx.,Consolidado CSO.xlsx
29/11/2022,6bc2fbe4-3a34-4837-a3d8-8162e642ba3a,1a3dde4b-6f67-49db-ac6e-7578d0af0d95,9693a1d1-4b88-4d73-8138-b46b21e7a72c,5a3d193f-cb2b-40df-b401-d786b9e25ef8,CSO-2022-11-29,1,30000,0,0,MXN,excel_cso,Extraccion diaria de compras de gas natural para CCC Saltillo desde Consolidado CSO.xlsx.,Consolidado CSO.xlsx
29/12/2022,6bc2fbe4-3a34-4837-a3d8-8162e642ba3a,1a3dde4b-6f67-49db-ac6e-7578d0af0d95,9693a1d1-4b88-4d73-8138-b46b21e7a72c,5a3d193f-cb2b-40df-b401-d786b9e25ef8,CSO-2022-12-29,1,25000,0,0,MXN,excel_cso,Extraccion diaria de compras de gas natural para CCC Saltillo desde Consolidado CSO.xlsx.,Consolidado CSO.xlsx
30/01/2022,6bc2fbe4-3a34-4837-a3d8-8162e642ba3a,1a3dde4b-6f67-49db-ac6e-7578d0af0d95,9693a1d1-4b88-4d73-8138-b46b21e7a72c,5a3d193f-cb2b-40df-b401-d786b9e25ef8,CSO-2022-01-30,1,10000,0,0,MXN,excel_cso,Extraccion diaria de compras de gas natural para CCC Saltillo desde Consolidado CSO.xlsx.,Consolidado CSO.xlsx
30/03/2022,6bc2fbe4-3a34-4837-a3d8-8162e642ba3a,1a3dde4b-6f67-49db-ac6e-7578d0af0d95,9693a1d1-4b88-4d73-8138-b46b21e7a72c,5a3d193f-cb2b-40df-b401-d786b9e25ef8,CSO-2022-03-30,1,27000,0,0,MXN,excel_cso,Extraccion diaria de compras de gas natural para CCC Saltillo desde Consolidado CSO.xlsx.,Consolidado CSO.xlsx
30/04/2022,6bc2fbe4-3a34-4837-a3d8-8162e642ba3a,1a3dde4b-6f67-49db-ac6e-7578d0af0d95,9693a1d1-4b88-4d73-8138-b46b21e7a72c,5a3d193f-cb2b-40df-b401-d786b9e25ef8,CSO-2022-04-30,1,40100,0,0,MXN,excel_cso,Extraccion diaria de compras de gas natural para CCC Saltillo desde Consolidado CSO.xlsx.,Consolidado CSO.xlsx
30/05/2022,6bc2fbe4-3a34-4837-a3d8-8162e642ba3a,1a3dde4b-6f67-49db-ac6e-7578d0af0d95,9693a1d1-4b88-4d73-8138-b46b21e7a72c,5a3d193f-cb2b-40df-b401-d786b9e25ef8,CSO-2022-05-30,1,38000,0,0,MXN,excel_cso,Extraccion diaria de compras de gas natural para CCC Saltillo desde Consolidado CSO.xlsx.,Consolidado CSO.xlsx
30/06/2022,6bc2fbe4-3a34-4837-a3d8-8162e642ba3a,1a3dde4b-6f67-49db-ac6e-7578d0af0d95,9693a1d1-4b88-4d73-8138-b46b21e7a72c,5a3d193f-cb2b-40df-b401-d786b9e25ef8,CSO-2022-06-30,1,33000,0,0,MXN,excel_cso,Extraccion diaria de compras de gas natural para CCC Saltillo desde Consolidado CSO.xlsx.,Consolidado CSO.xlsx
30/07/2022,6bc2fbe4-3a34-4837-a3d8-8162e642ba3a,1a3dde4b-6f67-49db-ac6e-7578d0af0d95,9693a1d1-4b88-4d73-8138-b46b21e7a72c,5a3d193f-cb2b-40df-b401-d786b9e25ef8,CSO-2022-07-30,1,35000,0,0,MXN,excel_cso,Extraccion diaria de compras de gas natural para CCC Saltillo desde Consolidado CSO.xlsx.,Consolidado CSO.xlsx
30/08/2022,6bc2fbe4-3a34-4837-a3d8-8162e642ba3a,1a3dde4b-6f67-49db-ac6e-7578d0af0d95,9693a1d1-4b88-4d73-8138-b46b21e7a72c,5a3d193f-cb2b-40df-b401-d786b9e25ef8,CSO-2022-08-30,1,43000,0,0,MXN,excel_cso,Extraccion diaria de compras de gas natural para CCC Saltillo desde Consolidado CSO.xlsx.,Consolidado CSO.xlsx
30/09/2022,6bc2fbe4-3a34-4837-a3d8-8162e642ba3a,1a3dde4b-6f67-49db-ac6e-7578d0af0d95,9693a1d1-4b88-4d73-8138-b46b21e7a72c,5a3d193f-cb2b-40df-b401-d786b9e25ef8,CSO-2022-09-30,1,39039,0,0,MXN,excel_cso,Extraccion diaria de compras de gas natural para CCC Saltillo desde Consolidado CSO.xlsx.,Consolidado CSO.xlsx
30/10/2022,6bc2fbe4-3a34-4837-a3d8-8162e642ba3a,1a3dde4b-6f67-49db-ac6e-7578d0af0d95,9693a1d1-4b88-4d73-8138-b46b21e7a72c,5a3d193f-cb2b-40df-b401-d786b9e25ef8,CSO-2022-10-30,1,30000,0,0,MXN,excel_cso,Extraccion diaria de compras de gas natural para CCC Saltillo desde Consolidado CSO.xlsx.,Consolidado CSO.xlsx
30/11/2022,6bc2fbe4-3a34-4837-a3d8-8162e642ba3a,1a3dde4b-6f67-49db-ac6e-7578d0af0d95,9693a1d1-4b88-4d73-8138-b46b21e7a72c,5a3d193f-cb2b-40df-b401-d786b9e25ef8,CSO-2022-11-30,1,40900,0,0,MXN,excel_cso,Extraccion diaria de compras de gas natural para CCC Saltillo desde Consolidado CSO.xlsx.,Consolidado CSO.xlsx
30/12/2022,6bc2fbe4-3a34-4837-a3d8-8162e642ba3a,1a3dde4b-6f67-49db-ac6e-7578d0af0d95,9693a1d1-4b88-4d73-8138-b46b21e7a72c,5a3d193f-cb2b-40df-b401-d786b9e25ef8,CSO-2022-12-30,1,0,0,0,MXN,excel_cso,Extraccion diaria de compras de gas natural para CCC Saltillo desde Consolidado CSO.xlsx.,Consolidado CSO.xlsx
31/01/2022,6bc2fbe4-3a34-4837-a3d8-8162e642ba3a,1a3dde4b-6f67-49db-ac6e-7578d0af0d95,9693a1d1-4b88-4d73-8138-b46b21e7a72c,5a3d193f-cb2b-40df-b401-d786b9e25ef8,CSO-2022-01-31,1,30000,0,0,MXN,excel_cso,Extraccion diaria de compras de gas natural para CCC Saltillo desde Consolidado CSO.xlsx.,Consolidado CSO.xlsx
31/03/2022,6bc2fbe4-3a34-4837-a3d8-8162e642ba3a,1a3dde4b-6f67-49db-ac6e-7578d0af0d95,9693a1d1-4b88-4d73-8138-b46b21e7a72c,5a3d193f-cb2b-40df-b401-d786b9e25ef8,CSO-2022-03-31,1,23000,0,0,MXN,excel_cso,Extraccion diaria de compras de gas natural para CCC Saltillo desde Consolidado CSO.xlsx.,Consolidado CSO.xlsx
31/05/2022,6bc2fbe4-3a34-4837-a3d8-8162e642ba3a,1a3dde4b-6f67-49db-ac6e-7578d0af0d95,9693a1d1-4b88-4d73-8138-b46b21e7a72c,5a3d193f-cb2b-40df-b401-d786b9e25ef8,CSO-2022-05-31,1,38000,0,0,MXN,excel_cso,Extraccion diaria de compras de gas natural para CCC Saltillo desde Consolidado CSO.xlsx.,Consolidado CSO.xlsx
31/07/2022,6bc2fbe4-3a34-4837-a3d8-8162e642ba3a,1a3dde4b-6f67-49db-ac6e-7578d0af0d95,9693a1d1-4b88-4d73-8138-b46b21e7a72c,5a3d193f-cb2b-40df-b401-d786b9e25ef8,CSO-2022-07-31,1,35000,0,0,MXN,excel_cso,Extraccion diaria de compras de gas natural para CCC Saltillo desde Consolidado CSO.xlsx.,Consolidado CSO.xlsx
31/08/2022,6bc2fbe4-3a34-4837-a3d8-8162e642ba3a,1a3dde4b-6f67-49db-ac6e-7578d0af0d95,9693a1d1-4b88-4d73-8138-b46b21e7a72c,5a3d193f-cb2b-40df-b401-d786b9e25ef8,CSO-2022-08-31,1,32000,0,0,MXN,excel_cso,Extraccion diaria de compras de gas natural para CCC Saltillo desde Consolidado CSO.xlsx.,Consolidado CSO.xlsx
31/10/2022,6bc2fbe4-3a34-4837-a3d8-8162e642ba3a,1a3dde4b-6f67-49db-ac6e-7578d0af0d95,9693a1d1-4b88-4d73-8138-b46b21e7a72c,5a3d193f-cb2b-40df-b401-d786b9e25ef8,CSO-2022-10-31,1,30000,0,0,MXN,excel_cso,Extraccion diaria de compras de gas natural para CCC Saltillo desde Consolidado CSO.xlsx.,Consolidado CSO.xlsx
31/12/2022,6bc2fbe4-3a34-4837-a3d8-8162e642ba3a,1a3dde4b-6f67-49db-ac6e-7578d0af0d95,9693a1d1-4b88-4d73-8138-b46b21e7a72c,5a3d193f-cb2b-40df-b401-d786b9e25ef8,CSO-2022-12-31,1,10000,0,0,MXN,excel_cso,Extraccion diaria de compras de gas natural para CCC Saltillo desde Consolidado CSO.xlsx.,Consolidado CSO.xlsx
01/01/2023,6bc2fbe4-3a34-4837-a3d8-8162e642ba3a,1a3dde4b-6f67-49db-ac6e-7578d0af0d95,9693a1d1-4b88-4d73-8138-b46b21e7a72c,5a3d193f-cb2b-40df-b401-d786b9e25ef8,CSO-2023-01-01,1,10000,0,0,MXN,excel_cso,Extraccion diaria de compras de gas natural para CCC Saltillo desde Consolidado CSO.xlsx.,Consolidado CSO.xlsx
01/02/2023,6bc2fbe4-3a34-4837-a3d8-8162e642ba3a,1a3dde4b-6f67-49db-ac6e-7578d0af0d95,9693a1d1-4b88-4d73-8138-b46b21e7a72c,5a3d193f-cb2b-40df-b401-d786b9e25ef8,CSO-2023-02-01,1,32100,0,0,MXN,excel_cso,Extraccion diaria de compras de gas natural para CCC Saltillo desde Consolidado CSO.xlsx.,Consolidado CSO.xlsx
01/03/2023,6bc2fbe4-3a34-4837-a3d8-8162e642ba3a,1a3dde4b-6f67-49db-ac6e-7578d0af0d95,9693a1d1-4b88-4d73-8138-b46b21e7a72c,5a3d193f-cb2b-40df-b401-d786b9e25ef8,CSO-2023-03-01,1,39000,0,0,MXN,excel_cso,Extraccion diaria de compras de gas natural para CCC Saltillo desde Consolidado CSO.xlsx.,Consolidado CSO.xlsx
01/04/2023,6bc2fbe4-3a34-4837-a3d8-8162e642ba3a,1a3dde4b-6f67-49db-ac6e-7578d0af0d95,9693a1d1-4b88-4d73-8138-b46b21e7a72c,5a3d193f-cb2b-40df-b401-d786b9e25ef8,CSO-2023-04-01,1,32000,0,0,MXN,excel_cso,Extraccion diaria de compras de gas natural para CCC Saltillo desde Consolidado CSO.xlsx.,Consolidado CSO.xlsx
01/05/2023,6bc2fbe4-3a34-4837-a3d8-8162e642ba3a,1a3dde4b-6f67-49db-ac6e-7578d0af0d95,9693a1d1-4b88-4d73-8138-b46b21e7a72c,5a3d193f-cb2b-40df-b401-d786b9e25ef8,CSO-2023-05-01,1,23000,0,0,MXN,excel_cso,Extraccion diaria de compras de gas natural para CCC Saltillo desde Consolidado CSO.xlsx.,Consolidado CSO.xlsx
01/06/2023,6bc2fbe4-3a34-4837-a3d8-8162e642ba3a,1a3dde4b-6f67-49db-ac6e-7578d0af0d95,9693a1d1-4b88-4d73-8138-b46b21e7a72c,5a3d193f-cb2b-40df-b401-d786b9e25ef8,CSO-2023-06-01,1,32000,0,0,MXN,excel_cso,Extraccion diaria de compras de gas natural para CCC Saltillo desde Consolidado CSO.xlsx.,Consolidado CSO.xlsx
01/07/2023,6bc2fbe4-3a34-4837-a3d8-8162e642ba3a,1a3dde4b-6f67-49db-ac6e-7578d0af0d95,9693a1d1-4b88-4d73-8138-b46b21e7a72c,5a3d193f-cb2b-40df-b401-d786b9e25ef8,CSO-2023-07-01,1,14000,0,0,MXN,excel_cso,Extraccion diaria de compras de gas natural para CCC Saltillo desde Consolidado CSO.xlsx.,Consolidado CSO.xlsx
01/08/2023,6bc2fbe4-3a34-4837-a3d8-8162e642ba3a,1a3dde4b-6f67-49db-ac6e-7578d0af0d95,9693a1d1-4b88-4d73-8138-b46b21e7a72c,5a3d193f-cb2b-40df-b401-d786b9e25ef8,CSO-2023-08-01,1,20000,0,0,MXN,excel_cso,Extraccion diaria de compras de gas natural para CCC Saltillo desde Consolidado CSO.xlsx.,Consolidado CSO.xlsx
01/09/2023,6bc2fbe4-3a34-4837-a3d8-8162e642ba3a,1a3dde4b-6f67-49db-ac6e-7578d0af0d95,9693a1d1-4b88-4d73-8138-b46b21e7a72c,5a3d193f-cb2b-40df-b401-d786b9e25ef8,CSO-2023-09-01,1,37000,0,0,MXN,excel_cso,Extraccion diaria de compras de gas natural para CCC Saltillo desde Consolidado CSO.xlsx.,Consolidado CSO.xlsx
01/10/2023,6bc2fbe4-3a34-4837-a3d8-8162e642ba3a,1a3dde4b-6f67-49db-ac6e-7578d0af0d95,9693a1d1-4b88-4d73-8138-b46b21e7a72c,5a3d193f-cb2b-40df-b401-d786b9e25ef8,CSO-2023-10-01,1,23000,0,0,MXN,excel_cso,Extraccion diaria de compras de gas natural para CCC Saltillo desde Consolidado CSO.xlsx.,Consolidado CSO.xlsx
01/11/2023,6bc2fbe4-3a34-4837-a3d8-8162e642ba3a,1a3dde4b-6f67-49db-ac6e-7578d0af0d95,9693a1d1-4b88-4d73-8138-b46b21e7a72c,5a3d193f-cb2b-40df-b401-d786b9e25ef8,CSO-2023-11-01,1,24000,0,0,MXN,excel_cso,Extraccion diaria de compras de gas natural para CCC Saltillo desde Consolidado CSO.xlsx.,Consolidado CSO.xlsx
01/12/2023,6bc2fbe4-3a34-4837-a3d8-8162e642ba3a,1a3dde4b-6f67-49db-ac6e-7578d0af0d95,9693a1d1-4b88-4d73-8138-b46b21e7a72c,5a3d193f-cb2b-40df-b401-d786b9e25ef8,CSO-2023-12-01,1,42164,0,0,MXN,excel_cso,Extraccion diaria de compras de gas natural para CCC Saltillo desde Consolidado CSO.xlsx.,Consolidado CSO.xlsx
02/01/2023,6bc2fbe4-3a34-4837-a3d8-8162e642ba3a,1a3dde4b-6f67-49db-ac6e-7578d0af0d95,9693a1d1-4b88-4d73-8138-b46b21e7a72c,5a3d193f-cb2b-40df-b401-d786b9e25ef8,CSO-2023-01-02,1,25000,0,0,MXN,excel_cso,Extraccion diaria de compras de gas natural para CCC Saltillo desde Consolidado CSO.xlsx.,Consolidado CSO.xlsx
02/02/2023,6bc2fbe4-3a34-4837-a3d8-8162e642ba3a,1a3dde4b-6f67-49db-ac6e-7578d0af0d95,9693a1d1-4b88-4d73-8138-b46b21e7a72c,5a3d193f-cb2b-40df-b401-d786b9e25ef8,CSO-2023-02-02,1,30000,0,0,MXN,excel_cso,Extraccion diaria de compras de gas natural para CCC Saltillo desde Consolidado CSO.xlsx.,Consolidado CSO.xlsx
02/03/2023,6bc2fbe4-3a34-4837-a3d8-8162e642ba3a,1a3dde4b-6f67-49db-ac6e-7578d0af0d95,9693a1d1-4b88-4d73-8138-b46b21e7a72c,5a3d193f-cb2b-40df-b401-d786b9e25ef8,CSO-2023-03-02,1,31000,0,0,MXN,excel_cso,Extraccion diaria de compras de gas natural para CCC Saltillo desde Consolidado CSO.xlsx.,Consolidado CSO.xlsx
02/04/2023,6bc2fbe4-3a34-4837-a3d8-8162e642ba3a,1a3dde4b-6f67-49db-ac6e-7578d0af0d95,9693a1d1-4b88-4d73-8138-b46b21e7a72c,5a3d193f-cb2b-40df-b401-d786b9e25ef8,CSO-2023-04-02,1,46155,0,0,MXN,excel_cso,Extraccion diaria de compras de gas natural para CCC Saltillo desde Consolidado CSO.xlsx.,Consolidado CSO.xlsx
02/05/2023,6bc2fbe4-3a34-4837-a3d8-8162e642ba3a,1a3dde4b-6f67-49db-ac6e-7578d0af0d95,9693a1d1-4b88-4d73-8138-b46b21e7a72c,5a3d193f-cb2b-40df-b401-d786b9e25ef8,CSO-2023-05-02,1,33000,0,0,MXN,excel_cso,Extraccion diaria de compras de gas natural para CCC Saltillo desde Consolidado CSO.xlsx.,Consolidado CSO.xlsx
02/06/2023,6bc2fbe4-3a34-4837-a3d8-8162e642ba3a,1a3dde4b-6f67-49db-ac6e-7578d0af0d95,9693a1d1-4b88-4d73-8138-b46b21e7a72c,5a3d193f-cb2b-40df-b401-d786b9e25ef8,CSO-2023-06-02,1,32000,0,0,MXN,excel_cso,Extraccion diaria de compras de gas natural para CCC Saltillo desde Consolidado CSO.xlsx.,Consolidado CSO.xlsx
02/07/2023,6bc2fbe4-3a34-4837-a3d8-8162e642ba3a,1a3dde4b-6f67-49db-ac6e-7578d0af0d95,9693a1d1-4b88-4d73-8138-b46b21e7a72c,5a3d193f-cb2b-40df-b401-d786b9e25ef8,CSO-2023-07-02,1,45077,0,0,MXN,excel_cso,Extraccion diaria de compras de gas natural para CCC Saltillo desde Consolidado CSO.xlsx.,Consolidado CSO.xlsx
02/08/2023,6bc2fbe4-3a34-4837-a3d8-8162e642ba3a,1a3dde4b-6f67-49db-ac6e-7578d0af0d95,9693a1d1-4b88-4d73-8138-b46b21e7a72c,5a3d193f-cb2b-40df-b401-d786b9e25ef8,CSO-2023-08-02,1,33000,0,0,MXN,excel_cso,Extraccion diaria de compras de gas natural para CCC Saltillo desde Consolidado CSO.xlsx.,Consolidado CSO.xlsx
02/09/2023,6bc2fbe4-3a34-4837-a3d8-8162e642ba3a,1a3dde4b-6f67-49db-ac6e-7578d0af0d95,9693a1d1-4b88-4d73-8138-b46b21e7a72c,5a3d193f-cb2b-40df-b401-d786b9e25ef8,CSO-2023-09-02,1,32000,0,0,MXN,excel_cso,Extraccion diaria de compras de gas natural para CCC Saltillo desde Consolidado CSO.xlsx.,Consolidado CSO.xlsx
02/10/2023,6bc2fbe4-3a34-4837-a3d8-8162e642ba3a,1a3dde4b-6f67-49db-ac6e-7578d0af0d95,9693a1d1-4b88-4d73-8138-b46b21e7a72c,5a3d193f-cb2b-40df-b401-d786b9e25ef8,CSO-2023-10-02,1,39000,0,0,MXN,excel_cso,Extraccion diaria de compras de gas natural para CCC Saltillo desde Consolidado CSO.xlsx.,Consolidado CSO.xlsx
02/11/2023,6bc2fbe4-3a34-4837-a3d8-8162e642ba3a,1a3dde4b-6f67-49db-ac6e-7578d0af0d95,9693a1d1-4b88-4d73-8138-b46b21e7a72c,5a3d193f-cb2b-40df-b401-d786b9e25ef8,CSO-2023-11-02,1,23000,0,0,MXN,excel_cso,Extraccion diaria de compras de gas natural para CCC Saltillo desde Consolidado CSO.xlsx.,Consolidado CSO.xlsx
02/12/2023,6bc2fbe4-3a34-4837-a3d8-8162e642ba3a,1a3dde4b-6f67-49db-ac6e-7578d0af0d95,9693a1d1-4b88-4d73-8138-b46b21e7a72c,5a3d193f-cb2b-40df-b401-d786b9e25ef8,CSO-2023-12-02,1,39000,0,0,MXN,excel_cso,Extraccion diaria de compras de gas natural para CCC Saltillo desde Consolidado CSO.xlsx.,Consolidado CSO.xlsx
03/01/2023,6bc2fbe4-3a34-4837-a3d8-8162e642ba3a,1a3dde4b-6f67-49db-ac6e-7578d0af0d95,9693a1d1-4b88-4d73-8138-b46b21e7a72c,5a3d193f-cb2b-40df-b401-d786b9e25ef8,CSO-2023-01-03,1,28000,0,0,MXN,excel_cso,Extraccion diaria de compras de gas natural para CCC Saltillo desde Consolidado CSO.xlsx.,Consolidado CSO.xlsx
03/02/2023,6bc2fbe4-3a34-4837-a3d8-8162e642ba3a,1a3dde4b-6f67-49db-ac6e-7578d0af0d95,9693a1d1-4b88-4d73-8138-b46b21e7a72c,5a3d193f-cb2b-40df-b401-d786b9e25ef8,CSO-2023-02-03,1,41000,0,0,MXN,excel_cso,Extraccion diaria de compras de gas natural para CCC Saltillo desde Consolidado CSO.xlsx.,Consolidado CSO.xlsx
03/03/2023,6bc2fbe4-3a34-4837-a3d8-8162e642ba3a,1a3dde4b-6f67-49db-ac6e-7578d0af0d95,9693a1d1-4b88-4d73-8138-b46b21e7a72c,5a3d193f-cb2b-40df-b401-d786b9e25ef8,CSO-2023-03-03,1,31000,0,0,MXN,excel_cso,Extraccion diaria de compras de gas natural para CCC Saltillo desde Consolidado CSO.xlsx.,Consolidado CSO.xlsx
03/04/2023,6bc2fbe4-3a34-4837-a3d8-8162e642ba3a,1a3dde4b-6f67-49db-ac6e-7578d0af0d95,9693a1d1-4b88-4d73-8138-b46b21e7a72c,5a3d193f-cb2b-40df-b401-d786b9e25ef8,CSO-2023-04-03,1,34000,0,0,MXN,excel_cso,Extraccion diaria de compras de gas natural para CCC Saltillo desde Consolidado CSO.xlsx.,Consolidado CSO.xlsx
03/05/2023,6bc2fbe4-3a34-4837-a3d8-8162e642ba3a,1a3dde4b-6f67-49db-ac6e-7578d0af0d95,9693a1d1-4b88-4d73-8138-b46b21e7a72c,5a3d193f-cb2b-40df-b401-d786b9e25ef8,CSO-2023-05-03,1,20875,0,0,MXN,excel_cso,Extraccion diaria de compras de gas natural para CCC Saltillo desde Consolidado CSO.xlsx.,Consolidado CSO.xlsx
03/06/2023,6bc2fbe4-3a34-4837-a3d8-8162e642ba3a,1a3dde4b-6f67-49db-ac6e-7578d0af0d95,9693a1d1-4b88-4d73-8138-b46b21e7a72c,5a3d193f-cb2b-40df-b401-d786b9e25ef8,CSO-2023-06-03,1,30000,0,0,MXN,excel_cso,Extraccion diaria de compras de gas natural para CCC Saltillo desde Consolidado CSO.xlsx.,Consolidado CSO.xlsx
03/07/2023,6bc2fbe4-3a34-4837-a3d8-8162e642ba3a,1a3dde4b-6f67-49db-ac6e-7578d0af0d95,9693a1d1-4b88-4d73-8138-b46b21e7a72c,5a3d193f-cb2b-40df-b401-d786b9e25ef8,CSO-2023-07-03,1,41279,0,0,MXN,excel_cso,Extraccion diaria de compras de gas natural para CCC Saltillo desde Consolidado CSO.xlsx.,Consolidado CSO.xlsx
03/08/2023,6bc2fbe4-3a34-4837-a3d8-8162e642ba3a,1a3dde4b-6f67-49db-ac6e-7578d0af0d95,9693a1d1-4b88-4d73-8138-b46b21e7a72c,5a3d193f-cb2b-40df-b401-d786b9e25ef8,CSO-2023-08-03,1,36000,0,0,MXN,excel_cso,Extraccion diaria de compras de gas natural para CCC Saltillo desde Consolidado CSO.xlsx.,Consolidado CSO.xlsx
03/09/2023,6bc2fbe4-3a34-4837-a3d8-8162e642ba3a,1a3dde4b-6f67-49db-ac6e-7578d0af0d95,9693a1d1-4b88-4d73-8138-b46b21e7a72c,5a3d193f-cb2b-40df-b401-d786b9e25ef8,CSO-2023-09-03,1,30000,0,0,MXN,excel_cso,Extraccion diaria de compras de gas natural para CCC Saltillo desde Consolidado CSO.xlsx.,Consolidado CSO.xlsx
03/10/2023,6bc2fbe4-3a34-4837-a3d8-8162e642ba3a,1a3dde4b-6f67-49db-ac6e-7578d0af0d95,9693a1d1-4b88-4d73-8138-b46b21e7a72c,5a3d193f-cb2b-40df-b401-d786b9e25ef8,CSO-2023-10-03,1,42000,0,0,MXN,excel_cso,Extraccion diaria de compras de gas natural para CCC Saltillo desde Consolidado CSO.xlsx.,Consolidado CSO.xlsx
03/11/2023,6bc2fbe4-3a34-4837-a3d8-8162e642ba3a,1a3dde4b-6f67-49db-ac6e-7578d0af0d95,9693a1d1-4b88-4d73-8138-b46b21e7a72c,5a3d193f-cb2b-40df-b401-d786b9e25ef8,CSO-2023-11-03,1,20000,0,0,MXN,excel_cso,Extraccion diaria de compras de gas natural para CCC Saltillo desde Consolidado CSO.xlsx.,Consolidado CSO.xlsx
03/12/2023,6bc2fbe4-3a34-4837-a3d8-8162e642ba3a,1a3dde4b-6f67-49db-ac6e-7578d0af0d95,9693a1d1-4b88-4d73-8138-b46b21e7a72c,5a3d193f-cb2b-40df-b401-d786b9e25ef8,CSO-2023-12-03,1,25000,0,0,MXN,excel_cso,Extraccion diaria de compras de gas natural para CCC Saltillo desde Consolidado CSO.xlsx.,Consolidado CSO.xlsx
04/01/2023,6bc2fbe4-3a34-4837-a3d8-8162e642ba3a,1a3dde4b-6f67-49db-ac6e-7578d0af0d95,9693a1d1-4b88-4d73-8138-b46b21e7a72c,5a3d193f-cb2b-40df-b401-d786b9e25ef8,CSO-2023-01-04,1,30000,0,0,MXN,excel_cso,Extraccion diaria de compras de gas natural para CCC Saltillo desde Consolidado CSO.xlsx.,Consolidado CSO.xlsx
04/02/2023,6bc2fbe4-3a34-4837-a3d8-8162e642ba3a,1a3dde4b-6f67-49db-ac6e-7578d0af0d95,9693a1d1-4b88-4d73-8138-b46b21e7a72c,5a3d193f-cb2b-40df-b401-d786b9e25ef8,CSO-2023-02-04,1,37000,0,0,MXN,excel_cso,Extraccion diaria de compras de gas natural para CCC Saltillo desde Consolidado CSO.xlsx.,Consolidado CSO.xlsx
04/03/2023,6bc2fbe4-3a34-4837-a3d8-8162e642ba3a,1a3dde4b-6f67-49db-ac6e-7578d0af0d95,9693a1d1-4b88-4d73-8138-b46b21e7a72c,5a3d193f-cb2b-40df-b401-d786b9e25ef8,CSO-2023-03-04,1,21000,0,0,MXN,excel_cso,Extraccion diaria de compras de gas natural para CCC Saltillo desde Consolidado CSO.xlsx.,Consolidado CSO.xlsx
04/04/2023,6bc2fbe4-3a34-4837-a3d8-8162e642ba3a,1a3dde4b-6f67-49db-ac6e-7578d0af0d95,9693a1d1-4b88-4d73-8138-b46b21e7a72c,5a3d193f-cb2b-40df-b401-d786b9e25ef8,CSO-2023-04-04,1,19856,0,0,MXN,excel_cso,Extraccion diaria de compras de gas natural para CCC Saltillo desde Consolidado CSO.xlsx.,Consolidado CSO.xlsx
04/05/2023,6bc2fbe4-3a34-4837-a3d8-8162e642ba3a,1a3dde4b-6f67-49db-ac6e-7578d0af0d95,9693a1d1-4b88-4d73-8138-b46b21e7a72c,5a3d193f-cb2b-40df-b401-d786b9e25ef8,CSO-2023-05-04,1,33000,0,0,MXN,excel_cso,Extraccion diaria de compras de gas natural para CCC Saltillo desde Consolidado CSO.xlsx.,Consolidado CSO.xlsx
04/06/2023,6bc2fbe4-3a34-4837-a3d8-8162e642ba3a,1a3dde4b-6f67-49db-ac6e-7578d0af0d95,9693a1d1-4b88-4d73-8138-b46b21e7a72c,5a3d193f-cb2b-40df-b401-d786b9e25ef8,CSO-2023-06-04,1,40000,0,0,MXN,excel_cso,Extraccion diaria de compras de gas natural para CCC Saltillo desde Consolidado CSO.xlsx.,Consolidado CSO.xlsx
04/07/2023,6bc2fbe4-3a34-4837-a3d8-8162e642ba3a,1a3dde4b-6f67-49db-ac6e-7578d0af0d95,9693a1d1-4b88-4d73-8138-b46b21e7a72c,5a3d193f-cb2b-40df-b401-d786b9e25ef8,CSO-2023-07-04,1,34000,0,0,MXN,excel_cso,Extraccion diaria de compras de gas natural para CCC Saltillo desde Consolidado CSO.xlsx.,Consolidado CSO.xlsx
04/08/2023,6bc2fbe4-3a34-4837-a3d8-8162e642ba3a,1a3dde4b-6f67-49db-ac6e-7578d0af0d95,9693a1d1-4b88-4d73-8138-b46b21e7a72c,5a3d193f-cb2b-40df-b401-d786b9e25ef8,CSO-2023-08-04,1,40000,0,0,MXN,excel_cso,Extraccion diaria de compras de gas natural para CCC Saltillo desde Consolidado CSO.xlsx.,Consolidado CSO.xlsx
04/09/2023,6bc2fbe4-3a34-4837-a3d8-8162e642ba3a,1a3dde4b-6f67-49db-ac6e-7578d0af0d95,9693a1d1-4b88-4d73-8138-b46b21e7a72c,5a3d193f-cb2b-40df-b401-d786b9e25ef8,CSO-2023-09-04,1,41000,0,0,MXN,excel_cso,Extraccion diaria de compras de gas natural para CCC Saltillo desde Consolidado CSO.xlsx.,Consolidado CSO.xlsx
04/10/2023,6bc2fbe4-3a34-4837-a3d8-8162e642ba3a,1a3dde4b-6f67-49db-ac6e-7578d0af0d95,9693a1d1-4b88-4d73-8138-b46b21e7a72c,5a3d193f-cb2b-40df-b401-d786b9e25ef8,CSO-2023-10-04,1,45000,0,0,MXN,excel_cso,Extraccion diaria de compras de gas natural para CCC Saltillo desde Consolidado CSO.xlsx.,Consolidado CSO.xlsx
04/11/2023,6bc2fbe4-3a34-4837-a3d8-8162e642ba3a,1a3dde4b-6f67-49db-ac6e-7578d0af0d95,9693a1d1-4b88-4d73-8138-b46b21e7a72c,5a3d193f-cb2b-40df-b401-d786b9e25ef8,CSO-2023-11-04,1,23000,0,0,MXN,excel_cso,Extraccion diaria de compras de gas natural para CCC Saltillo desde Consolidado CSO.xlsx.,Consolidado CSO.xlsx
04/12/2023,6bc2fbe4-3a34-4837-a3d8-8162e642ba3a,1a3dde4b-6f67-49db-ac6e-7578d0af0d95,9693a1d1-4b88-4d73-8138-b46b21e7a72c,5a3d193f-cb2b-40df-b401-d786b9e25ef8,CSO-2023-12-04,1,39000,0,0,MXN,excel_cso,Extraccion diaria de compras de gas natural para CCC Saltillo desde Consolidado CSO.xlsx.,Consolidado CSO.xlsx
05/01/2023,6bc2fbe4-3a34-4837-a3d8-8162e642ba3a,1a3dde4b-6f67-49db-ac6e-7578d0af0d95,9693a1d1-4b88-4d73-8138-b46b21e7a72c,5a3d193f-cb2b-40df-b401-d786b9e25ef8,CSO-2023-01-05,1,25000,0,0,MXN,excel_cso,Extraccion diaria de compras de gas natural para CCC Saltillo desde Consolidado CSO.xlsx.,Consolidado CSO.xlsx
05/02/2023,6bc2fbe4-3a34-4837-a3d8-8162e642ba3a,1a3dde4b-6f67-49db-ac6e-7578d0af0d95,9693a1d1-4b88-4d73-8138-b46b21e7a72c,5a3d193f-cb2b-40df-b401-d786b9e25ef8,CSO-2023-02-05,1,27000,0,0,MXN,excel_cso,Extraccion diaria de compras de gas natural para CCC Saltillo desde Consolidado CSO.xlsx.,Consolidado CSO.xlsx
05/03/2023,6bc2fbe4-3a34-4837-a3d8-8162e642ba3a,1a3dde4b-6f67-49db-ac6e-7578d0af0d95,9693a1d1-4b88-4d73-8138-b46b21e7a72c,5a3d193f-cb2b-40df-b401-d786b9e25ef8,CSO-2023-03-05,1,8000,0,0,MXN,excel_cso,Extraccion diaria de compras de gas natural para CCC Saltillo desde Consolidado CSO.xlsx.,Consolidado CSO.xlsx
05/04/2023,6bc2fbe4-3a34-4837-a3d8-8162e642ba3a,1a3dde4b-6f67-49db-ac6e-7578d0af0d95,9693a1d1-4b88-4d73-8138-b46b21e7a72c,5a3d193f-cb2b-40df-b401-d786b9e25ef8,CSO-2023-04-05,1,31000,0,0,MXN,excel_cso,Extraccion diaria de compras de gas natural para CCC Saltillo desde Consolidado CSO.xlsx.,Consolidado CSO.xlsx
05/05/2023,6bc2fbe4-3a34-4837-a3d8-8162e642ba3a,1a3dde4b-6f67-49db-ac6e-7578d0af0d95,9693a1d1-4b88-4d73-8138-b46b21e7a72c,5a3d193f-cb2b-40df-b401-d786b9e25ef8,CSO-2023-05-05,1,34000,0,0,MXN,excel_cso,Extraccion diaria de compras de gas natural para CCC Saltillo desde Consolidado CSO.xlsx.,Consolidado CSO.xlsx
05/06/2023,6bc2fbe4-3a34-4837-a3d8-8162e642ba3a,1a3dde4b-6f67-49db-ac6e-7578d0af0d95,9693a1d1-4b88-4d73-8138-b46b21e7a72c,5a3d193f-cb2b-40df-b401-d786b9e25ef8,CSO-2023-06-05,1,30000,0,0,MXN,excel_cso,Extraccion diaria de compras de gas natural para CCC Saltillo desde Consolidado CSO.xlsx.,Consolidado CSO.xlsx
05/07/2023,6bc2fbe4-3a34-4837-a3d8-8162e642ba3a,1a3dde4b-6f67-49db-ac6e-7578d0af0d95,9693a1d1-4b88-4d73-8138-b46b21e7a72c,5a3d193f-cb2b-40df-b401-d786b9e25ef8,CSO-2023-07-05,1,50000,0,0,MXN,excel_cso,Extraccion diaria de compras de gas natural para CCC Saltillo desde Consolidado CSO.xlsx.,Consolidado CSO.xlsx
05/08/2023,6bc2fbe4-3a34-4837-a3d8-8162e642ba3a,1a3dde4b-6f67-49db-ac6e-7578d0af0d95,9693a1d1-4b88-4d73-8138-b46b21e7a72c,5a3d193f-cb2b-40df-b401-d786b9e25ef8,CSO-2023-08-05,1,37000,0,0,MXN,excel_cso,Extraccion diaria de compras de gas natural para CCC Saltillo desde Consolidado CSO.xlsx.,Consolidado CSO.xlsx
05/09/2023,6bc2fbe4-3a34-4837-a3d8-8162e642ba3a,1a3dde4b-6f67-49db-ac6e-7578d0af0d95,9693a1d1-4b88-4d73-8138-b46b21e7a72c,5a3d193f-cb2b-40df-b401-d786b9e25ef8,CSO-2023-09-05,1,41000,0,0,MXN,excel_cso,Extraccion diaria de compras de gas natural para CCC Saltillo desde Consolidado CSO.xlsx.,Consolidado CSO.xlsx
05/10/2023,6bc2fbe4-3a34-4837-a3d8-8162e642ba3a,1a3dde4b-6f67-49db-ac6e-7578d0af0d95,9693a1d1-4b88-4d73-8138-b46b21e7a72c,5a3d193f-cb2b-40df-b401-d786b9e25ef8,CSO-2023-10-05,1,39000,0,0,MXN,excel_cso,Extraccion diaria de compras de gas natural para CCC Saltillo desde Consolidado CSO.xlsx.,Consolidado CSO.xlsx
05/11/2023,6bc2fbe4-3a34-4837-a3d8-8162e642ba3a,1a3dde4b-6f67-49db-ac6e-7578d0af0d95,9693a1d1-4b88-4d73-8138-b46b21e7a72c,5a3d193f-cb2b-40df-b401-d786b9e25ef8,CSO-2023-11-05,1,23000,0,0,MXN,excel_cso,Extraccion diaria de compras de gas natural para CCC Saltillo desde Consolidado CSO.xlsx.,Consolidado CSO.xlsx
05/12/2023,6bc2fbe4-3a34-4837-a3d8-8162e642ba3a,1a3dde4b-6f67-49db-ac6e-7578d0af0d95,9693a1d1-4b88-4d73-8138-b46b21e7a72c,5a3d193f-cb2b-40df-b401-d786b9e25ef8,CSO-2023-12-05,1,39000,0,0,MXN,excel_cso,Extraccion diaria de compras de gas natural para CCC Saltillo desde Consolidado CSO.xlsx.,Consolidado CSO.xlsx
06/01/2023,6bc2fbe4-3a34-4837-a3d8-8162e642ba3a,1a3dde4b-6f67-49db-ac6e-7578d0af0d95,9693a1d1-4b88-4d73-8138-b46b21e7a72c,5a3d193f-cb2b-40df-b401-d786b9e25ef8,CSO-2023-01-06,1,0,0,0,MXN,excel_cso,Extraccion diaria de compras de gas natural para CCC Saltillo desde Consolidado CSO.xlsx.,Consolidado CSO.xlsx
06/02/2023,6bc2fbe4-3a34-4837-a3d8-8162e642ba3a,1a3dde4b-6f67-49db-ac6e-7578d0af0d95,9693a1d1-4b88-4d73-8138-b46b21e7a72c,5a3d193f-cb2b-40df-b401-d786b9e25ef8,CSO-2023-02-06,1,27000,0,0,MXN,excel_cso,Extraccion diaria de compras de gas natural para CCC Saltillo desde Consolidado CSO.xlsx.,Consolidado CSO.xlsx
06/03/2023,6bc2fbe4-3a34-4837-a3d8-8162e642ba3a,1a3dde4b-6f67-49db-ac6e-7578d0af0d95,9693a1d1-4b88-4d73-8138-b46b21e7a72c,5a3d193f-cb2b-40df-b401-d786b9e25ef8,CSO-2023-03-06,1,31000,0,0,MXN,excel_cso,Extraccion diaria de compras de gas natural para CCC Saltillo desde Consolidado CSO.xlsx.,Consolidado CSO.xlsx
06/04/2023,6bc2fbe4-3a34-4837-a3d8-8162e642ba3a,1a3dde4b-6f67-49db-ac6e-7578d0af0d95,9693a1d1-4b88-4d73-8138-b46b21e7a72c,5a3d193f-cb2b-40df-b401-d786b9e25ef8,CSO-2023-04-06,1,31000,0,0,MXN,excel_cso,Extraccion diaria de compras de gas natural para CCC Saltillo desde Consolidado CSO.xlsx.,Consolidado CSO.xlsx
06/05/2023,6bc2fbe4-3a34-4837-a3d8-8162e642ba3a,1a3dde4b-6f67-49db-ac6e-7578d0af0d95,9693a1d1-4b88-4d73-8138-b46b21e7a72c,5a3d193f-cb2b-40df-b401-d786b9e25ef8,CSO-2023-05-06,1,33000,0,0,MXN,excel_cso,Extraccion diaria de compras de gas natural para CCC Saltillo desde Consolidado CSO.xlsx.,Consolidado CSO.xlsx
06/06/2023,6bc2fbe4-3a34-4837-a3d8-8162e642ba3a,1a3dde4b-6f67-49db-ac6e-7578d0af0d95,9693a1d1-4b88-4d73-8138-b46b21e7a72c,5a3d193f-cb2b-40df-b401-d786b9e25ef8,CSO-2023-06-06,1,42000,0,0,MXN,excel_cso,Extraccion diaria de compras de gas natural para CCC Saltillo desde Consolidado CSO.xlsx.,Consolidado CSO.xlsx
06/07/2023,6bc2fbe4-3a34-4837-a3d8-8162e642ba3a,1a3dde4b-6f67-49db-ac6e-7578d0af0d95,9693a1d1-4b88-4d73-8138-b46b21e7a72c,5a3d193f-cb2b-40df-b401-d786b9e25ef8,CSO-2023-07-06,1,27000,0,0,MXN,excel_cso,Extraccion diaria de compras de gas natural para CCC Saltillo desde Consolidado CSO.xlsx.,Consolidado CSO.xlsx
06/08/2023,6bc2fbe4-3a34-4837-a3d8-8162e642ba3a,1a3dde4b-6f67-49db-ac6e-7578d0af0d95,9693a1d1-4b88-4d73-8138-b46b21e7a72c,5a3d193f-cb2b-40df-b401-d786b9e25ef8,CSO-2023-08-06,1,32000,0,0,MXN,excel_cso,Extraccion diaria de compras de gas natural para CCC Saltillo desde Consolidado CSO.xlsx.,Consolidado CSO.xlsx
06/09/2023,6bc2fbe4-3a34-4837-a3d8-8162e642ba3a,1a3dde4b-6f67-49db-ac6e-7578d0af0d95,9693a1d1-4b88-4d73-8138-b46b21e7a72c,5a3d193f-cb2b-40df-b401-d786b9e25ef8,CSO-2023-09-06,1,43000,0,0,MXN,excel_cso,Extraccion diaria de compras de gas natural para CCC Saltillo desde Consolidado CSO.xlsx.,Consolidado CSO.xlsx
06/10/2023,6bc2fbe4-3a34-4837-a3d8-8162e642ba3a,1a3dde4b-6f67-49db-ac6e-7578d0af0d95,9693a1d1-4b88-4d73-8138-b46b21e7a72c,5a3d193f-cb2b-40df-b401-d786b9e25ef8,CSO-2023-10-06,1,41000,0,0,MXN,excel_cso,Extraccion diaria de compras de gas natural para CCC Saltillo desde Consolidado CSO.xlsx.,Consolidado CSO.xlsx
06/11/2023,6bc2fbe4-3a34-4837-a3d8-8162e642ba3a,1a3dde4b-6f67-49db-ac6e-7578d0af0d95,9693a1d1-4b88-4d73-8138-b46b21e7a72c,5a3d193f-cb2b-40df-b401-d786b9e25ef8,CSO-2023-11-06,1,37232,0,0,MXN,excel_cso,Extraccion diaria de compras de gas natural para CCC Saltillo desde Consolidado CSO.xlsx.,Consolidado CSO.xlsx
06/12/2023,6bc2fbe4-3a34-4837-a3d8-8162e642ba3a,1a3dde4b-6f67-49db-ac6e-7578d0af0d95,9693a1d1-4b88-4d73-8138-b46b21e7a72c,5a3d193f-cb2b-40df-b401-d786b9e25ef8,CSO-2023-12-06,1,65000,0,0,MXN,excel_cso,Extraccion diaria de compras de gas natural para CCC Saltillo desde Consolidado CSO.xlsx.,Consolidado CSO.xlsx
07/01/2023,6bc2fbe4-3a34-4837-a3d8-8162e642ba3a,1a3dde4b-6f67-49db-ac6e-7578d0af0d95,9693a1d1-4b88-4d73-8138-b46b21e7a72c,5a3d193f-cb2b-40df-b401-d786b9e25ef8,CSO-2023-01-07,1,0,0,0,MXN,excel_cso,Extraccion diaria de compras de gas natural para CCC Saltillo desde Consolidado CSO.xlsx.,Consolidado CSO.xlsx
07/02/2023,6bc2fbe4-3a34-4837-a3d8-8162e642ba3a,1a3dde4b-6f67-49db-ac6e-7578d0af0d95,9693a1d1-4b88-4d73-8138-b46b21e7a72c,5a3d193f-cb2b-40df-b401-d786b9e25ef8,CSO-2023-02-07,1,30000,0,0,MXN,excel_cso,Extraccion diaria de compras de gas natural para CCC Saltillo desde Consolidado CSO.xlsx.,Consolidado CSO.xlsx
07/03/2023,6bc2fbe4-3a34-4837-a3d8-8162e642ba3a,1a3dde4b-6f67-49db-ac6e-7578d0af0d95,9693a1d1-4b88-4d73-8138-b46b21e7a72c,5a3d193f-cb2b-40df-b401-d786b9e25ef8,CSO-2023-03-07,1,31000,0,0,MXN,excel_cso,Extraccion diaria de compras de gas natural para CCC Saltillo desde Consolidado CSO.xlsx.,Consolidado CSO.xlsx
07/04/2023,6bc2fbe4-3a34-4837-a3d8-8162e642ba3a,1a3dde4b-6f67-49db-ac6e-7578d0af0d95,9693a1d1-4b88-4d73-8138-b46b21e7a72c,5a3d193f-cb2b-40df-b401-d786b9e25ef8,CSO-2023-04-07,1,0,0,0,MXN,excel_cso,Extraccion diaria de compras de gas natural para CCC Saltillo desde Consolidado CSO.xlsx.,Consolidado CSO.xlsx
07/05/2023,6bc2fbe4-3a34-4837-a3d8-8162e642ba3a,1a3dde4b-6f67-49db-ac6e-7578d0af0d95,9693a1d1-4b88-4d73-8138-b46b21e7a72c,5a3d193f-cb2b-40df-b401-d786b9e25ef8,CSO-2023-05-07,1,27000,0,0,MXN,excel_cso,Extraccion diaria de compras de gas natural para CCC Saltillo desde Consolidado CSO.xlsx.,Consolidado CSO.xlsx
07/06/2023,6bc2fbe4-3a34-4837-a3d8-8162e642ba3a,1a3dde4b-6f67-49db-ac6e-7578d0af0d95,9693a1d1-4b88-4d73-8138-b46b21e7a72c,5a3d193f-cb2b-40df-b401-d786b9e25ef8,CSO-2023-06-07,1,33000,0,0,MXN,excel_cso,Extraccion diaria de compras de gas natural para CCC Saltillo desde Consolidado CSO.xlsx.,Consolidado CSO.xlsx
07/07/2023,6bc2fbe4-3a34-4837-a3d8-8162e642ba3a,1a3dde4b-6f67-49db-ac6e-7578d0af0d95,9693a1d1-4b88-4d73-8138-b46b21e7a72c,5a3d193f-cb2b-40df-b401-d786b9e25ef8,CSO-2023-07-07,1,27739,0,0,MXN,excel_cso,Extraccion diaria de compras de gas natural para CCC Saltillo desde Consolidado CSO.xlsx.,Consolidado CSO.xlsx
07/08/2023,6bc2fbe4-3a34-4837-a3d8-8162e642ba3a,1a3dde4b-6f67-49db-ac6e-7578d0af0d95,9693a1d1-4b88-4d73-8138-b46b21e7a72c,5a3d193f-cb2b-40df-b401-d786b9e25ef8,CSO-2023-08-07,1,37000,0,0,MXN,excel_cso,Extraccion diaria de compras de gas natural para CCC Saltillo desde Consolidado CSO.xlsx.,Consolidado CSO.xlsx
07/09/2023,6bc2fbe4-3a34-4837-a3d8-8162e642ba3a,1a3dde4b-6f67-49db-ac6e-7578d0af0d95,9693a1d1-4b88-4d73-8138-b46b21e7a72c,5a3d193f-cb2b-40df-b401-d786b9e25ef8,CSO-2023-09-07,1,38000,0,0,MXN,excel_cso,Extraccion diaria de compras de gas natural para CCC Saltillo desde Consolidado CSO.xlsx.,Consolidado CSO.xlsx
07/10/2023,6bc2fbe4-3a34-4837-a3d8-8162e642ba3a,1a3dde4b-6f67-49db-ac6e-7578d0af0d95,9693a1d1-4b88-4d73-8138-b46b21e7a72c,5a3d193f-cb2b-40df-b401-d786b9e25ef8,CSO-2023-10-07,1,39000,0,0,MXN,excel_cso,Extraccion diaria de compras de gas natural para CCC Saltillo desde Consolidado CSO.xlsx.,Consolidado CSO.xlsx
07/11/2023,6bc2fbe4-3a34-4837-a3d8-8162e642ba3a,1a3dde4b-6f67-49db-ac6e-7578d0af0d95,9693a1d1-4b88-4d73-8138-b46b21e7a72c,5a3d193f-cb2b-40df-b401-d786b9e25ef8,CSO-2023-11-07,1,30000,0,0,MXN,excel_cso,Extraccion diaria de compras de gas natural para CCC Saltillo desde Consolidado CSO.xlsx.,Consolidado CSO.xlsx
07/12/2023,6bc2fbe4-3a34-4837-a3d8-8162e642ba3a,1a3dde4b-6f67-49db-ac6e-7578d0af0d95,9693a1d1-4b88-4d73-8138-b46b21e7a72c,5a3d193f-cb2b-40df-b401-d786b9e25ef8,CSO-2023-12-07,1,30000,0,0,MXN,excel_cso,Extraccion diaria de compras de gas natural para CCC Saltillo desde Consolidado CSO.xlsx.,Consolidado CSO.xlsx
08/01/2023,6bc2fbe4-3a34-4837-a3d8-8162e642ba3a,1a3dde4b-6f67-49db-ac6e-7578d0af0d95,9693a1d1-4b88-4d73-8138-b46b21e7a72c,5a3d193f-cb2b-40df-b401-d786b9e25ef8,CSO-2023-01-08,1,0,0,0,MXN,excel_cso,Extraccion diaria de compras de gas natural para CCC Saltillo desde Consolidado CSO.xlsx.,Consolidado CSO.xlsx
08/02/2023,6bc2fbe4-3a34-4837-a3d8-8162e642ba3a,1a3dde4b-6f67-49db-ac6e-7578d0af0d95,9693a1d1-4b88-4d73-8138-b46b21e7a72c,5a3d193f-cb2b-40df-b401-d786b9e25ef8,CSO-2023-02-08,1,30000,0,0,MXN,excel_cso,Extraccion diaria de compras de gas natural para CCC Saltillo desde Consolidado CSO.xlsx.,Consolidado CSO.xlsx
08/03/2023,6bc2fbe4-3a34-4837-a3d8-8162e642ba3a,1a3dde4b-6f67-49db-ac6e-7578d0af0d95,9693a1d1-4b88-4d73-8138-b46b21e7a72c,5a3d193f-cb2b-40df-b401-d786b9e25ef8,CSO-2023-03-08,1,32000,0,0,MXN,excel_cso,Extraccion diaria de compras de gas natural para CCC Saltillo desde Consolidado CSO.xlsx.,Consolidado CSO.xlsx
08/04/2023,6bc2fbe4-3a34-4837-a3d8-8162e642ba3a,1a3dde4b-6f67-49db-ac6e-7578d0af0d95,9693a1d1-4b88-4d73-8138-b46b21e7a72c,5a3d193f-cb2b-40df-b401-d786b9e25ef8,CSO-2023-04-08,1,7000,0,0,MXN,excel_cso,Extraccion diaria de compras de gas natural para CCC Saltillo desde Consolidado CSO.xlsx.,Consolidado CSO.xlsx
08/05/2023,6bc2fbe4-3a34-4837-a3d8-8162e642ba3a,1a3dde4b-6f67-49db-ac6e-7578d0af0d95,9693a1d1-4b88-4d73-8138-b46b21e7a72c,5a3d193f-cb2b-40df-b401-d786b9e25ef8,CSO-2023-05-08,1,46000,0,0,MXN,excel_cso,Extraccion diaria de compras de gas natural para CCC Saltillo desde Consolidado CSO.xlsx.,Consolidado CSO.xlsx
08/06/2023,6bc2fbe4-3a34-4837-a3d8-8162e642ba3a,1a3dde4b-6f67-49db-ac6e-7578d0af0d95,9693a1d1-4b88-4d73-8138-b46b21e7a72c,5a3d193f-cb2b-40df-b401-d786b9e25ef8,CSO-2023-06-08,1,33000,0,0,MXN,excel_cso,Extraccion diaria de compras de gas natural para CCC Saltillo desde Consolidado CSO.xlsx.,Consolidado CSO.xlsx
08/07/2023,6bc2fbe4-3a34-4837-a3d8-8162e642ba3a,1a3dde4b-6f67-49db-ac6e-7578d0af0d95,9693a1d1-4b88-4d73-8138-b46b21e7a72c,5a3d193f-cb2b-40df-b401-d786b9e25ef8,CSO-2023-07-08,1,26000,0,0,MXN,excel_cso,Extraccion diaria de compras de gas natural para CCC Saltillo desde Consolidado CSO.xlsx.,Consolidado CSO.xlsx
08/08/2023,6bc2fbe4-3a34-4837-a3d8-8162e642ba3a,1a3dde4b-6f67-49db-ac6e-7578d0af0d95,9693a1d1-4b88-4d73-8138-b46b21e7a72c,5a3d193f-cb2b-40df-b401-d786b9e25ef8,CSO-2023-08-08,1,46565,0,0,MXN,excel_cso,Extraccion diaria de compras de gas natural para CCC Saltillo desde Consolidado CSO.xlsx.,Consolidado CSO.xlsx
08/09/2023,6bc2fbe4-3a34-4837-a3d8-8162e642ba3a,1a3dde4b-6f67-49db-ac6e-7578d0af0d95,9693a1d1-4b88-4d73-8138-b46b21e7a72c,5a3d193f-cb2b-40df-b401-d786b9e25ef8,CSO-2023-09-08,1,38000,0,0,MXN,excel_cso,Extraccion diaria de compras de gas natural para CCC Saltillo desde Consolidado CSO.xlsx.,Consolidado CSO.xlsx
08/10/2023,6bc2fbe4-3a34-4837-a3d8-8162e642ba3a,1a3dde4b-6f67-49db-ac6e-7578d0af0d95,9693a1d1-4b88-4d73-8138-b46b21e7a72c,5a3d193f-cb2b-40df-b401-d786b9e25ef8,CSO-2023-10-08,1,27000,0,0,MXN,excel_cso,Extraccion diaria de compras de gas natural para CCC Saltillo desde Consolidado CSO.xlsx.,Consolidado CSO.xlsx
08/11/2023,6bc2fbe4-3a34-4837-a3d8-8162e642ba3a,1a3dde4b-6f67-49db-ac6e-7578d0af0d95,9693a1d1-4b88-4d73-8138-b46b21e7a72c,5a3d193f-cb2b-40df-b401-d786b9e25ef8,CSO-2023-11-08,1,39000,0,0,MXN,excel_cso,Extraccion diaria de compras de gas natural para CCC Saltillo desde Consolidado CSO.xlsx.,Consolidado CSO.xlsx
08/12/2023,6bc2fbe4-3a34-4837-a3d8-8162e642ba3a,1a3dde4b-6f67-49db-ac6e-7578d0af0d95,9693a1d1-4b88-4d73-8138-b46b21e7a72c,5a3d193f-cb2b-40df-b401-d786b9e25ef8,CSO-2023-12-08,1,40000,0,0,MXN,excel_cso,Extraccion diaria de compras de gas natural para CCC Saltillo desde Consolidado CSO.xlsx.,Consolidado CSO.xlsx
09/01/2023,6bc2fbe4-3a34-4837-a3d8-8162e642ba3a,1a3dde4b-6f67-49db-ac6e-7578d0af0d95,9693a1d1-4b88-4d73-8138-b46b21e7a72c,5a3d193f-cb2b-40df-b401-d786b9e25ef8,CSO-2023-01-09,1,10000,0,0,MXN,excel_cso,Extraccion diaria de compras de gas natural para CCC Saltillo desde Consolidado CSO.xlsx.,Consolidado CSO.xlsx
09/02/2023,6bc2fbe4-3a34-4837-a3d8-8162e642ba3a,1a3dde4b-6f67-49db-ac6e-7578d0af0d95,9693a1d1-4b88-4d73-8138-b46b21e7a72c,5a3d193f-cb2b-40df-b401-d786b9e25ef8,CSO-2023-02-09,1,30000,0,0,MXN,excel_cso,Extraccion diaria de compras de gas natural para CCC Saltillo desde Consolidado CSO.xlsx.,Consolidado CSO.xlsx
09/03/2023,6bc2fbe4-3a34-4837-a3d8-8162e642ba3a,1a3dde4b-6f67-49db-ac6e-7578d0af0d95,9693a1d1-4b88-4d73-8138-b46b21e7a72c,5a3d193f-cb2b-40df-b401-d786b9e25ef8,CSO-2023-03-09,1,32000,0,0,MXN,excel_cso,Extraccion diaria de compras de gas natural para CCC Saltillo desde Consolidado CSO.xlsx.,Consolidado CSO.xlsx
09/04/2023,6bc2fbe4-3a34-4837-a3d8-8162e642ba3a,1a3dde4b-6f67-49db-ac6e-7578d0af0d95,9693a1d1-4b88-4d73-8138-b46b21e7a72c,5a3d193f-cb2b-40df-b401-d786b9e25ef8,CSO-2023-04-09,1,27000,0,0,MXN,excel_cso,Extraccion diaria de compras de gas natural para CCC Saltillo desde Consolidado CSO.xlsx.,Consolidado CSO.xlsx
09/05/2023,6bc2fbe4-3a34-4837-a3d8-8162e642ba3a,1a3dde4b-6f67-49db-ac6e-7578d0af0d95,9693a1d1-4b88-4d73-8138-b46b21e7a72c,5a3d193f-cb2b-40df-b401-d786b9e25ef8,CSO-2023-05-09,1,33000,0,0,MXN,excel_cso,Extraccion diaria de compras de gas natural para CCC Saltillo desde Consolidado CSO.xlsx.,Consolidado CSO.xlsx
09/06/2023,6bc2fbe4-3a34-4837-a3d8-8162e642ba3a,1a3dde4b-6f67-49db-ac6e-7578d0af0d95,9693a1d1-4b88-4d73-8138-b46b21e7a72c,5a3d193f-cb2b-40df-b401-d786b9e25ef8,CSO-2023-06-09,1,48972,0,0,MXN,excel_cso,Extraccion diaria de compras de gas natural para CCC Saltillo desde Consolidado CSO.xlsx.,Consolidado CSO.xlsx
09/07/2023,6bc2fbe4-3a34-4837-a3d8-8162e642ba3a,1a3dde4b-6f67-49db-ac6e-7578d0af0d95,9693a1d1-4b88-4d73-8138-b46b21e7a72c,5a3d193f-cb2b-40df-b401-d786b9e25ef8,CSO-2023-07-09,1,35000,0,0,MXN,excel_cso,Extraccion diaria de compras de gas natural para CCC Saltillo desde Consolidado CSO.xlsx.,Consolidado CSO.xlsx
09/08/2023,6bc2fbe4-3a34-4837-a3d8-8162e642ba3a,1a3dde4b-6f67-49db-ac6e-7578d0af0d95,9693a1d1-4b88-4d73-8138-b46b21e7a72c,5a3d193f-cb2b-40df-b401-d786b9e25ef8,CSO-2023-08-09,1,38000,0,0,MXN,excel_cso,Extraccion diaria de compras de gas natural para CCC Saltillo desde Consolidado CSO.xlsx.,Consolidado CSO.xlsx
09/09/2023,6bc2fbe4-3a34-4837-a3d8-8162e642ba3a,1a3dde4b-6f67-49db-ac6e-7578d0af0d95,9693a1d1-4b88-4d73-8138-b46b21e7a72c,5a3d193f-cb2b-40df-b401-d786b9e25ef8,CSO-2023-09-09,1,37000,0,0,MXN,excel_cso,Extraccion diaria de compras de gas natural para CCC Saltillo desde Consolidado CSO.xlsx.,Consolidado CSO.xlsx
09/10/2023,6bc2fbe4-3a34-4837-a3d8-8162e642ba3a,1a3dde4b-6f67-49db-ac6e-7578d0af0d95,9693a1d1-4b88-4d73-8138-b46b21e7a72c,5a3d193f-cb2b-40df-b401-d786b9e25ef8,CSO-2023-10-09,1,39000,0,0,MXN,excel_cso,Extraccion diaria de compras de gas natural para CCC Saltillo desde Consolidado CSO.xlsx.,Consolidado CSO.xlsx
09/11/2023,6bc2fbe4-3a34-4837-a3d8-8162e642ba3a,1a3dde4b-6f67-49db-ac6e-7578d0af0d95,9693a1d1-4b88-4d73-8138-b46b21e7a72c,5a3d193f-cb2b-40df-b401-d786b9e25ef8,CSO-2023-11-09,1,39880,0,0,MXN,excel_cso,Extraccion diaria de compras de gas natural para CCC Saltillo desde Consolidado CSO.xlsx.,Consolidado CSO.xlsx
09/12/2023,6bc2fbe4-3a34-4837-a3d8-8162e642ba3a,1a3dde4b-6f67-49db-ac6e-7578d0af0d95,9693a1d1-4b88-4d73-8138-b46b21e7a72c,5a3d193f-cb2b-40df-b401-d786b9e25ef8,CSO-2023-12-09,1,40000,0,0,MXN,excel_cso,Extraccion diaria de compras de gas natural para CCC Saltillo desde Consolidado CSO.xlsx.,Consolidado CSO.xlsx
10/01/2023,6bc2fbe4-3a34-4837-a3d8-8162e642ba3a,1a3dde4b-6f67-49db-ac6e-7578d0af0d95,9693a1d1-4b88-4d73-8138-b46b21e7a72c,5a3d193f-cb2b-40df-b401-d786b9e25ef8,CSO-2023-01-10,1,30000,0,0,MXN,excel_cso,Extraccion diaria de compras de gas natural para CCC Saltillo desde Consolidado CSO.xlsx.,Consolidado CSO.xlsx
10/02/2023,6bc2fbe4-3a34-4837-a3d8-8162e642ba3a,1a3dde4b-6f67-49db-ac6e-7578d0af0d95,9693a1d1-4b88-4d73-8138-b46b21e7a72c,5a3d193f-cb2b-40df-b401-d786b9e25ef8,CSO-2023-02-10,1,30000,0,0,MXN,excel_cso,Extraccion diaria de compras de gas natural para CCC Saltillo desde Consolidado CSO.xlsx.,Consolidado CSO.xlsx
10/03/2023,6bc2fbe4-3a34-4837-a3d8-8162e642ba3a,1a3dde4b-6f67-49db-ac6e-7578d0af0d95,9693a1d1-4b88-4d73-8138-b46b21e7a72c,5a3d193f-cb2b-40df-b401-d786b9e25ef8,CSO-2023-03-10,1,32000,0,0,MXN,excel_cso,Extraccion diaria de compras de gas natural para CCC Saltillo desde Consolidado CSO.xlsx.,Consolidado CSO.xlsx
10/04/2023,6bc2fbe4-3a34-4837-a3d8-8162e642ba3a,1a3dde4b-6f67-49db-ac6e-7578d0af0d95,9693a1d1-4b88-4d73-8138-b46b21e7a72c,5a3d193f-cb2b-40df-b401-d786b9e25ef8,CSO-2023-04-10,1,42000,0,0,MXN,excel_cso,Extraccion diaria de compras de gas natural para CCC Saltillo desde Consolidado CSO.xlsx.,Consolidado CSO.xlsx
10/05/2023,6bc2fbe4-3a34-4837-a3d8-8162e642ba3a,1a3dde4b-6f67-49db-ac6e-7578d0af0d95,9693a1d1-4b88-4d73-8138-b46b21e7a72c,5a3d193f-cb2b-40df-b401-d786b9e25ef8,CSO-2023-05-10,1,35000,0,0,MXN,excel_cso,Extraccion diaria de compras de gas natural para CCC Saltillo desde Consolidado CSO.xlsx.,Consolidado CSO.xlsx
10/06/2023,6bc2fbe4-3a34-4837-a3d8-8162e642ba3a,1a3dde4b-6f67-49db-ac6e-7578d0af0d95,9693a1d1-4b88-4d73-8138-b46b21e7a72c,5a3d193f-cb2b-40df-b401-d786b9e25ef8,CSO-2023-06-10,1,45000,0,0,MXN,excel_cso,Extraccion diaria de compras de gas natural para CCC Saltillo desde Consolidado CSO.xlsx.,Consolidado CSO.xlsx
10/07/2023,6bc2fbe4-3a34-4837-a3d8-8162e642ba3a,1a3dde4b-6f67-49db-ac6e-7578d0af0d95,9693a1d1-4b88-4d73-8138-b46b21e7a72c,5a3d193f-cb2b-40df-b401-d786b9e25ef8,CSO-2023-07-10,1,35000,0,0,MXN,excel_cso,Extraccion diaria de compras de gas natural para CCC Saltillo desde Consolidado CSO.xlsx.,Consolidado CSO.xlsx
10/08/2023,6bc2fbe4-3a34-4837-a3d8-8162e642ba3a,1a3dde4b-6f67-49db-ac6e-7578d0af0d95,9693a1d1-4b88-4d73-8138-b46b21e7a72c,5a3d193f-cb2b-40df-b401-d786b9e25ef8,CSO-2023-08-10,1,38000,0,0,MXN,excel_cso,Extraccion diaria de compras de gas natural para CCC Saltillo desde Consolidado CSO.xlsx.,Consolidado CSO.xlsx
10/09/2023,6bc2fbe4-3a34-4837-a3d8-8162e642ba3a,1a3dde4b-6f67-49db-ac6e-7578d0af0d95,9693a1d1-4b88-4d73-8138-b46b21e7a72c,5a3d193f-cb2b-40df-b401-d786b9e25ef8,CSO-2023-09-10,1,37000,0,0,MXN,excel_cso,Extraccion diaria de compras de gas natural para CCC Saltillo desde Consolidado CSO.xlsx.,Consolidado CSO.xlsx
10/10/2023,6bc2fbe4-3a34-4837-a3d8-8162e642ba3a,1a3dde4b-6f67-49db-ac6e-7578d0af0d95,9693a1d1-4b88-4d73-8138-b46b21e7a72c,5a3d193f-cb2b-40df-b401-d786b9e25ef8,CSO-2023-10-10,1,40000,0,0,MXN,excel_cso,Extraccion diaria de compras de gas natural para CCC Saltillo desde Consolidado CSO.xlsx.,Consolidado CSO.xlsx
10/11/2023,6bc2fbe4-3a34-4837-a3d8-8162e642ba3a,1a3dde4b-6f67-49db-ac6e-7578d0af0d95,9693a1d1-4b88-4d73-8138-b46b21e7a72c,5a3d193f-cb2b-40df-b401-d786b9e25ef8,CSO-2023-11-10,1,34000,0,0,MXN,excel_cso,Extraccion diaria de compras de gas natural para CCC Saltillo desde Consolidado CSO.xlsx.,Consolidado CSO.xlsx
10/12/2023,6bc2fbe4-3a34-4837-a3d8-8162e642ba3a,1a3dde4b-6f67-49db-ac6e-7578d0af0d95,9693a1d1-4b88-4d73-8138-b46b21e7a72c,5a3d193f-cb2b-40df-b401-d786b9e25ef8,CSO-2023-12-10,1,33000,0,0,MXN,excel_cso,Extraccion diaria de compras de gas natural para CCC Saltillo desde Consolidado CSO.xlsx.,Consolidado CSO.xlsx
11/01/2023,6bc2fbe4-3a34-4837-a3d8-8162e642ba3a,1a3dde4b-6f67-49db-ac6e-7578d0af0d95,9693a1d1-4b88-4d73-8138-b46b21e7a72c,5a3d193f-cb2b-40df-b401-d786b9e25ef8,CSO-2023-01-11,1,35000,0,0,MXN,excel_cso,Extraccion diaria de compras de gas natural para CCC Saltillo desde Consolidado CSO.xlsx.,Consolidado CSO.xlsx
11/02/2023,6bc2fbe4-3a34-4837-a3d8-8162e642ba3a,1a3dde4b-6f67-49db-ac6e-7578d0af0d95,9693a1d1-4b88-4d73-8138-b46b21e7a72c,5a3d193f-cb2b-40df-b401-d786b9e25ef8,CSO-2023-02-11,1,29000,0,0,MXN,excel_cso,Extraccion diaria de compras de gas natural para CCC Saltillo desde Consolidado CSO.xlsx.,Consolidado CSO.xlsx
11/03/2023,6bc2fbe4-3a34-4837-a3d8-8162e642ba3a,1a3dde4b-6f67-49db-ac6e-7578d0af0d95,9693a1d1-4b88-4d73-8138-b46b21e7a72c,5a3d193f-cb2b-40df-b401-d786b9e25ef8,CSO-2023-03-11,1,25000,0,0,MXN,excel_cso,Extraccion diaria de compras de gas natural para CCC Saltillo desde Consolidado CSO.xlsx.,Consolidado CSO.xlsx
11/04/2023,6bc2fbe4-3a34-4837-a3d8-8162e642ba3a,1a3dde4b-6f67-49db-ac6e-7578d0af0d95,9693a1d1-4b88-4d73-8138-b46b21e7a72c,5a3d193f-cb2b-40df-b401-d786b9e25ef8,CSO-2023-04-11,1,30000,0,0,MXN,excel_cso,Extraccion diaria de compras de gas natural para CCC Saltillo desde Consolidado CSO.xlsx.,Consolidado CSO.xlsx
11/05/2023,6bc2fbe4-3a34-4837-a3d8-8162e642ba3a,1a3dde4b-6f67-49db-ac6e-7578d0af0d95,9693a1d1-4b88-4d73-8138-b46b21e7a72c,5a3d193f-cb2b-40df-b401-d786b9e25ef8,CSO-2023-05-11,1,33000,0,0,MXN,excel_cso,Extraccion diaria de compras de gas natural para CCC Saltillo desde Consolidado CSO.xlsx.,Consolidado CSO.xlsx
11/06/2023,6bc2fbe4-3a34-4837-a3d8-8162e642ba3a,1a3dde4b-6f67-49db-ac6e-7578d0af0d95,9693a1d1-4b88-4d73-8138-b46b21e7a72c,5a3d193f-cb2b-40df-b401-d786b9e25ef8,CSO-2023-06-11,1,25000,0,0,MXN,excel_cso,Extraccion diaria de compras de gas natural para CCC Saltillo desde Consolidado CSO.xlsx.,Consolidado CSO.xlsx
11/07/2023,6bc2fbe4-3a34-4837-a3d8-8162e642ba3a,1a3dde4b-6f67-49db-ac6e-7578d0af0d95,9693a1d1-4b88-4d73-8138-b46b21e7a72c,5a3d193f-cb2b-40df-b401-d786b9e25ef8,CSO-2023-07-11,1,20000,0,0,MXN,excel_cso,Extraccion diaria de compras de gas natural para CCC Saltillo desde Consolidado CSO.xlsx.,Consolidado CSO.xlsx
11/08/2023,6bc2fbe4-3a34-4837-a3d8-8162e642ba3a,1a3dde4b-6f67-49db-ac6e-7578d0af0d95,9693a1d1-4b88-4d73-8138-b46b21e7a72c,5a3d193f-cb2b-40df-b401-d786b9e25ef8,CSO-2023-08-11,1,38000,0,0,MXN,excel_cso,Extraccion diaria de compras de gas natural para CCC Saltillo desde Consolidado CSO.xlsx.,Consolidado CSO.xlsx
11/09/2023,6bc2fbe4-3a34-4837-a3d8-8162e642ba3a,1a3dde4b-6f67-49db-ac6e-7578d0af0d95,9693a1d1-4b88-4d73-8138-b46b21e7a72c,5a3d193f-cb2b-40df-b401-d786b9e25ef8,CSO-2023-09-11,1,44000,0,0,MXN,excel_cso,Extraccion diaria de compras de gas natural para CCC Saltillo desde Consolidado CSO.xlsx.,Consolidado CSO.xlsx
11/10/2023,6bc2fbe4-3a34-4837-a3d8-8162e642ba3a,1a3dde4b-6f67-49db-ac6e-7578d0af0d95,9693a1d1-4b88-4d73-8138-b46b21e7a72c,5a3d193f-cb2b-40df-b401-d786b9e25ef8,CSO-2023-10-11,1,40000,0,0,MXN,excel_cso,Extraccion diaria de compras de gas natural para CCC Saltillo desde Consolidado CSO.xlsx.,Consolidado CSO.xlsx
11/11/2023,6bc2fbe4-3a34-4837-a3d8-8162e642ba3a,1a3dde4b-6f67-49db-ac6e-7578d0af0d95,9693a1d1-4b88-4d73-8138-b46b21e7a72c,5a3d193f-cb2b-40df-b401-d786b9e25ef8,CSO-2023-11-11,1,34000,0,0,MXN,excel_cso,Extraccion diaria de compras de gas natural para CCC Saltillo desde Consolidado CSO.xlsx.,Consolidado CSO.xlsx
11/12/2023,6bc2fbe4-3a34-4837-a3d8-8162e642ba3a,1a3dde4b-6f67-49db-ac6e-7578d0af0d95,9693a1d1-4b88-4d73-8138-b46b21e7a72c,5a3d193f-cb2b-40df-b401-d786b9e25ef8,CSO-2023-12-11,1,40000,0,0,MXN,excel_cso,Extraccion diaria de compras de gas natural para CCC Saltillo desde Consolidado CSO.xlsx.,Consolidado CSO.xlsx
12/01/2023,6bc2fbe4-3a34-4837-a3d8-8162e642ba3a,1a3dde4b-6f67-49db-ac6e-7578d0af0d95,9693a1d1-4b88-4d73-8138-b46b21e7a72c,5a3d193f-cb2b-40df-b401-d786b9e25ef8,CSO-2023-01-12,1,30000,0,0,MXN,excel_cso,Extraccion diaria de compras de gas natural para CCC Saltillo desde Consolidado CSO.xlsx.,Consolidado CSO.xlsx
12/02/2023,6bc2fbe4-3a34-4837-a3d8-8162e642ba3a,1a3dde4b-6f67-49db-ac6e-7578d0af0d95,9693a1d1-4b88-4d73-8138-b46b21e7a72c,5a3d193f-cb2b-40df-b401-d786b9e25ef8,CSO-2023-02-12,1,29000,0,0,MXN,excel_cso,Extraccion diaria de compras de gas natural para CCC Saltillo desde Consolidado CSO.xlsx.,Consolidado CSO.xlsx
12/03/2023,6bc2fbe4-3a34-4837-a3d8-8162e642ba3a,1a3dde4b-6f67-49db-ac6e-7578d0af0d95,9693a1d1-4b88-4d73-8138-b46b21e7a72c,5a3d193f-cb2b-40df-b401-d786b9e25ef8,CSO-2023-03-12,1,20000,0,0,MXN,excel_cso,Extraccion diaria de compras de gas natural para CCC Saltillo desde Consolidado CSO.xlsx.,Consolidado CSO.xlsx
12/04/2023,6bc2fbe4-3a34-4837-a3d8-8162e642ba3a,1a3dde4b-6f67-49db-ac6e-7578d0af0d95,9693a1d1-4b88-4d73-8138-b46b21e7a72c,5a3d193f-cb2b-40df-b401-d786b9e25ef8,CSO-2023-04-12,1,31000,0,0,MXN,excel_cso,Extraccion diaria de compras de gas natural para CCC Saltillo desde Consolidado CSO.xlsx.,Consolidado CSO.xlsx
12/05/2023,6bc2fbe4-3a34-4837-a3d8-8162e642ba3a,1a3dde4b-6f67-49db-ac6e-7578d0af0d95,9693a1d1-4b88-4d73-8138-b46b21e7a72c,5a3d193f-cb2b-40df-b401-d786b9e25ef8,CSO-2023-05-12,1,33000,0,0,MXN,excel_cso,Extraccion diaria de compras de gas natural para CCC Saltillo desde Consolidado CSO.xlsx.,Consolidado CSO.xlsx
12/06/2023,6bc2fbe4-3a34-4837-a3d8-8162e642ba3a,1a3dde4b-6f67-49db-ac6e-7578d0af0d95,9693a1d1-4b88-4d73-8138-b46b21e7a72c,5a3d193f-cb2b-40df-b401-d786b9e25ef8,CSO-2023-06-12,1,37000,0,0,MXN,excel_cso,Extraccion diaria de compras de gas natural para CCC Saltillo desde Consolidado CSO.xlsx.,Consolidado CSO.xlsx
12/07/2023,6bc2fbe4-3a34-4837-a3d8-8162e642ba3a,1a3dde4b-6f67-49db-ac6e-7578d0af0d95,9693a1d1-4b88-4d73-8138-b46b21e7a72c,5a3d193f-cb2b-40df-b401-d786b9e25ef8,CSO-2023-07-12,1,14000,0,0,MXN,excel_cso,Extraccion diaria de compras de gas natural para CCC Saltillo desde Consolidado CSO.xlsx.,Consolidado CSO.xlsx
12/08/2023,6bc2fbe4-3a34-4837-a3d8-8162e642ba3a,1a3dde4b-6f67-49db-ac6e-7578d0af0d95,9693a1d1-4b88-4d73-8138-b46b21e7a72c,5a3d193f-cb2b-40df-b401-d786b9e25ef8,CSO-2023-08-12,1,36000,0,0,MXN,excel_cso,Extraccion diaria de compras de gas natural para CCC Saltillo desde Consolidado CSO.xlsx.,Consolidado CSO.xlsx
12/09/2023,6bc2fbe4-3a34-4837-a3d8-8162e642ba3a,1a3dde4b-6f67-49db-ac6e-7578d0af0d95,9693a1d1-4b88-4d73-8138-b46b21e7a72c,5a3d193f-cb2b-40df-b401-d786b9e25ef8,CSO-2023-09-12,1,46000,0,0,MXN,excel_cso,Extraccion diaria de compras de gas natural para CCC Saltillo desde Consolidado CSO.xlsx.,Consolidado CSO.xlsx
12/10/2023,6bc2fbe4-3a34-4837-a3d8-8162e642ba3a,1a3dde4b-6f67-49db-ac6e-7578d0af0d95,9693a1d1-4b88-4d73-8138-b46b21e7a72c,5a3d193f-cb2b-40df-b401-d786b9e25ef8,CSO-2023-10-12,1,20000,0,0,MXN,excel_cso,Extraccion diaria de compras de gas natural para CCC Saltillo desde Consolidado CSO.xlsx.,Consolidado CSO.xlsx
12/11/2023,6bc2fbe4-3a34-4837-a3d8-8162e642ba3a,1a3dde4b-6f67-49db-ac6e-7578d0af0d95,9693a1d1-4b88-4d73-8138-b46b21e7a72c,5a3d193f-cb2b-40df-b401-d786b9e25ef8,CSO-2023-11-12,1,19000,0,0,MXN,excel_cso,Extraccion diaria de compras de gas natural para CCC Saltillo desde Consolidado CSO.xlsx.,Consolidado CSO.xlsx
12/12/2023,6bc2fbe4-3a34-4837-a3d8-8162e642ba3a,1a3dde4b-6f67-49db-ac6e-7578d0af0d95,9693a1d1-4b88-4d73-8138-b46b21e7a72c,5a3d193f-cb2b-40df-b401-d786b9e25ef8,CSO-2023-12-12,1,40000,0,0,MXN,excel_cso,Extraccion diaria de compras de gas natural para CCC Saltillo desde Consolidado CSO.xlsx.,Consolidado CSO.xlsx
13/01/2023,6bc2fbe4-3a34-4837-a3d8-8162e642ba3a,1a3dde4b-6f67-49db-ac6e-7578d0af0d95,9693a1d1-4b88-4d73-8138-b46b21e7a72c,5a3d193f-cb2b-40df-b401-d786b9e25ef8,CSO-2023-01-13,1,30000,0,0,MXN,excel_cso,Extraccion diaria de compras de gas natural para CCC Saltillo desde Consolidado CSO.xlsx.,Consolidado CSO.xlsx
13/02/2023,6bc2fbe4-3a34-4837-a3d8-8162e642ba3a,1a3dde4b-6f67-49db-ac6e-7578d0af0d95,9693a1d1-4b88-4d73-8138-b46b21e7a72c,5a3d193f-cb2b-40df-b401-d786b9e25ef8,CSO-2023-02-13,1,29000,0,0,MXN,excel_cso,Extraccion diaria de compras de gas natural para CCC Saltillo desde Consolidado CSO.xlsx.,Consolidado CSO.xlsx
13/03/2023,6bc2fbe4-3a34-4837-a3d8-8162e642ba3a,1a3dde4b-6f67-49db-ac6e-7578d0af0d95,9693a1d1-4b88-4d73-8138-b46b21e7a72c,5a3d193f-cb2b-40df-b401-d786b9e25ef8,CSO-2023-03-13,1,30000,0,0,MXN,excel_cso,Extraccion diaria de compras de gas natural para CCC Saltillo desde Consolidado CSO.xlsx.,Consolidado CSO.xlsx
13/04/2023,6bc2fbe4-3a34-4837-a3d8-8162e642ba3a,1a3dde4b-6f67-49db-ac6e-7578d0af0d95,9693a1d1-4b88-4d73-8138-b46b21e7a72c,5a3d193f-cb2b-40df-b401-d786b9e25ef8,CSO-2023-04-13,1,30000,0,0,MXN,excel_cso,Extraccion diaria de compras de gas natural para CCC Saltillo desde Consolidado CSO.xlsx.,Consolidado CSO.xlsx
13/05/2023,6bc2fbe4-3a34-4837-a3d8-8162e642ba3a,1a3dde4b-6f67-49db-ac6e-7578d0af0d95,9693a1d1-4b88-4d73-8138-b46b21e7a72c,5a3d193f-cb2b-40df-b401-d786b9e25ef8,CSO-2023-05-13,1,31000,0,0,MXN,excel_cso,Extraccion diaria de compras de gas natural para CCC Saltillo desde Consolidado CSO.xlsx.,Consolidado CSO.xlsx
13/06/2023,6bc2fbe4-3a34-4837-a3d8-8162e642ba3a,1a3dde4b-6f67-49db-ac6e-7578d0af0d95,9693a1d1-4b88-4d73-8138-b46b21e7a72c,5a3d193f-cb2b-40df-b401-d786b9e25ef8,CSO-2023-06-13,1,33000,0,0,MXN,excel_cso,Extraccion diaria de compras de gas natural para CCC Saltillo desde Consolidado CSO.xlsx.,Consolidado CSO.xlsx
13/07/2023,6bc2fbe4-3a34-4837-a3d8-8162e642ba3a,1a3dde4b-6f67-49db-ac6e-7578d0af0d95,9693a1d1-4b88-4d73-8138-b46b21e7a72c,5a3d193f-cb2b-40df-b401-d786b9e25ef8,CSO-2023-07-13,1,34000,0,0,MXN,excel_cso,Extraccion diaria de compras de gas natural para CCC Saltillo desde Consolidado CSO.xlsx.,Consolidado CSO.xlsx
13/08/2023,6bc2fbe4-3a34-4837-a3d8-8162e642ba3a,1a3dde4b-6f67-49db-ac6e-7578d0af0d95,9693a1d1-4b88-4d73-8138-b46b21e7a72c,5a3d193f-cb2b-40df-b401-d786b9e25ef8,CSO-2023-08-13,1,36000,0,0,MXN,excel_cso,Extraccion diaria de compras de gas natural para CCC Saltillo desde Consolidado CSO.xlsx.,Consolidado CSO.xlsx
13/09/2023,6bc2fbe4-3a34-4837-a3d8-8162e642ba3a,1a3dde4b-6f67-49db-ac6e-7578d0af0d95,9693a1d1-4b88-4d73-8138-b46b21e7a72c,5a3d193f-cb2b-40df-b401-d786b9e25ef8,CSO-2023-09-13,1,40000,0,0,MXN,excel_cso,Extraccion diaria de compras de gas natural para CCC Saltillo desde Consolidado CSO.xlsx.,Consolidado CSO.xlsx
13/10/2023,6bc2fbe4-3a34-4837-a3d8-8162e642ba3a,1a3dde4b-6f67-49db-ac6e-7578d0af0d95,9693a1d1-4b88-4d73-8138-b46b21e7a72c,5a3d193f-cb2b-40df-b401-d786b9e25ef8,CSO-2023-10-13,1,37000,0,0,MXN,excel_cso,Extraccion diaria de compras de gas natural para CCC Saltillo desde Consolidado CSO.xlsx.,Consolidado CSO.xlsx
13/11/2023,6bc2fbe4-3a34-4837-a3d8-8162e642ba3a,1a3dde4b-6f67-49db-ac6e-7578d0af0d95,9693a1d1-4b88-4d73-8138-b46b21e7a72c,5a3d193f-cb2b-40df-b401-d786b9e25ef8,CSO-2023-11-13,1,19000,0,0,MXN,excel_cso,Extraccion diaria de compras de gas natural para CCC Saltillo desde Consolidado CSO.xlsx.,Consolidado CSO.xlsx
13/12/2023,6bc2fbe4-3a34-4837-a3d8-8162e642ba3a,1a3dde4b-6f67-49db-ac6e-7578d0af0d95,9693a1d1-4b88-4d73-8138-b46b21e7a72c,5a3d193f-cb2b-40df-b401-d786b9e25ef8,CSO-2023-12-13,1,40000,0,0,MXN,excel_cso,Extraccion diaria de compras de gas natural para CCC Saltillo desde Consolidado CSO.xlsx.,Consolidado CSO.xlsx
14/01/2023,6bc2fbe4-3a34-4837-a3d8-8162e642ba3a,1a3dde4b-6f67-49db-ac6e-7578d0af0d95,9693a1d1-4b88-4d73-8138-b46b21e7a72c,5a3d193f-cb2b-40df-b401-d786b9e25ef8,CSO-2023-01-14,1,28000,0,0,MXN,excel_cso,Extraccion diaria de compras de gas natural para CCC Saltillo desde Consolidado CSO.xlsx.,Consolidado CSO.xlsx
14/02/2023,6bc2fbe4-3a34-4837-a3d8-8162e642ba3a,1a3dde4b-6f67-49db-ac6e-7578d0af0d95,9693a1d1-4b88-4d73-8138-b46b21e7a72c,5a3d193f-cb2b-40df-b401-d786b9e25ef8,CSO-2023-02-14,1,30000,0,0,MXN,excel_cso,Extraccion diaria de compras de gas natural para CCC Saltillo desde Consolidado CSO.xlsx.,Consolidado CSO.xlsx
14/03/2023,6bc2fbe4-3a34-4837-a3d8-8162e642ba3a,1a3dde4b-6f67-49db-ac6e-7578d0af0d95,9693a1d1-4b88-4d73-8138-b46b21e7a72c,5a3d193f-cb2b-40df-b401-d786b9e25ef8,CSO-2023-03-14,1,42000,0,0,MXN,excel_cso,Extraccion diaria de compras de gas natural para CCC Saltillo desde Consolidado CSO.xlsx.,Consolidado CSO.xlsx
14/04/2023,6bc2fbe4-3a34-4837-a3d8-8162e642ba3a,1a3dde4b-6f67-49db-ac6e-7578d0af0d95,9693a1d1-4b88-4d73-8138-b46b21e7a72c,5a3d193f-cb2b-40df-b401-d786b9e25ef8,CSO-2023-04-14,1,33000,0,0,MXN,excel_cso,Extraccion diaria de compras de gas natural para CCC Saltillo desde Consolidado CSO.xlsx.,Consolidado CSO.xlsx
14/05/2023,6bc2fbe4-3a34-4837-a3d8-8162e642ba3a,1a3dde4b-6f67-49db-ac6e-7578d0af0d95,9693a1d1-4b88-4d73-8138-b46b21e7a72c,5a3d193f-cb2b-40df-b401-d786b9e25ef8,CSO-2023-05-14,1,49000,0,0,MXN,excel_cso,Extraccion diaria de compras de gas natural para CCC Saltillo desde Consolidado CSO.xlsx.,Consolidado CSO.xlsx
14/06/2023,6bc2fbe4-3a34-4837-a3d8-8162e642ba3a,1a3dde4b-6f67-49db-ac6e-7578d0af0d95,9693a1d1-4b88-4d73-8138-b46b21e7a72c,5a3d193f-cb2b-40df-b401-d786b9e25ef8,CSO-2023-06-14,1,23000,0,0,MXN,excel_cso,Extraccion diaria de compras de gas natural para CCC Saltillo desde Consolidado CSO.xlsx.,Consolidado CSO.xlsx
14/07/2023,6bc2fbe4-3a34-4837-a3d8-8162e642ba3a,1a3dde4b-6f67-49db-ac6e-7578d0af0d95,9693a1d1-4b88-4d73-8138-b46b21e7a72c,5a3d193f-cb2b-40df-b401-d786b9e25ef8,CSO-2023-07-14,1,32000,0,0,MXN,excel_cso,Extraccion diaria de compras de gas natural para CCC Saltillo desde Consolidado CSO.xlsx.,Consolidado CSO.xlsx
14/08/2023,6bc2fbe4-3a34-4837-a3d8-8162e642ba3a,1a3dde4b-6f67-49db-ac6e-7578d0af0d95,9693a1d1-4b88-4d73-8138-b46b21e7a72c,5a3d193f-cb2b-40df-b401-d786b9e25ef8,CSO-2023-08-14,1,36000,0,0,MXN,excel_cso,Extraccion diaria de compras de gas natural para CCC Saltillo desde Consolidado CSO.xlsx.,Consolidado CSO.xlsx
14/09/2023,6bc2fbe4-3a34-4837-a3d8-8162e642ba3a,1a3dde4b-6f67-49db-ac6e-7578d0af0d95,9693a1d1-4b88-4d73-8138-b46b21e7a72c,5a3d193f-cb2b-40df-b401-d786b9e25ef8,CSO-2023-09-14,1,40000,0,0,MXN,excel_cso,Extraccion diaria de compras de gas natural para CCC Saltillo desde Consolidado CSO.xlsx.,Consolidado CSO.xlsx
14/10/2023,6bc2fbe4-3a34-4837-a3d8-8162e642ba3a,1a3dde4b-6f67-49db-ac6e-7578d0af0d95,9693a1d1-4b88-4d73-8138-b46b21e7a72c,5a3d193f-cb2b-40df-b401-d786b9e25ef8,CSO-2023-10-14,1,34000,0,0,MXN,excel_cso,Extraccion diaria de compras de gas natural para CCC Saltillo desde Consolidado CSO.xlsx.,Consolidado CSO.xlsx
14/11/2023,6bc2fbe4-3a34-4837-a3d8-8162e642ba3a,1a3dde4b-6f67-49db-ac6e-7578d0af0d95,9693a1d1-4b88-4d73-8138-b46b21e7a72c,5a3d193f-cb2b-40df-b401-d786b9e25ef8,CSO-2023-11-14,1,39000,0,0,MXN,excel_cso,Extraccion diaria de compras de gas natural para CCC Saltillo desde Consolidado CSO.xlsx.,Consolidado CSO.xlsx
14/12/2023,6bc2fbe4-3a34-4837-a3d8-8162e642ba3a,1a3dde4b-6f67-49db-ac6e-7578d0af0d95,9693a1d1-4b88-4d73-8138-b46b21e7a72c,5a3d193f-cb2b-40df-b401-d786b9e25ef8,CSO-2023-12-14,1,40000,0,0,MXN,excel_cso,Extraccion diaria de compras de gas natural para CCC Saltillo desde Consolidado CSO.xlsx.,Consolidado CSO.xlsx
15/01/2023,6bc2fbe4-3a34-4837-a3d8-8162e642ba3a,1a3dde4b-6f67-49db-ac6e-7578d0af0d95,9693a1d1-4b88-4d73-8138-b46b21e7a72c,5a3d193f-cb2b-40df-b401-d786b9e25ef8,CSO-2023-01-15,1,36116,0,0,MXN,excel_cso,Extraccion diaria de compras de gas natural para CCC Saltillo desde Consolidado CSO.xlsx.,Consolidado CSO.xlsx
15/02/2023,6bc2fbe4-3a34-4837-a3d8-8162e642ba3a,1a3dde4b-6f67-49db-ac6e-7578d0af0d95,9693a1d1-4b88-4d73-8138-b46b21e7a72c,5a3d193f-cb2b-40df-b401-d786b9e25ef8,CSO-2023-02-15,1,30000,0,0,MXN,excel_cso,Extraccion diaria de compras de gas natural para CCC Saltillo desde Consolidado CSO.xlsx.,Consolidado CSO.xlsx
15/03/2023,6bc2fbe4-3a34-4837-a3d8-8162e642ba3a,1a3dde4b-6f67-49db-ac6e-7578d0af0d95,9693a1d1-4b88-4d73-8138-b46b21e7a72c,5a3d193f-cb2b-40df-b401-d786b9e25ef8,CSO-2023-03-15,1,41000,0,0,MXN,excel_cso,Extraccion diaria de compras de gas natural para CCC Saltillo desde Consolidado CSO.xlsx.,Consolidado CSO.xlsx
15/04/2023,6bc2fbe4-3a34-4837-a3d8-8162e642ba3a,1a3dde4b-6f67-49db-ac6e-7578d0af0d95,9693a1d1-4b88-4d73-8138-b46b21e7a72c,5a3d193f-cb2b-40df-b401-d786b9e25ef8,CSO-2023-04-15,1,27000,0,0,MXN,excel_cso,Extraccion diaria de compras de gas natural para CCC Saltillo desde Consolidado CSO.xlsx.,Consolidado CSO.xlsx
15/05/2023,6bc2fbe4-3a34-4837-a3d8-8162e642ba3a,1a3dde4b-6f67-49db-ac6e-7578d0af0d95,9693a1d1-4b88-4d73-8138-b46b21e7a72c,5a3d193f-cb2b-40df-b401-d786b9e25ef8,CSO-2023-05-15,1,36000,0,0,MXN,excel_cso,Extraccion diaria de compras de gas natural para CCC Saltillo desde Consolidado CSO.xlsx.,Consolidado CSO.xlsx
15/06/2023,6bc2fbe4-3a34-4837-a3d8-8162e642ba3a,1a3dde4b-6f67-49db-ac6e-7578d0af0d95,9693a1d1-4b88-4d73-8138-b46b21e7a72c,5a3d193f-cb2b-40df-b401-d786b9e25ef8,CSO-2023-06-15,1,40000,0,0,MXN,excel_cso,Extraccion diaria de compras de gas natural para CCC Saltillo desde Consolidado CSO.xlsx.,Consolidado CSO.xlsx
15/07/2023,6bc2fbe4-3a34-4837-a3d8-8162e642ba3a,1a3dde4b-6f67-49db-ac6e-7578d0af0d95,9693a1d1-4b88-4d73-8138-b46b21e7a72c,5a3d193f-cb2b-40df-b401-d786b9e25ef8,CSO-2023-07-15,1,33000,0,0,MXN,excel_cso,Extraccion diaria de compras de gas natural para CCC Saltillo desde Consolidado CSO.xlsx.,Consolidado CSO.xlsx
15/08/2023,6bc2fbe4-3a34-4837-a3d8-8162e642ba3a,1a3dde4b-6f67-49db-ac6e-7578d0af0d95,9693a1d1-4b88-4d73-8138-b46b21e7a72c,5a3d193f-cb2b-40df-b401-d786b9e25ef8,CSO-2023-08-15,1,38000,0,0,MXN,excel_cso,Extraccion diaria de compras de gas natural para CCC Saltillo desde Consolidado CSO.xlsx.,Consolidado CSO.xlsx
15/09/2023,6bc2fbe4-3a34-4837-a3d8-8162e642ba3a,1a3dde4b-6f67-49db-ac6e-7578d0af0d95,9693a1d1-4b88-4d73-8138-b46b21e7a72c,5a3d193f-cb2b-40df-b401-d786b9e25ef8,CSO-2023-09-15,1,37000,0,0,MXN,excel_cso,Extraccion diaria de compras de gas natural para CCC Saltillo desde Consolidado CSO.xlsx.,Consolidado CSO.xlsx
15/10/2023,6bc2fbe4-3a34-4837-a3d8-8162e642ba3a,1a3dde4b-6f67-49db-ac6e-7578d0af0d95,9693a1d1-4b88-4d73-8138-b46b21e7a72c,5a3d193f-cb2b-40df-b401-d786b9e25ef8,CSO-2023-10-15,1,38000,0,0,MXN,excel_cso,Extraccion diaria de compras de gas natural para CCC Saltillo desde Consolidado CSO.xlsx.,Consolidado CSO.xlsx
15/11/2023,6bc2fbe4-3a34-4837-a3d8-8162e642ba3a,1a3dde4b-6f67-49db-ac6e-7578d0af0d95,9693a1d1-4b88-4d73-8138-b46b21e7a72c,5a3d193f-cb2b-40df-b401-d786b9e25ef8,CSO-2023-11-15,1,34000,0,0,MXN,excel_cso,Extraccion diaria de compras de gas natural para CCC Saltillo desde Consolidado CSO.xlsx.,Consolidado CSO.xlsx
15/12/2023,6bc2fbe4-3a34-4837-a3d8-8162e642ba3a,1a3dde4b-6f67-49db-ac6e-7578d0af0d95,9693a1d1-4b88-4d73-8138-b46b21e7a72c,5a3d193f-cb2b-40df-b401-d786b9e25ef8,CSO-2023-12-15,1,43746,0,0,MXN,excel_cso,Extraccion diaria de compras de gas natural para CCC Saltillo desde Consolidado CSO.xlsx.,Consolidado CSO.xlsx
16/01/2023,6bc2fbe4-3a34-4837-a3d8-8162e642ba3a,1a3dde4b-6f67-49db-ac6e-7578d0af0d95,9693a1d1-4b88-4d73-8138-b46b21e7a72c,5a3d193f-cb2b-40df-b401-d786b9e25ef8,CSO-2023-01-16,1,32000,0,0,MXN,excel_cso,Extraccion diaria de compras de gas natural para CCC Saltillo desde Consolidado CSO.xlsx.,Consolidado CSO.xlsx
16/02/2023,6bc2fbe4-3a34-4837-a3d8-8162e642ba3a,1a3dde4b-6f67-49db-ac6e-7578d0af0d95,9693a1d1-4b88-4d73-8138-b46b21e7a72c,5a3d193f-cb2b-40df-b401-d786b9e25ef8,CSO-2023-02-16,1,30000,0,0,MXN,excel_cso,Extraccion diaria de compras de gas natural para CCC Saltillo desde Consolidado CSO.xlsx.,Consolidado CSO.xlsx
16/03/2023,6bc2fbe4-3a34-4837-a3d8-8162e642ba3a,1a3dde4b-6f67-49db-ac6e-7578d0af0d95,9693a1d1-4b88-4d73-8138-b46b21e7a72c,5a3d193f-cb2b-40df-b401-d786b9e25ef8,CSO-2023-03-16,1,38283,0,0,MXN,excel_cso,Extraccion diaria de compras de gas natural para CCC Saltillo desde Consolidado CSO.xlsx.,Consolidado CSO.xlsx
16/04/2023,6bc2fbe4-3a34-4837-a3d8-8162e642ba3a,1a3dde4b-6f67-49db-ac6e-7578d0af0d95,9693a1d1-4b88-4d73-8138-b46b21e7a72c,5a3d193f-cb2b-40df-b401-d786b9e25ef8,CSO-2023-04-16,1,33000,0,0,MXN,excel_cso,Extraccion diaria de compras de gas natural para CCC Saltillo desde Consolidado CSO.xlsx.,Consolidado CSO.xlsx
16/05/2023,6bc2fbe4-3a34-4837-a3d8-8162e642ba3a,1a3dde4b-6f67-49db-ac6e-7578d0af0d95,9693a1d1-4b88-4d73-8138-b46b21e7a72c,5a3d193f-cb2b-40df-b401-d786b9e25ef8,CSO-2023-05-16,1,32000,0,0,MXN,excel_cso,Extraccion diaria de compras de gas natural para CCC Saltillo desde Consolidado CSO.xlsx.,Consolidado CSO.xlsx
16/06/2023,6bc2fbe4-3a34-4837-a3d8-8162e642ba3a,1a3dde4b-6f67-49db-ac6e-7578d0af0d95,9693a1d1-4b88-4d73-8138-b46b21e7a72c,5a3d193f-cb2b-40df-b401-d786b9e25ef8,CSO-2023-06-16,1,34000,0,0,MXN,excel_cso,Extraccion diaria de compras de gas natural para CCC Saltillo desde Consolidado CSO.xlsx.,Consolidado CSO.xlsx
16/07/2023,6bc2fbe4-3a34-4837-a3d8-8162e642ba3a,1a3dde4b-6f67-49db-ac6e-7578d0af0d95,9693a1d1-4b88-4d73-8138-b46b21e7a72c,5a3d193f-cb2b-40df-b401-d786b9e25ef8,CSO-2023-07-16,1,33000,0,0,MXN,excel_cso,Extraccion diaria de compras de gas natural para CCC Saltillo desde Consolidado CSO.xlsx.,Consolidado CSO.xlsx
16/08/2023,6bc2fbe4-3a34-4837-a3d8-8162e642ba3a,1a3dde4b-6f67-49db-ac6e-7578d0af0d95,9693a1d1-4b88-4d73-8138-b46b21e7a72c,5a3d193f-cb2b-40df-b401-d786b9e25ef8,CSO-2023-08-16,1,29000,0,0,MXN,excel_cso,Extraccion diaria de compras de gas natural para CCC Saltillo desde Consolidado CSO.xlsx.,Consolidado CSO.xlsx
16/09/2023,6bc2fbe4-3a34-4837-a3d8-8162e642ba3a,1a3dde4b-6f67-49db-ac6e-7578d0af0d95,9693a1d1-4b88-4d73-8138-b46b21e7a72c,5a3d193f-cb2b-40df-b401-d786b9e25ef8,CSO-2023-09-16,1,30000,0,0,MXN,excel_cso,Extraccion diaria de compras de gas natural para CCC Saltillo desde Consolidado CSO.xlsx.,Consolidado CSO.xlsx
16/10/2023,6bc2fbe4-3a34-4837-a3d8-8162e642ba3a,1a3dde4b-6f67-49db-ac6e-7578d0af0d95,9693a1d1-4b88-4d73-8138-b46b21e7a72c,5a3d193f-cb2b-40df-b401-d786b9e25ef8,CSO-2023-10-16,1,28000,0,0,MXN,excel_cso,Extraccion diaria de compras de gas natural para CCC Saltillo desde Consolidado CSO.xlsx.,Consolidado CSO.xlsx
16/11/2023,6bc2fbe4-3a34-4837-a3d8-8162e642ba3a,1a3dde4b-6f67-49db-ac6e-7578d0af0d95,9693a1d1-4b88-4d73-8138-b46b21e7a72c,5a3d193f-cb2b-40df-b401-d786b9e25ef8,CSO-2023-11-16,1,44672,0,0,MXN,excel_cso,Extraccion diaria de compras de gas natural para CCC Saltillo desde Consolidado CSO.xlsx.,Consolidado CSO.xlsx
16/12/2023,6bc2fbe4-3a34-4837-a3d8-8162e642ba3a,1a3dde4b-6f67-49db-ac6e-7578d0af0d95,9693a1d1-4b88-4d73-8138-b46b21e7a72c,5a3d193f-cb2b-40df-b401-d786b9e25ef8,CSO-2023-12-16,1,30000,0,0,MXN,excel_cso,Extraccion diaria de compras de gas natural para CCC Saltillo desde Consolidado CSO.xlsx.,Consolidado CSO.xlsx
17/01/2023,6bc2fbe4-3a34-4837-a3d8-8162e642ba3a,1a3dde4b-6f67-49db-ac6e-7578d0af0d95,9693a1d1-4b88-4d73-8138-b46b21e7a72c,5a3d193f-cb2b-40df-b401-d786b9e25ef8,CSO-2023-01-17,1,30000,0,0,MXN,excel_cso,Extraccion diaria de compras de gas natural para CCC Saltillo desde Consolidado CSO.xlsx.,Consolidado CSO.xlsx
17/02/2023,6bc2fbe4-3a34-4837-a3d8-8162e642ba3a,1a3dde4b-6f67-49db-ac6e-7578d0af0d95,9693a1d1-4b88-4d73-8138-b46b21e7a72c,5a3d193f-cb2b-40df-b401-d786b9e25ef8,CSO-2023-02-17,1,30000,0,0,MXN,excel_cso,Extraccion diaria de compras de gas natural para CCC Saltillo desde Consolidado CSO.xlsx.,Consolidado CSO.xlsx
17/03/2023,6bc2fbe4-3a34-4837-a3d8-8162e642ba3a,1a3dde4b-6f67-49db-ac6e-7578d0af0d95,9693a1d1-4b88-4d73-8138-b46b21e7a72c,5a3d193f-cb2b-40df-b401-d786b9e25ef8,CSO-2023-03-17,1,34910,0,0,MXN,excel_cso,Extraccion diaria de compras de gas natural para CCC Saltillo desde Consolidado CSO.xlsx.,Consolidado CSO.xlsx
17/04/2023,6bc2fbe4-3a34-4837-a3d8-8162e642ba3a,1a3dde4b-6f67-49db-ac6e-7578d0af0d95,9693a1d1-4b88-4d73-8138-b46b21e7a72c,5a3d193f-cb2b-40df-b401-d786b9e25ef8,CSO-2023-04-17,1,30000,0,0,MXN,excel_cso,Extraccion diaria de compras de gas natural para CCC Saltillo desde Consolidado CSO.xlsx.,Consolidado CSO.xlsx
17/05/2023,6bc2fbe4-3a34-4837-a3d8-8162e642ba3a,1a3dde4b-6f67-49db-ac6e-7578d0af0d95,9693a1d1-4b88-4d73-8138-b46b21e7a72c,5a3d193f-cb2b-40df-b401-d786b9e25ef8,CSO-2023-05-17,1,31000,0,0,MXN,excel_cso,Extraccion diaria de compras de gas natural para CCC Saltillo desde Consolidado CSO.xlsx.,Consolidado CSO.xlsx
17/06/2023,6bc2fbe4-3a34-4837-a3d8-8162e642ba3a,1a3dde4b-6f67-49db-ac6e-7578d0af0d95,9693a1d1-4b88-4d73-8138-b46b21e7a72c,5a3d193f-cb2b-40df-b401-d786b9e25ef8,CSO-2023-06-17,1,33000,0,0,MXN,excel_cso,Extraccion diaria de compras de gas natural para CCC Saltillo desde Consolidado CSO.xlsx.,Consolidado CSO.xlsx
17/07/2023,6bc2fbe4-3a34-4837-a3d8-8162e642ba3a,1a3dde4b-6f67-49db-ac6e-7578d0af0d95,9693a1d1-4b88-4d73-8138-b46b21e7a72c,5a3d193f-cb2b-40df-b401-d786b9e25ef8,CSO-2023-07-17,1,33000,0,0,MXN,excel_cso,Extraccion diaria de compras de gas natural para CCC Saltillo desde Consolidado CSO.xlsx.,Consolidado CSO.xlsx
17/08/2023,6bc2fbe4-3a34-4837-a3d8-8162e642ba3a,1a3dde4b-6f67-49db-ac6e-7578d0af0d95,9693a1d1-4b88-4d73-8138-b46b21e7a72c,5a3d193f-cb2b-40df-b401-d786b9e25ef8,CSO-2023-08-17,1,37000,0,0,MXN,excel_cso,Extraccion diaria de compras de gas natural para CCC Saltillo desde Consolidado CSO.xlsx.,Consolidado CSO.xlsx
17/09/2023,6bc2fbe4-3a34-4837-a3d8-8162e642ba3a,1a3dde4b-6f67-49db-ac6e-7578d0af0d95,9693a1d1-4b88-4d73-8138-b46b21e7a72c,5a3d193f-cb2b-40df-b401-d786b9e25ef8,CSO-2023-09-17,1,30000,0,0,MXN,excel_cso,Extraccion diaria de compras de gas natural para CCC Saltillo desde Consolidado CSO.xlsx.,Consolidado CSO.xlsx
17/10/2023,6bc2fbe4-3a34-4837-a3d8-8162e642ba3a,1a3dde4b-6f67-49db-ac6e-7578d0af0d95,9693a1d1-4b88-4d73-8138-b46b21e7a72c,5a3d193f-cb2b-40df-b401-d786b9e25ef8,CSO-2023-10-17,1,18000,0,0,MXN,excel_cso,Extraccion diaria de compras de gas natural para CCC Saltillo desde Consolidado CSO.xlsx.,Consolidado CSO.xlsx
17/11/2023,6bc2fbe4-3a34-4837-a3d8-8162e642ba3a,1a3dde4b-6f67-49db-ac6e-7578d0af0d95,9693a1d1-4b88-4d73-8138-b46b21e7a72c,5a3d193f-cb2b-40df-b401-d786b9e25ef8,CSO-2023-11-17,1,37000,0,0,MXN,excel_cso,Extraccion diaria de compras de gas natural para CCC Saltillo desde Consolidado CSO.xlsx.,Consolidado CSO.xlsx
17/12/2023,6bc2fbe4-3a34-4837-a3d8-8162e642ba3a,1a3dde4b-6f67-49db-ac6e-7578d0af0d95,9693a1d1-4b88-4d73-8138-b46b21e7a72c,5a3d193f-cb2b-40df-b401-d786b9e25ef8,CSO-2023-12-17,1,28000,0,0,MXN,excel_cso,Extraccion diaria de compras de gas natural para CCC Saltillo desde Consolidado CSO.xlsx.,Consolidado CSO.xlsx
18/01/2023,6bc2fbe4-3a34-4837-a3d8-8162e642ba3a,1a3dde4b-6f67-49db-ac6e-7578d0af0d95,9693a1d1-4b88-4d73-8138-b46b21e7a72c,5a3d193f-cb2b-40df-b401-d786b9e25ef8,CSO-2023-01-18,1,31000,0,0,MXN,excel_cso,Extraccion diaria de compras de gas natural para CCC Saltillo desde Consolidado CSO.xlsx.,Consolidado CSO.xlsx
18/02/2023,6bc2fbe4-3a34-4837-a3d8-8162e642ba3a,1a3dde4b-6f67-49db-ac6e-7578d0af0d95,9693a1d1-4b88-4d73-8138-b46b21e7a72c,5a3d193f-cb2b-40df-b401-d786b9e25ef8,CSO-2023-02-18,1,30000,0,0,MXN,excel_cso,Extraccion diaria de compras de gas natural para CCC Saltillo desde Consolidado CSO.xlsx.,Consolidado CSO.xlsx
18/03/2023,6bc2fbe4-3a34-4837-a3d8-8162e642ba3a,1a3dde4b-6f67-49db-ac6e-7578d0af0d95,9693a1d1-4b88-4d73-8138-b46b21e7a72c,5a3d193f-cb2b-40df-b401-d786b9e25ef8,CSO-2023-03-18,1,30000,0,0,MXN,excel_cso,Extraccion diaria de compras de gas natural para CCC Saltillo desde Consolidado CSO.xlsx.,Consolidado CSO.xlsx
18/04/2023,6bc2fbe4-3a34-4837-a3d8-8162e642ba3a,1a3dde4b-6f67-49db-ac6e-7578d0af0d95,9693a1d1-4b88-4d73-8138-b46b21e7a72c,5a3d193f-cb2b-40df-b401-d786b9e25ef8,CSO-2023-04-18,1,32000,0,0,MXN,excel_cso,Extraccion diaria de compras de gas natural para CCC Saltillo desde Consolidado CSO.xlsx.,Consolidado CSO.xlsx
18/05/2023,6bc2fbe4-3a34-4837-a3d8-8162e642ba3a,1a3dde4b-6f67-49db-ac6e-7578d0af0d95,9693a1d1-4b88-4d73-8138-b46b21e7a72c,5a3d193f-cb2b-40df-b401-d786b9e25ef8,CSO-2023-05-18,1,33000,0,0,MXN,excel_cso,Extraccion diaria de compras de gas natural para CCC Saltillo desde Consolidado CSO.xlsx.,Consolidado CSO.xlsx
18/06/2023,6bc2fbe4-3a34-4837-a3d8-8162e642ba3a,1a3dde4b-6f67-49db-ac6e-7578d0af0d95,9693a1d1-4b88-4d73-8138-b46b21e7a72c,5a3d193f-cb2b-40df-b401-d786b9e25ef8,CSO-2023-06-18,1,33000,0,0,MXN,excel_cso,Extraccion diaria de compras de gas natural para CCC Saltillo desde Consolidado CSO.xlsx.,Consolidado CSO.xlsx
18/07/2023,6bc2fbe4-3a34-4837-a3d8-8162e642ba3a,1a3dde4b-6f67-49db-ac6e-7578d0af0d95,9693a1d1-4b88-4d73-8138-b46b21e7a72c,5a3d193f-cb2b-40df-b401-d786b9e25ef8,CSO-2023-07-18,1,32000,0,0,MXN,excel_cso,Extraccion diaria de compras de gas natural para CCC Saltillo desde Consolidado CSO.xlsx.,Consolidado CSO.xlsx
18/08/2023,6bc2fbe4-3a34-4837-a3d8-8162e642ba3a,1a3dde4b-6f67-49db-ac6e-7578d0af0d95,9693a1d1-4b88-4d73-8138-b46b21e7a72c,5a3d193f-cb2b-40df-b401-d786b9e25ef8,CSO-2023-08-18,1,36000,0,0,MXN,excel_cso,Extraccion diaria de compras de gas natural para CCC Saltillo desde Consolidado CSO.xlsx.,Consolidado CSO.xlsx
18/09/2023,6bc2fbe4-3a34-4837-a3d8-8162e642ba3a,1a3dde4b-6f67-49db-ac6e-7578d0af0d95,9693a1d1-4b88-4d73-8138-b46b21e7a72c,5a3d193f-cb2b-40df-b401-d786b9e25ef8,CSO-2023-09-18,1,41000,0,0,MXN,excel_cso,Extraccion diaria de compras de gas natural para CCC Saltillo desde Consolidado CSO.xlsx.,Consolidado CSO.xlsx
18/10/2023,6bc2fbe4-3a34-4837-a3d8-8162e642ba3a,1a3dde4b-6f67-49db-ac6e-7578d0af0d95,9693a1d1-4b88-4d73-8138-b46b21e7a72c,5a3d193f-cb2b-40df-b401-d786b9e25ef8,CSO-2023-10-18,1,38000,0,0,MXN,excel_cso,Extraccion diaria de compras de gas natural para CCC Saltillo desde Consolidado CSO.xlsx.,Consolidado CSO.xlsx
18/11/2023,6bc2fbe4-3a34-4837-a3d8-8162e642ba3a,1a3dde4b-6f67-49db-ac6e-7578d0af0d95,9693a1d1-4b88-4d73-8138-b46b21e7a72c,5a3d193f-cb2b-40df-b401-d786b9e25ef8,CSO-2023-11-18,1,20000,0,0,MXN,excel_cso,Extraccion diaria de compras de gas natural para CCC Saltillo desde Consolidado CSO.xlsx.,Consolidado CSO.xlsx
18/12/2023,6bc2fbe4-3a34-4837-a3d8-8162e642ba3a,1a3dde4b-6f67-49db-ac6e-7578d0af0d95,9693a1d1-4b88-4d73-8138-b46b21e7a72c,5a3d193f-cb2b-40df-b401-d786b9e25ef8,CSO-2023-12-18,1,37000,0,0,MXN,excel_cso,Extraccion diaria de compras de gas natural para CCC Saltillo desde Consolidado CSO.xlsx.,Consolidado CSO.xlsx
19/01/2023,6bc2fbe4-3a34-4837-a3d8-8162e642ba3a,1a3dde4b-6f67-49db-ac6e-7578d0af0d95,9693a1d1-4b88-4d73-8138-b46b21e7a72c,5a3d193f-cb2b-40df-b401-d786b9e25ef8,CSO-2023-01-19,1,40000,0,0,MXN,excel_cso,Extraccion diaria de compras de gas natural para CCC Saltillo desde Consolidado CSO.xlsx.,Consolidado CSO.xlsx
19/02/2023,6bc2fbe4-3a34-4837-a3d8-8162e642ba3a,1a3dde4b-6f67-49db-ac6e-7578d0af0d95,9693a1d1-4b88-4d73-8138-b46b21e7a72c,5a3d193f-cb2b-40df-b401-d786b9e25ef8,CSO-2023-02-19,1,30000,0,0,MXN,excel_cso,Extraccion diaria de compras de gas natural para CCC Saltillo desde Consolidado CSO.xlsx.,Consolidado CSO.xlsx
19/03/2023,6bc2fbe4-3a34-4837-a3d8-8162e642ba3a,1a3dde4b-6f67-49db-ac6e-7578d0af0d95,9693a1d1-4b88-4d73-8138-b46b21e7a72c,5a3d193f-cb2b-40df-b401-d786b9e25ef8,CSO-2023-03-19,1,33000,0,0,MXN,excel_cso,Extraccion diaria de compras de gas natural para CCC Saltillo desde Consolidado CSO.xlsx.,Consolidado CSO.xlsx
19/04/2023,6bc2fbe4-3a34-4837-a3d8-8162e642ba3a,1a3dde4b-6f67-49db-ac6e-7578d0af0d95,9693a1d1-4b88-4d73-8138-b46b21e7a72c,5a3d193f-cb2b-40df-b401-d786b9e25ef8,CSO-2023-04-19,1,31000,0,0,MXN,excel_cso,Extraccion diaria de compras de gas natural para CCC Saltillo desde Consolidado CSO.xlsx.,Consolidado CSO.xlsx
19/05/2023,6bc2fbe4-3a34-4837-a3d8-8162e642ba3a,1a3dde4b-6f67-49db-ac6e-7578d0af0d95,9693a1d1-4b88-4d73-8138-b46b21e7a72c,5a3d193f-cb2b-40df-b401-d786b9e25ef8,CSO-2023-05-19,1,33000,0,0,MXN,excel_cso,Extraccion diaria de compras de gas natural para CCC Saltillo desde Consolidado CSO.xlsx.,Consolidado CSO.xlsx
19/06/2023,6bc2fbe4-3a34-4837-a3d8-8162e642ba3a,1a3dde4b-6f67-49db-ac6e-7578d0af0d95,9693a1d1-4b88-4d73-8138-b46b21e7a72c,5a3d193f-cb2b-40df-b401-d786b9e25ef8,CSO-2023-06-19,1,33000,0,0,MXN,excel_cso,Extraccion diaria de compras de gas natural para CCC Saltillo desde Consolidado CSO.xlsx.,Consolidado CSO.xlsx
19/07/2023,6bc2fbe4-3a34-4837-a3d8-8162e642ba3a,1a3dde4b-6f67-49db-ac6e-7578d0af0d95,9693a1d1-4b88-4d73-8138-b46b21e7a72c,5a3d193f-cb2b-40df-b401-d786b9e25ef8,CSO-2023-07-19,1,39000,0,0,MXN,excel_cso,Extraccion diaria de compras de gas natural para CCC Saltillo desde Consolidado CSO.xlsx.,Consolidado CSO.xlsx
19/08/2023,6bc2fbe4-3a34-4837-a3d8-8162e642ba3a,1a3dde4b-6f67-49db-ac6e-7578d0af0d95,9693a1d1-4b88-4d73-8138-b46b21e7a72c,5a3d193f-cb2b-40df-b401-d786b9e25ef8,CSO-2023-08-19,1,36000,0,0,MXN,excel_cso,Extraccion diaria de compras de gas natural para CCC Saltillo desde Consolidado CSO.xlsx.,Consolidado CSO.xlsx
19/09/2023,6bc2fbe4-3a34-4837-a3d8-8162e642ba3a,1a3dde4b-6f67-49db-ac6e-7578d0af0d95,9693a1d1-4b88-4d73-8138-b46b21e7a72c,5a3d193f-cb2b-40df-b401-d786b9e25ef8,CSO-2023-09-19,1,23000,0,0,MXN,excel_cso,Extraccion diaria de compras de gas natural para CCC Saltillo desde Consolidado CSO.xlsx.,Consolidado CSO.xlsx
19/10/2023,6bc2fbe4-3a34-4837-a3d8-8162e642ba3a,1a3dde4b-6f67-49db-ac6e-7578d0af0d95,9693a1d1-4b88-4d73-8138-b46b21e7a72c,5a3d193f-cb2b-40df-b401-d786b9e25ef8,CSO-2023-10-19,1,37000,0,0,MXN,excel_cso,Extraccion diaria de compras de gas natural para CCC Saltillo desde Consolidado CSO.xlsx.,Consolidado CSO.xlsx
19/11/2023,6bc2fbe4-3a34-4837-a3d8-8162e642ba3a,1a3dde4b-6f67-49db-ac6e-7578d0af0d95,9693a1d1-4b88-4d73-8138-b46b21e7a72c,5a3d193f-cb2b-40df-b401-d786b9e25ef8,CSO-2023-11-19,1,27000,0,0,MXN,excel_cso,Extraccion diaria de compras de gas natural para CCC Saltillo desde Consolidado CSO.xlsx.,Consolidado CSO.xlsx
19/12/2023,6bc2fbe4-3a34-4837-a3d8-8162e642ba3a,1a3dde4b-6f67-49db-ac6e-7578d0af0d95,9693a1d1-4b88-4d73-8138-b46b21e7a72c,5a3d193f-cb2b-40df-b401-d786b9e25ef8,CSO-2023-12-19,1,37000,0,0,MXN,excel_cso,Extraccion diaria de compras de gas natural para CCC Saltillo desde Consolidado CSO.xlsx.,Consolidado CSO.xlsx
20/01/2023,6bc2fbe4-3a34-4837-a3d8-8162e642ba3a,1a3dde4b-6f67-49db-ac6e-7578d0af0d95,9693a1d1-4b88-4d73-8138-b46b21e7a72c,5a3d193f-cb2b-40df-b401-d786b9e25ef8,CSO-2023-01-20,1,32000,0,0,MXN,excel_cso,Extraccion diaria de compras de gas natural para CCC Saltillo desde Consolidado CSO.xlsx.,Consolidado CSO.xlsx
20/02/2023,6bc2fbe4-3a34-4837-a3d8-8162e642ba3a,1a3dde4b-6f67-49db-ac6e-7578d0af0d95,9693a1d1-4b88-4d73-8138-b46b21e7a72c,5a3d193f-cb2b-40df-b401-d786b9e25ef8,CSO-2023-02-20,1,30000,0,0,MXN,excel_cso,Extraccion diaria de compras de gas natural para CCC Saltillo desde Consolidado CSO.xlsx.,Consolidado CSO.xlsx
20/03/2023,6bc2fbe4-3a34-4837-a3d8-8162e642ba3a,1a3dde4b-6f67-49db-ac6e-7578d0af0d95,9693a1d1-4b88-4d73-8138-b46b21e7a72c,5a3d193f-cb2b-40df-b401-d786b9e25ef8,CSO-2023-03-20,1,20000,0,0,MXN,excel_cso,Extraccion diaria de compras de gas natural para CCC Saltillo desde Consolidado CSO.xlsx.,Consolidado CSO.xlsx
20/04/2023,6bc2fbe4-3a34-4837-a3d8-8162e642ba3a,1a3dde4b-6f67-49db-ac6e-7578d0af0d95,9693a1d1-4b88-4d73-8138-b46b21e7a72c,5a3d193f-cb2b-40df-b401-d786b9e25ef8,CSO-2023-04-20,1,37000,0,0,MXN,excel_cso,Extraccion diaria de compras de gas natural para CCC Saltillo desde Consolidado CSO.xlsx.,Consolidado CSO.xlsx
20/05/2023,6bc2fbe4-3a34-4837-a3d8-8162e642ba3a,1a3dde4b-6f67-49db-ac6e-7578d0af0d95,9693a1d1-4b88-4d73-8138-b46b21e7a72c,5a3d193f-cb2b-40df-b401-d786b9e25ef8,CSO-2023-05-20,1,33000,0,0,MXN,excel_cso,Extraccion diaria de compras de gas natural para CCC Saltillo desde Consolidado CSO.xlsx.,Consolidado CSO.xlsx
20/06/2023,6bc2fbe4-3a34-4837-a3d8-8162e642ba3a,1a3dde4b-6f67-49db-ac6e-7578d0af0d95,9693a1d1-4b88-4d73-8138-b46b21e7a72c,5a3d193f-cb2b-40df-b401-d786b9e25ef8,CSO-2023-06-20,1,33000,0,0,MXN,excel_cso,Extraccion diaria de compras de gas natural para CCC Saltillo desde Consolidado CSO.xlsx.,Consolidado CSO.xlsx
20/07/2023,6bc2fbe4-3a34-4837-a3d8-8162e642ba3a,1a3dde4b-6f67-49db-ac6e-7578d0af0d95,9693a1d1-4b88-4d73-8138-b46b21e7a72c,5a3d193f-cb2b-40df-b401-d786b9e25ef8,CSO-2023-07-20,1,36000,0,0,MXN,excel_cso,Extraccion diaria de compras de gas natural para CCC Saltillo desde Consolidado CSO.xlsx.,Consolidado CSO.xlsx
20/08/2023,6bc2fbe4-3a34-4837-a3d8-8162e642ba3a,1a3dde4b-6f67-49db-ac6e-7578d0af0d95,9693a1d1-4b88-4d73-8138-b46b21e7a72c,5a3d193f-cb2b-40df-b401-d786b9e25ef8,CSO-2023-08-20,1,36000,0,0,MXN,excel_cso,Extraccion diaria de compras de gas natural para CCC Saltillo desde Consolidado CSO.xlsx.,Consolidado CSO.xlsx
20/09/2023,6bc2fbe4-3a34-4837-a3d8-8162e642ba3a,1a3dde4b-6f67-49db-ac6e-7578d0af0d95,9693a1d1-4b88-4d73-8138-b46b21e7a72c,5a3d193f-cb2b-40df-b401-d786b9e25ef8,CSO-2023-09-20,1,39000,0,0,MXN,excel_cso,Extraccion diaria de compras de gas natural para CCC Saltillo desde Consolidado CSO.xlsx.,Consolidado CSO.xlsx
20/10/2023,6bc2fbe4-3a34-4837-a3d8-8162e642ba3a,1a3dde4b-6f67-49db-ac6e-7578d0af0d95,9693a1d1-4b88-4d73-8138-b46b21e7a72c,5a3d193f-cb2b-40df-b401-d786b9e25ef8,CSO-2023-10-20,1,35000,0,0,MXN,excel_cso,Extraccion diaria de compras de gas natural para CCC Saltillo desde Consolidado CSO.xlsx.,Consolidado CSO.xlsx
20/11/2023,6bc2fbe4-3a34-4837-a3d8-8162e642ba3a,1a3dde4b-6f67-49db-ac6e-7578d0af0d95,9693a1d1-4b88-4d73-8138-b46b21e7a72c,5a3d193f-cb2b-40df-b401-d786b9e25ef8,CSO-2023-11-20,1,15000,0,0,MXN,excel_cso,Extraccion diaria de compras de gas natural para CCC Saltillo desde Consolidado CSO.xlsx.,Consolidado CSO.xlsx
20/12/2023,6bc2fbe4-3a34-4837-a3d8-8162e642ba3a,1a3dde4b-6f67-49db-ac6e-7578d0af0d95,9693a1d1-4b88-4d73-8138-b46b21e7a72c,5a3d193f-cb2b-40df-b401-d786b9e25ef8,CSO-2023-12-20,1,35000,0,0,MXN,excel_cso,Extraccion diaria de compras de gas natural para CCC Saltillo desde Consolidado CSO.xlsx.,Consolidado CSO.xlsx
21/01/2023,6bc2fbe4-3a34-4837-a3d8-8162e642ba3a,1a3dde4b-6f67-49db-ac6e-7578d0af0d95,9693a1d1-4b88-4d73-8138-b46b21e7a72c,5a3d193f-cb2b-40df-b401-d786b9e25ef8,CSO-2023-01-21,1,28000,0,0,MXN,excel_cso,Extraccion diaria de compras de gas natural para CCC Saltillo desde Consolidado CSO.xlsx.,Consolidado CSO.xlsx
21/02/2023,6bc2fbe4-3a34-4837-a3d8-8162e642ba3a,1a3dde4b-6f67-49db-ac6e-7578d0af0d95,9693a1d1-4b88-4d73-8138-b46b21e7a72c,5a3d193f-cb2b-40df-b401-d786b9e25ef8,CSO-2023-02-21,1,30000,0,0,MXN,excel_cso,Extraccion diaria de compras de gas natural para CCC Saltillo desde Consolidado CSO.xlsx.,Consolidado CSO.xlsx
21/03/2023,6bc2fbe4-3a34-4837-a3d8-8162e642ba3a,1a3dde4b-6f67-49db-ac6e-7578d0af0d95,9693a1d1-4b88-4d73-8138-b46b21e7a72c,5a3d193f-cb2b-40df-b401-d786b9e25ef8,CSO-2023-03-21,1,33000,0,0,MXN,excel_cso,Extraccion diaria de compras de gas natural para CCC Saltillo desde Consolidado CSO.xlsx.,Consolidado CSO.xlsx
21/04/2023,6bc2fbe4-3a34-4837-a3d8-8162e642ba3a,1a3dde4b-6f67-49db-ac6e-7578d0af0d95,9693a1d1-4b88-4d73-8138-b46b21e7a72c,5a3d193f-cb2b-40df-b401-d786b9e25ef8,CSO-2023-04-21,1,33000,0,0,MXN,excel_cso,Extraccion diaria de compras de gas natural para CCC Saltillo desde Consolidado CSO.xlsx.,Consolidado CSO.xlsx
21/05/2023,6bc2fbe4-3a34-4837-a3d8-8162e642ba3a,1a3dde4b-6f67-49db-ac6e-7578d0af0d95,9693a1d1-4b88-4d73-8138-b46b21e7a72c,5a3d193f-cb2b-40df-b401-d786b9e25ef8,CSO-2023-05-21,1,33000,0,0,MXN,excel_cso,Extraccion diaria de compras de gas natural para CCC Saltillo desde Consolidado CSO.xlsx.,Consolidado CSO.xlsx
21/06/2023,6bc2fbe4-3a34-4837-a3d8-8162e642ba3a,1a3dde4b-6f67-49db-ac6e-7578d0af0d95,9693a1d1-4b88-4d73-8138-b46b21e7a72c,5a3d193f-cb2b-40df-b401-d786b9e25ef8,CSO-2023-06-21,1,44667,0,0,MXN,excel_cso,Extraccion diaria de compras de gas natural para CCC Saltillo desde Consolidado CSO.xlsx.,Consolidado CSO.xlsx
21/07/2023,6bc2fbe4-3a34-4837-a3d8-8162e642ba3a,1a3dde4b-6f67-49db-ac6e-7578d0af0d95,9693a1d1-4b88-4d73-8138-b46b21e7a72c,5a3d193f-cb2b-40df-b401-d786b9e25ef8,CSO-2023-07-21,1,25000,0,0,MXN,excel_cso,Extraccion diaria de compras de gas natural para CCC Saltillo desde Consolidado CSO.xlsx.,Consolidado CSO.xlsx
21/08/2023,6bc2fbe4-3a34-4837-a3d8-8162e642ba3a,1a3dde4b-6f67-49db-ac6e-7578d0af0d95,9693a1d1-4b88-4d73-8138-b46b21e7a72c,5a3d193f-cb2b-40df-b401-d786b9e25ef8,CSO-2023-08-21,1,36000,0,0,MXN,excel_cso,Extraccion diaria de compras de gas natural para CCC Saltillo desde Consolidado CSO.xlsx.,Consolidado CSO.xlsx
21/09/2023,6bc2fbe4-3a34-4837-a3d8-8162e642ba3a,1a3dde4b-6f67-49db-ac6e-7578d0af0d95,9693a1d1-4b88-4d73-8138-b46b21e7a72c,5a3d193f-cb2b-40df-b401-d786b9e25ef8,CSO-2023-09-21,1,42000,0,0,MXN,excel_cso,Extraccion diaria de compras de gas natural para CCC Saltillo desde Consolidado CSO.xlsx.,Consolidado CSO.xlsx
21/10/2023,6bc2fbe4-3a34-4837-a3d8-8162e642ba3a,1a3dde4b-6f67-49db-ac6e-7578d0af0d95,9693a1d1-4b88-4d73-8138-b46b21e7a72c,5a3d193f-cb2b-40df-b401-d786b9e25ef8,CSO-2023-10-21,1,34000,0,0,MXN,excel_cso,Extraccion diaria de compras de gas natural para CCC Saltillo desde Consolidado CSO.xlsx.,Consolidado CSO.xlsx
21/11/2023,6bc2fbe4-3a34-4837-a3d8-8162e642ba3a,1a3dde4b-6f67-49db-ac6e-7578d0af0d95,9693a1d1-4b88-4d73-8138-b46b21e7a72c,5a3d193f-cb2b-40df-b401-d786b9e25ef8,CSO-2023-11-21,1,38000,0,0,MXN,excel_cso,Extraccion diaria de compras de gas natural para CCC Saltillo desde Consolidado CSO.xlsx.,Consolidado CSO.xlsx
21/12/2023,6bc2fbe4-3a34-4837-a3d8-8162e642ba3a,1a3dde4b-6f67-49db-ac6e-7578d0af0d95,9693a1d1-4b88-4d73-8138-b46b21e7a72c,5a3d193f-cb2b-40df-b401-d786b9e25ef8,CSO-2023-12-21,1,34000,0,0,MXN,excel_cso,Extraccion diaria de compras de gas natural para CCC Saltillo desde Consolidado CSO.xlsx.,Consolidado CSO.xlsx
22/01/2023,6bc2fbe4-3a34-4837-a3d8-8162e642ba3a,1a3dde4b-6f67-49db-ac6e-7578d0af0d95,9693a1d1-4b88-4d73-8138-b46b21e7a72c,5a3d193f-cb2b-40df-b401-d786b9e25ef8,CSO-2023-01-22,1,33000,0,0,MXN,excel_cso,Extraccion diaria de compras de gas natural para CCC Saltillo desde Consolidado CSO.xlsx.,Consolidado CSO.xlsx
22/02/2023,6bc2fbe4-3a34-4837-a3d8-8162e642ba3a,1a3dde4b-6f67-49db-ac6e-7578d0af0d95,9693a1d1-4b88-4d73-8138-b46b21e7a72c,5a3d193f-cb2b-40df-b401-d786b9e25ef8,CSO-2023-02-22,1,36159,0,0,MXN,excel_cso,Extraccion diaria de compras de gas natural para CCC Saltillo desde Consolidado CSO.xlsx.,Consolidado CSO.xlsx
22/03/2023,6bc2fbe4-3a34-4837-a3d8-8162e642ba3a,1a3dde4b-6f67-49db-ac6e-7578d0af0d95,9693a1d1-4b88-4d73-8138-b46b21e7a72c,5a3d193f-cb2b-40df-b401-d786b9e25ef8,CSO-2023-03-22,1,35205,0,0,MXN,excel_cso,Extraccion diaria de compras de gas natural para CCC Saltillo desde Consolidado CSO.xlsx.,Consolidado CSO.xlsx
22/04/2023,6bc2fbe4-3a34-4837-a3d8-8162e642ba3a,1a3dde4b-6f67-49db-ac6e-7578d0af0d95,9693a1d1-4b88-4d73-8138-b46b21e7a72c,5a3d193f-cb2b-40df-b401-d786b9e25ef8,CSO-2023-04-22,1,33000,0,0,MXN,excel_cso,Extraccion diaria de compras de gas natural para CCC Saltillo desde Consolidado CSO.xlsx.,Consolidado CSO.xlsx
22/05/2023,6bc2fbe4-3a34-4837-a3d8-8162e642ba3a,1a3dde4b-6f67-49db-ac6e-7578d0af0d95,9693a1d1-4b88-4d73-8138-b46b21e7a72c,5a3d193f-cb2b-40df-b401-d786b9e25ef8,CSO-2023-05-22,1,33000,0,0,MXN,excel_cso,Extraccion diaria de compras de gas natural para CCC Saltillo desde Consolidado CSO.xlsx.,Consolidado CSO.xlsx
22/06/2023,6bc2fbe4-3a34-4837-a3d8-8162e642ba3a,1a3dde4b-6f67-49db-ac6e-7578d0af0d95,9693a1d1-4b88-4d73-8138-b46b21e7a72c,5a3d193f-cb2b-40df-b401-d786b9e25ef8,CSO-2023-06-22,1,34000,0,0,MXN,excel_cso,Extraccion diaria de compras de gas natural para CCC Saltillo desde Consolidado CSO.xlsx.,Consolidado CSO.xlsx
22/07/2023,6bc2fbe4-3a34-4837-a3d8-8162e642ba3a,1a3dde4b-6f67-49db-ac6e-7578d0af0d95,9693a1d1-4b88-4d73-8138-b46b21e7a72c,5a3d193f-cb2b-40df-b401-d786b9e25ef8,CSO-2023-07-22,1,27000,0,0,MXN,excel_cso,Extraccion diaria de compras de gas natural para CCC Saltillo desde Consolidado CSO.xlsx.,Consolidado CSO.xlsx
22/08/2023,6bc2fbe4-3a34-4837-a3d8-8162e642ba3a,1a3dde4b-6f67-49db-ac6e-7578d0af0d95,9693a1d1-4b88-4d73-8138-b46b21e7a72c,5a3d193f-cb2b-40df-b401-d786b9e25ef8,CSO-2023-08-22,1,38000,0,0,MXN,excel_cso,Extraccion diaria de compras de gas natural para CCC Saltillo desde Consolidado CSO.xlsx.,Consolidado CSO.xlsx
22/09/2023,6bc2fbe4-3a34-4837-a3d8-8162e642ba3a,1a3dde4b-6f67-49db-ac6e-7578d0af0d95,9693a1d1-4b88-4d73-8138-b46b21e7a72c,5a3d193f-cb2b-40df-b401-d786b9e25ef8,CSO-2023-09-22,1,39000,0,0,MXN,excel_cso,Extraccion diaria de compras de gas natural para CCC Saltillo desde Consolidado CSO.xlsx.,Consolidado CSO.xlsx
22/10/2023,6bc2fbe4-3a34-4837-a3d8-8162e642ba3a,1a3dde4b-6f67-49db-ac6e-7578d0af0d95,9693a1d1-4b88-4d73-8138-b46b21e7a72c,5a3d193f-cb2b-40df-b401-d786b9e25ef8,CSO-2023-10-22,1,28000,0,0,MXN,excel_cso,Extraccion diaria de compras de gas natural para CCC Saltillo desde Consolidado CSO.xlsx.,Consolidado CSO.xlsx
22/11/2023,6bc2fbe4-3a34-4837-a3d8-8162e642ba3a,1a3dde4b-6f67-49db-ac6e-7578d0af0d95,9693a1d1-4b88-4d73-8138-b46b21e7a72c,5a3d193f-cb2b-40df-b401-d786b9e25ef8,CSO-2023-11-22,1,38000,0,0,MXN,excel_cso,Extraccion diaria de compras de gas natural para CCC Saltillo desde Consolidado CSO.xlsx.,Consolidado CSO.xlsx
22/12/2023,6bc2fbe4-3a34-4837-a3d8-8162e642ba3a,1a3dde4b-6f67-49db-ac6e-7578d0af0d95,9693a1d1-4b88-4d73-8138-b46b21e7a72c,5a3d193f-cb2b-40df-b401-d786b9e25ef8,CSO-2023-12-22,1,34000,0,0,MXN,excel_cso,Extraccion diaria de compras de gas natural para CCC Saltillo desde Consolidado CSO.xlsx.,Consolidado CSO.xlsx
23/01/2023,6bc2fbe4-3a34-4837-a3d8-8162e642ba3a,1a3dde4b-6f67-49db-ac6e-7578d0af0d95,9693a1d1-4b88-4d73-8138-b46b21e7a72c,5a3d193f-cb2b-40df-b401-d786b9e25ef8,CSO-2023-01-23,1,42000,0,0,MXN,excel_cso,Extraccion diaria de compras de gas natural para CCC Saltillo desde Consolidado CSO.xlsx.,Consolidado CSO.xlsx
23/02/2023,6bc2fbe4-3a34-4837-a3d8-8162e642ba3a,1a3dde4b-6f67-49db-ac6e-7578d0af0d95,9693a1d1-4b88-4d73-8138-b46b21e7a72c,5a3d193f-cb2b-40df-b401-d786b9e25ef8,CSO-2023-02-23,1,36950,0,0,MXN,excel_cso,Extraccion diaria de compras de gas natural para CCC Saltillo desde Consolidado CSO.xlsx.,Consolidado CSO.xlsx
23/03/2023,6bc2fbe4-3a34-4837-a3d8-8162e642ba3a,1a3dde4b-6f67-49db-ac6e-7578d0af0d95,9693a1d1-4b88-4d73-8138-b46b21e7a72c,5a3d193f-cb2b-40df-b401-d786b9e25ef8,CSO-2023-03-23,1,30000,0,0,MXN,excel_cso,Extraccion diaria de compras de gas natural para CCC Saltillo desde Consolidado CSO.xlsx.,Consolidado CSO.xlsx
23/04/2023,6bc2fbe4-3a34-4837-a3d8-8162e642ba3a,1a3dde4b-6f67-49db-ac6e-7578d0af0d95,9693a1d1-4b88-4d73-8138-b46b21e7a72c,5a3d193f-cb2b-40df-b401-d786b9e25ef8,CSO-2023-04-23,1,33000,0,0,MXN,excel_cso,Extraccion diaria de compras de gas natural para CCC Saltillo desde Consolidado CSO.xlsx.,Consolidado CSO.xlsx
23/05/2023,6bc2fbe4-3a34-4837-a3d8-8162e642ba3a,1a3dde4b-6f67-49db-ac6e-7578d0af0d95,9693a1d1-4b88-4d73-8138-b46b21e7a72c,5a3d193f-cb2b-40df-b401-d786b9e25ef8,CSO-2023-05-23,1,41278,0,0,MXN,excel_cso,Extraccion diaria de compras de gas natural para CCC Saltillo desde Consolidado CSO.xlsx.,Consolidado CSO.xlsx
23/06/2023,6bc2fbe4-3a34-4837-a3d8-8162e642ba3a,1a3dde4b-6f67-49db-ac6e-7578d0af0d95,9693a1d1-4b88-4d73-8138-b46b21e7a72c,5a3d193f-cb2b-40df-b401-d786b9e25ef8,CSO-2023-06-23,1,42758,0,0,MXN,excel_cso,Extraccion diaria de compras de gas natural para CCC Saltillo desde Consolidado CSO.xlsx.,Consolidado CSO.xlsx
23/07/2023,6bc2fbe4-3a34-4837-a3d8-8162e642ba3a,1a3dde4b-6f67-49db-ac6e-7578d0af0d95,9693a1d1-4b88-4d73-8138-b46b21e7a72c,5a3d193f-cb2b-40df-b401-d786b9e25ef8,CSO-2023-07-23,1,35000,0,0,MXN,excel_cso,Extraccion diaria de compras de gas natural para CCC Saltillo desde Consolidado CSO.xlsx.,Consolidado CSO.xlsx
23/08/2023,6bc2fbe4-3a34-4837-a3d8-8162e642ba3a,1a3dde4b-6f67-49db-ac6e-7578d0af0d95,9693a1d1-4b88-4d73-8138-b46b21e7a72c,5a3d193f-cb2b-40df-b401-d786b9e25ef8,CSO-2023-08-23,1,35000,0,0,MXN,excel_cso,Extraccion diaria de compras de gas natural para CCC Saltillo desde Consolidado CSO.xlsx.,Consolidado CSO.xlsx
23/09/2023,6bc2fbe4-3a34-4837-a3d8-8162e642ba3a,1a3dde4b-6f67-49db-ac6e-7578d0af0d95,9693a1d1-4b88-4d73-8138-b46b21e7a72c,5a3d193f-cb2b-40df-b401-d786b9e25ef8,CSO-2023-09-23,1,36000,0,0,MXN,excel_cso,Extraccion diaria de compras de gas natural para CCC Saltillo desde Consolidado CSO.xlsx.,Consolidado CSO.xlsx
23/10/2023,6bc2fbe4-3a34-4837-a3d8-8162e642ba3a,1a3dde4b-6f67-49db-ac6e-7578d0af0d95,9693a1d1-4b88-4d73-8138-b46b21e7a72c,5a3d193f-cb2b-40df-b401-d786b9e25ef8,CSO-2023-10-23,1,36000,0,0,MXN,excel_cso,Extraccion diaria de compras de gas natural para CCC Saltillo desde Consolidado CSO.xlsx.,Consolidado CSO.xlsx
23/11/2023,6bc2fbe4-3a34-4837-a3d8-8162e642ba3a,1a3dde4b-6f67-49db-ac6e-7578d0af0d95,9693a1d1-4b88-4d73-8138-b46b21e7a72c,5a3d193f-cb2b-40df-b401-d786b9e25ef8,CSO-2023-11-23,1,38000,0,0,MXN,excel_cso,Extraccion diaria de compras de gas natural para CCC Saltillo desde Consolidado CSO.xlsx.,Consolidado CSO.xlsx
23/12/2023,6bc2fbe4-3a34-4837-a3d8-8162e642ba3a,1a3dde4b-6f67-49db-ac6e-7578d0af0d95,9693a1d1-4b88-4d73-8138-b46b21e7a72c,5a3d193f-cb2b-40df-b401-d786b9e25ef8,CSO-2023-12-23,1,32000,0,0,MXN,excel_cso,Extraccion diaria de compras de gas natural para CCC Saltillo desde Consolidado CSO.xlsx.,Consolidado CSO.xlsx
24/01/2023,6bc2fbe4-3a34-4837-a3d8-8162e642ba3a,1a3dde4b-6f67-49db-ac6e-7578d0af0d95,9693a1d1-4b88-4d73-8138-b46b21e7a72c,5a3d193f-cb2b-40df-b401-d786b9e25ef8,CSO-2023-01-24,1,32000,0,0,MXN,excel_cso,Extraccion diaria de compras de gas natural para CCC Saltillo desde Consolidado CSO.xlsx.,Consolidado CSO.xlsx
24/02/2023,6bc2fbe4-3a34-4837-a3d8-8162e642ba3a,1a3dde4b-6f67-49db-ac6e-7578d0af0d95,9693a1d1-4b88-4d73-8138-b46b21e7a72c,5a3d193f-cb2b-40df-b401-d786b9e25ef8,CSO-2023-02-24,1,30000,0,0,MXN,excel_cso,Extraccion diaria de compras de gas natural para CCC Saltillo desde Consolidado CSO.xlsx.,Consolidado CSO.xlsx
24/03/2023,6bc2fbe4-3a34-4837-a3d8-8162e642ba3a,1a3dde4b-6f67-49db-ac6e-7578d0af0d95,9693a1d1-4b88-4d73-8138-b46b21e7a72c,5a3d193f-cb2b-40df-b401-d786b9e25ef8,CSO-2023-03-24,1,30000,0,0,MXN,excel_cso,Extraccion diaria de compras de gas natural para CCC Saltillo desde Consolidado CSO.xlsx.,Consolidado CSO.xlsx
24/04/2023,6bc2fbe4-3a34-4837-a3d8-8162e642ba3a,1a3dde4b-6f67-49db-ac6e-7578d0af0d95,9693a1d1-4b88-4d73-8138-b46b21e7a72c,5a3d193f-cb2b-40df-b401-d786b9e25ef8,CSO-2023-04-24,1,33000,0,0,MXN,excel_cso,Extraccion diaria de compras de gas natural para CCC Saltillo desde Consolidado CSO.xlsx.,Consolidado CSO.xlsx
24/05/2023,6bc2fbe4-3a34-4837-a3d8-8162e642ba3a,1a3dde4b-6f67-49db-ac6e-7578d0af0d95,9693a1d1-4b88-4d73-8138-b46b21e7a72c,5a3d193f-cb2b-40df-b401-d786b9e25ef8,CSO-2023-05-24,1,34000,0,0,MXN,excel_cso,Extraccion diaria de compras de gas natural para CCC Saltillo desde Consolidado CSO.xlsx.,Consolidado CSO.xlsx
24/06/2023,6bc2fbe4-3a34-4837-a3d8-8162e642ba3a,1a3dde4b-6f67-49db-ac6e-7578d0af0d95,9693a1d1-4b88-4d73-8138-b46b21e7a72c,5a3d193f-cb2b-40df-b401-d786b9e25ef8,CSO-2023-06-24,1,38000,0,0,MXN,excel_cso,Extraccion diaria de compras de gas natural para CCC Saltillo desde Consolidado CSO.xlsx.,Consolidado CSO.xlsx
24/07/2023,6bc2fbe4-3a34-4837-a3d8-8162e642ba3a,1a3dde4b-6f67-49db-ac6e-7578d0af0d95,9693a1d1-4b88-4d73-8138-b46b21e7a72c,5a3d193f-cb2b-40df-b401-d786b9e25ef8,CSO-2023-07-24,1,35000,0,0,MXN,excel_cso,Extraccion diaria de compras de gas natural para CCC Saltillo desde Consolidado CSO.xlsx.,Consolidado CSO.xlsx
24/08/2023,6bc2fbe4-3a34-4837-a3d8-8162e642ba3a,1a3dde4b-6f67-49db-ac6e-7578d0af0d95,9693a1d1-4b88-4d73-8138-b46b21e7a72c,5a3d193f-cb2b-40df-b401-d786b9e25ef8,CSO-2023-08-24,1,41000,0,0,MXN,excel_cso,Extraccion diaria de compras de gas natural para CCC Saltillo desde Consolidado CSO.xlsx.,Consolidado CSO.xlsx
24/09/2023,6bc2fbe4-3a34-4837-a3d8-8162e642ba3a,1a3dde4b-6f67-49db-ac6e-7578d0af0d95,9693a1d1-4b88-4d73-8138-b46b21e7a72c,5a3d193f-cb2b-40df-b401-d786b9e25ef8,CSO-2023-09-24,1,36000,0,0,MXN,excel_cso,Extraccion diaria de compras de gas natural para CCC Saltillo desde Consolidado CSO.xlsx.,Consolidado CSO.xlsx
24/10/2023,6bc2fbe4-3a34-4837-a3d8-8162e642ba3a,1a3dde4b-6f67-49db-ac6e-7578d0af0d95,9693a1d1-4b88-4d73-8138-b46b21e7a72c,5a3d193f-cb2b-40df-b401-d786b9e25ef8,CSO-2023-10-24,1,37000,0,0,MXN,excel_cso,Extraccion diaria de compras de gas natural para CCC Saltillo desde Consolidado CSO.xlsx.,Consolidado CSO.xlsx
24/11/2023,6bc2fbe4-3a34-4837-a3d8-8162e642ba3a,1a3dde4b-6f67-49db-ac6e-7578d0af0d95,9693a1d1-4b88-4d73-8138-b46b21e7a72c,5a3d193f-cb2b-40df-b401-d786b9e25ef8,CSO-2023-11-24,1,8774,0,0,MXN,excel_cso,Extraccion diaria de compras de gas natural para CCC Saltillo desde Consolidado CSO.xlsx.,Consolidado CSO.xlsx
24/12/2023,6bc2fbe4-3a34-4837-a3d8-8162e642ba3a,1a3dde4b-6f67-49db-ac6e-7578d0af0d95,9693a1d1-4b88-4d73-8138-b46b21e7a72c,5a3d193f-cb2b-40df-b401-d786b9e25ef8,CSO-2023-12-24,1,22000,0,0,MXN,excel_cso,Extraccion diaria de compras de gas natural para CCC Saltillo desde Consolidado CSO.xlsx.,Consolidado CSO.xlsx
25/01/2023,6bc2fbe4-3a34-4837-a3d8-8162e642ba3a,1a3dde4b-6f67-49db-ac6e-7578d0af0d95,9693a1d1-4b88-4d73-8138-b46b21e7a72c,5a3d193f-cb2b-40df-b401-d786b9e25ef8,CSO-2023-01-25,1,36000,0,0,MXN,excel_cso,Extraccion diaria de compras de gas natural para CCC Saltillo desde Consolidado CSO.xlsx.,Consolidado CSO.xlsx
25/02/2023,6bc2fbe4-3a34-4837-a3d8-8162e642ba3a,1a3dde4b-6f67-49db-ac6e-7578d0af0d95,9693a1d1-4b88-4d73-8138-b46b21e7a72c,5a3d193f-cb2b-40df-b401-d786b9e25ef8,CSO-2023-02-25,1,28000,0,0,MXN,excel_cso,Extraccion diaria de compras de gas natural para CCC Saltillo desde Consolidado CSO.xlsx.,Consolidado CSO.xlsx
25/03/2023,6bc2fbe4-3a34-4837-a3d8-8162e642ba3a,1a3dde4b-6f67-49db-ac6e-7578d0af0d95,9693a1d1-4b88-4d73-8138-b46b21e7a72c,5a3d193f-cb2b-40df-b401-d786b9e25ef8,CSO-2023-03-25,1,40000,0,0,MXN,excel_cso,Extraccion diaria de compras de gas natural para CCC Saltillo desde Consolidado CSO.xlsx.,Consolidado CSO.xlsx
25/04/2023,6bc2fbe4-3a34-4837-a3d8-8162e642ba3a,1a3dde4b-6f67-49db-ac6e-7578d0af0d95,9693a1d1-4b88-4d73-8138-b46b21e7a72c,5a3d193f-cb2b-40df-b401-d786b9e25ef8,CSO-2023-04-25,1,48000,0,0,MXN,excel_cso,Extraccion diaria de compras de gas natural para CCC Saltillo desde Consolidado CSO.xlsx.,Consolidado CSO.xlsx
25/05/2023,6bc2fbe4-3a34-4837-a3d8-8162e642ba3a,1a3dde4b-6f67-49db-ac6e-7578d0af0d95,9693a1d1-4b88-4d73-8138-b46b21e7a72c,5a3d193f-cb2b-40df-b401-d786b9e25ef8,CSO-2023-05-25,1,34000,0,0,MXN,excel_cso,Extraccion diaria de compras de gas natural para CCC Saltillo desde Consolidado CSO.xlsx.,Consolidado CSO.xlsx
25/06/2023,6bc2fbe4-3a34-4837-a3d8-8162e642ba3a,1a3dde4b-6f67-49db-ac6e-7578d0af0d95,9693a1d1-4b88-4d73-8138-b46b21e7a72c,5a3d193f-cb2b-40df-b401-d786b9e25ef8,CSO-2023-06-25,1,34000,0,0,MXN,excel_cso,Extraccion diaria de compras de gas natural para CCC Saltillo desde Consolidado CSO.xlsx.,Consolidado CSO.xlsx
25/07/2023,6bc2fbe4-3a34-4837-a3d8-8162e642ba3a,1a3dde4b-6f67-49db-ac6e-7578d0af0d95,9693a1d1-4b88-4d73-8138-b46b21e7a72c,5a3d193f-cb2b-40df-b401-d786b9e25ef8,CSO-2023-07-25,1,36000,0,0,MXN,excel_cso,Extraccion diaria de compras de gas natural para CCC Saltillo desde Consolidado CSO.xlsx.,Consolidado CSO.xlsx
25/08/2023,6bc2fbe4-3a34-4837-a3d8-8162e642ba3a,1a3dde4b-6f67-49db-ac6e-7578d0af0d95,9693a1d1-4b88-4d73-8138-b46b21e7a72c,5a3d193f-cb2b-40df-b401-d786b9e25ef8,CSO-2023-08-25,1,36000,0,0,MXN,excel_cso,Extraccion diaria de compras de gas natural para CCC Saltillo desde Consolidado CSO.xlsx.,Consolidado CSO.xlsx
25/09/2023,6bc2fbe4-3a34-4837-a3d8-8162e642ba3a,1a3dde4b-6f67-49db-ac6e-7578d0af0d95,9693a1d1-4b88-4d73-8138-b46b21e7a72c,5a3d193f-cb2b-40df-b401-d786b9e25ef8,CSO-2023-09-25,1,36000,0,0,MXN,excel_cso,Extraccion diaria de compras de gas natural para CCC Saltillo desde Consolidado CSO.xlsx.,Consolidado CSO.xlsx
25/10/2023,6bc2fbe4-3a34-4837-a3d8-8162e642ba3a,1a3dde4b-6f67-49db-ac6e-7578d0af0d95,9693a1d1-4b88-4d73-8138-b46b21e7a72c,5a3d193f-cb2b-40df-b401-d786b9e25ef8,CSO-2023-10-25,1,38000,0,0,MXN,excel_cso,Extraccion diaria de compras de gas natural para CCC Saltillo desde Consolidado CSO.xlsx.,Consolidado CSO.xlsx
25/11/2023,6bc2fbe4-3a34-4837-a3d8-8162e642ba3a,1a3dde4b-6f67-49db-ac6e-7578d0af0d95,9693a1d1-4b88-4d73-8138-b46b21e7a72c,5a3d193f-cb2b-40df-b401-d786b9e25ef8,CSO-2023-11-25,1,0,0,0,MXN,excel_cso,Extraccion diaria de compras de gas natural para CCC Saltillo desde Consolidado CSO.xlsx.,Consolidado CSO.xlsx
25/12/2023,6bc2fbe4-3a34-4837-a3d8-8162e642ba3a,1a3dde4b-6f67-49db-ac6e-7578d0af0d95,9693a1d1-4b88-4d73-8138-b46b21e7a72c,5a3d193f-cb2b-40df-b401-d786b9e25ef8,CSO-2023-12-25,1,15000,0,0,MXN,excel_cso,Extraccion diaria de compras de gas natural para CCC Saltillo desde Consolidado CSO.xlsx.,Consolidado CSO.xlsx
26/01/2023,6bc2fbe4-3a34-4837-a3d8-8162e642ba3a,1a3dde4b-6f67-49db-ac6e-7578d0af0d95,9693a1d1-4b88-4d73-8138-b46b21e7a72c,5a3d193f-cb2b-40df-b401-d786b9e25ef8,CSO-2023-01-26,1,34090,0,0,MXN,excel_cso,Extraccion diaria de compras de gas natural para CCC Saltillo desde Consolidado CSO.xlsx.,Consolidado CSO.xlsx
26/02/2023,6bc2fbe4-3a34-4837-a3d8-8162e642ba3a,1a3dde4b-6f67-49db-ac6e-7578d0af0d95,9693a1d1-4b88-4d73-8138-b46b21e7a72c,5a3d193f-cb2b-40df-b401-d786b9e25ef8,CSO-2023-02-26,1,28000,0,0,MXN,excel_cso,Extraccion diaria de compras de gas natural para CCC Saltillo desde Consolidado CSO.xlsx.,Consolidado CSO.xlsx
26/03/2023,6bc2fbe4-3a34-4837-a3d8-8162e642ba3a,1a3dde4b-6f67-49db-ac6e-7578d0af0d95,9693a1d1-4b88-4d73-8138-b46b21e7a72c,5a3d193f-cb2b-40df-b401-d786b9e25ef8,CSO-2023-03-26,1,28000,0,0,MXN,excel_cso,Extraccion diaria de compras de gas natural para CCC Saltillo desde Consolidado CSO.xlsx.,Consolidado CSO.xlsx
26/04/2023,6bc2fbe4-3a34-4837-a3d8-8162e642ba3a,1a3dde4b-6f67-49db-ac6e-7578d0af0d95,9693a1d1-4b88-4d73-8138-b46b21e7a72c,5a3d193f-cb2b-40df-b401-d786b9e25ef8,CSO-2023-04-26,1,34000,0,0,MXN,excel_cso,Extraccion diaria de compras de gas natural para CCC Saltillo desde Consolidado CSO.xlsx.,Consolidado CSO.xlsx
26/05/2023,6bc2fbe4-3a34-4837-a3d8-8162e642ba3a,1a3dde4b-6f67-49db-ac6e-7578d0af0d95,9693a1d1-4b88-4d73-8138-b46b21e7a72c,5a3d193f-cb2b-40df-b401-d786b9e25ef8,CSO-2023-05-26,1,34000,0,0,MXN,excel_cso,Extraccion diaria de compras de gas natural para CCC Saltillo desde Consolidado CSO.xlsx.,Consolidado CSO.xlsx
26/06/2023,6bc2fbe4-3a34-4837-a3d8-8162e642ba3a,1a3dde4b-6f67-49db-ac6e-7578d0af0d95,9693a1d1-4b88-4d73-8138-b46b21e7a72c,5a3d193f-cb2b-40df-b401-d786b9e25ef8,CSO-2023-06-26,1,38000,0,0,MXN,excel_cso,Extraccion diaria de compras de gas natural para CCC Saltillo desde Consolidado CSO.xlsx.,Consolidado CSO.xlsx
26/07/2023,6bc2fbe4-3a34-4837-a3d8-8162e642ba3a,1a3dde4b-6f67-49db-ac6e-7578d0af0d95,9693a1d1-4b88-4d73-8138-b46b21e7a72c,5a3d193f-cb2b-40df-b401-d786b9e25ef8,CSO-2023-07-26,1,36000,0,0,MXN,excel_cso,Extraccion diaria de compras de gas natural para CCC Saltillo desde Consolidado CSO.xlsx.,Consolidado CSO.xlsx
26/08/2023,6bc2fbe4-3a34-4837-a3d8-8162e642ba3a,1a3dde4b-6f67-49db-ac6e-7578d0af0d95,9693a1d1-4b88-4d73-8138-b46b21e7a72c,5a3d193f-cb2b-40df-b401-d786b9e25ef8,CSO-2023-08-26,1,35000,0,0,MXN,excel_cso,Extraccion diaria de compras de gas natural para CCC Saltillo desde Consolidado CSO.xlsx.,Consolidado CSO.xlsx
26/09/2023,6bc2fbe4-3a34-4837-a3d8-8162e642ba3a,1a3dde4b-6f67-49db-ac6e-7578d0af0d95,9693a1d1-4b88-4d73-8138-b46b21e7a72c,5a3d193f-cb2b-40df-b401-d786b9e25ef8,CSO-2023-09-26,1,39000,0,0,MXN,excel_cso,Extraccion diaria de compras de gas natural para CCC Saltillo desde Consolidado CSO.xlsx.,Consolidado CSO.xlsx
26/10/2023,6bc2fbe4-3a34-4837-a3d8-8162e642ba3a,1a3dde4b-6f67-49db-ac6e-7578d0af0d95,9693a1d1-4b88-4d73-8138-b46b21e7a72c,5a3d193f-cb2b-40df-b401-d786b9e25ef8,CSO-2023-10-26,1,36000,0,0,MXN,excel_cso,Extraccion diaria de compras de gas natural para CCC Saltillo desde Consolidado CSO.xlsx.,Consolidado CSO.xlsx
26/11/2023,6bc2fbe4-3a34-4837-a3d8-8162e642ba3a,1a3dde4b-6f67-49db-ac6e-7578d0af0d95,9693a1d1-4b88-4d73-8138-b46b21e7a72c,5a3d193f-cb2b-40df-b401-d786b9e25ef8,CSO-2023-11-26,1,20000,0,0,MXN,excel_cso,Extraccion diaria de compras de gas natural para CCC Saltillo desde Consolidado CSO.xlsx.,Consolidado CSO.xlsx
26/12/2023,6bc2fbe4-3a34-4837-a3d8-8162e642ba3a,1a3dde4b-6f67-49db-ac6e-7578d0af0d95,9693a1d1-4b88-4d73-8138-b46b21e7a72c,5a3d193f-cb2b-40df-b401-d786b9e25ef8,CSO-2023-12-26,1,30000,0,0,MXN,excel_cso,Extraccion diaria de compras de gas natural para CCC Saltillo desde Consolidado CSO.xlsx.,Consolidado CSO.xlsx
27/01/2023,6bc2fbe4-3a34-4837-a3d8-8162e642ba3a,1a3dde4b-6f67-49db-ac6e-7578d0af0d95,9693a1d1-4b88-4d73-8138-b46b21e7a72c,5a3d193f-cb2b-40df-b401-d786b9e25ef8,CSO-2023-01-27,1,30000,0,0,MXN,excel_cso,Extraccion diaria de compras de gas natural para CCC Saltillo desde Consolidado CSO.xlsx.,Consolidado CSO.xlsx
27/02/2023,6bc2fbe4-3a34-4837-a3d8-8162e642ba3a,1a3dde4b-6f67-49db-ac6e-7578d0af0d95,9693a1d1-4b88-4d73-8138-b46b21e7a72c,5a3d193f-cb2b-40df-b401-d786b9e25ef8,CSO-2023-02-27,1,28000,0,0,MXN,excel_cso,Extraccion diaria de compras de gas natural para CCC Saltillo desde Consolidado CSO.xlsx.,Consolidado CSO.xlsx
27/03/2023,6bc2fbe4-3a34-4837-a3d8-8162e642ba3a,1a3dde4b-6f67-49db-ac6e-7578d0af0d95,9693a1d1-4b88-4d73-8138-b46b21e7a72c,5a3d193f-cb2b-40df-b401-d786b9e25ef8,CSO-2023-03-27,1,35000,0,0,MXN,excel_cso,Extraccion diaria de compras de gas natural para CCC Saltillo desde Consolidado CSO.xlsx.,Consolidado CSO.xlsx
27/04/2023,6bc2fbe4-3a34-4837-a3d8-8162e642ba3a,1a3dde4b-6f67-49db-ac6e-7578d0af0d95,9693a1d1-4b88-4d73-8138-b46b21e7a72c,5a3d193f-cb2b-40df-b401-d786b9e25ef8,CSO-2023-04-27,1,33000,0,0,MXN,excel_cso,Extraccion diaria de compras de gas natural para CCC Saltillo desde Consolidado CSO.xlsx.,Consolidado CSO.xlsx
27/05/2023,6bc2fbe4-3a34-4837-a3d8-8162e642ba3a,1a3dde4b-6f67-49db-ac6e-7578d0af0d95,9693a1d1-4b88-4d73-8138-b46b21e7a72c,5a3d193f-cb2b-40df-b401-d786b9e25ef8,CSO-2023-05-27,1,30000,0,0,MXN,excel_cso,Extraccion diaria de compras de gas natural para CCC Saltillo desde Consolidado CSO.xlsx.,Consolidado CSO.xlsx
27/06/2023,6bc2fbe4-3a34-4837-a3d8-8162e642ba3a,1a3dde4b-6f67-49db-ac6e-7578d0af0d95,9693a1d1-4b88-4d73-8138-b46b21e7a72c,5a3d193f-cb2b-40df-b401-d786b9e25ef8,CSO-2023-06-27,1,45975,0,0,MXN,excel_cso,Extraccion diaria de compras de gas natural para CCC Saltillo desde Consolidado CSO.xlsx.,Consolidado CSO.xlsx
27/07/2023,6bc2fbe4-3a34-4837-a3d8-8162e642ba3a,1a3dde4b-6f67-49db-ac6e-7578d0af0d95,9693a1d1-4b88-4d73-8138-b46b21e7a72c,5a3d193f-cb2b-40df-b401-d786b9e25ef8,CSO-2023-07-27,1,21000,0,0,MXN,excel_cso,Extraccion diaria de compras de gas natural para CCC Saltillo desde Consolidado CSO.xlsx.,Consolidado CSO.xlsx
27/08/2023,6bc2fbe4-3a34-4837-a3d8-8162e642ba3a,1a3dde4b-6f67-49db-ac6e-7578d0af0d95,9693a1d1-4b88-4d73-8138-b46b21e7a72c,5a3d193f-cb2b-40df-b401-d786b9e25ef8,CSO-2023-08-27,1,35000,0,0,MXN,excel_cso,Extraccion diaria de compras de gas natural para CCC Saltillo desde Consolidado CSO.xlsx.,Consolidado CSO.xlsx
27/09/2023,6bc2fbe4-3a34-4837-a3d8-8162e642ba3a,1a3dde4b-6f67-49db-ac6e-7578d0af0d95,9693a1d1-4b88-4d73-8138-b46b21e7a72c,5a3d193f-cb2b-40df-b401-d786b9e25ef8,CSO-2023-09-27,1,43000,0,0,MXN,excel_cso,Extraccion diaria de compras de gas natural para CCC Saltillo desde Consolidado CSO.xlsx.,Consolidado CSO.xlsx
27/10/2023,6bc2fbe4-3a34-4837-a3d8-8162e642ba3a,1a3dde4b-6f67-49db-ac6e-7578d0af0d95,9693a1d1-4b88-4d73-8138-b46b21e7a72c,5a3d193f-cb2b-40df-b401-d786b9e25ef8,CSO-2023-10-27,1,7000,0,0,MXN,excel_cso,Extraccion diaria de compras de gas natural para CCC Saltillo desde Consolidado CSO.xlsx.,Consolidado CSO.xlsx
27/11/2023,6bc2fbe4-3a34-4837-a3d8-8162e642ba3a,1a3dde4b-6f67-49db-ac6e-7578d0af0d95,9693a1d1-4b88-4d73-8138-b46b21e7a72c,5a3d193f-cb2b-40df-b401-d786b9e25ef8,CSO-2023-11-27,1,35000,0,0,MXN,excel_cso,Extraccion diaria de compras de gas natural para CCC Saltillo desde Consolidado CSO.xlsx.,Consolidado CSO.xlsx
27/12/2023,6bc2fbe4-3a34-4837-a3d8-8162e642ba3a,1a3dde4b-6f67-49db-ac6e-7578d0af0d95,9693a1d1-4b88-4d73-8138-b46b21e7a72c,5a3d193f-cb2b-40df-b401-d786b9e25ef8,CSO-2023-12-27,1,30000,0,0,MXN,excel_cso,Extraccion diaria de compras de gas natural para CCC Saltillo desde Consolidado CSO.xlsx.,Consolidado CSO.xlsx
28/01/2023,6bc2fbe4-3a34-4837-a3d8-8162e642ba3a,1a3dde4b-6f67-49db-ac6e-7578d0af0d95,9693a1d1-4b88-4d73-8138-b46b21e7a72c,5a3d193f-cb2b-40df-b401-d786b9e25ef8,CSO-2023-01-28,1,29000,0,0,MXN,excel_cso,Extraccion diaria de compras de gas natural para CCC Saltillo desde Consolidado CSO.xlsx.,Consolidado CSO.xlsx
28/02/2023,6bc2fbe4-3a34-4837-a3d8-8162e642ba3a,1a3dde4b-6f67-49db-ac6e-7578d0af0d95,9693a1d1-4b88-4d73-8138-b46b21e7a72c,5a3d193f-cb2b-40df-b401-d786b9e25ef8,CSO-2023-02-28,1,40000,0,0,MXN,excel_cso,Extraccion diaria de compras de gas natural para CCC Saltillo desde Consolidado CSO.xlsx.,Consolidado CSO.xlsx
28/03/2023,6bc2fbe4-3a34-4837-a3d8-8162e642ba3a,1a3dde4b-6f67-49db-ac6e-7578d0af0d95,9693a1d1-4b88-4d73-8138-b46b21e7a72c,5a3d193f-cb2b-40df-b401-d786b9e25ef8,CSO-2023-03-28,1,33000,0,0,MXN,excel_cso,Extraccion diaria de compras de gas natural para CCC Saltillo desde Consolidado CSO.xlsx.,Consolidado CSO.xlsx
28/04/2023,6bc2fbe4-3a34-4837-a3d8-8162e642ba3a,1a3dde4b-6f67-49db-ac6e-7578d0af0d95,9693a1d1-4b88-4d73-8138-b46b21e7a72c,5a3d193f-cb2b-40df-b401-d786b9e25ef8,CSO-2023-04-28,1,34000,0,0,MXN,excel_cso,Extraccion diaria de compras de gas natural para CCC Saltillo desde Consolidado CSO.xlsx.,Consolidado CSO.xlsx
28/05/2023,6bc2fbe4-3a34-4837-a3d8-8162e642ba3a,1a3dde4b-6f67-49db-ac6e-7578d0af0d95,9693a1d1-4b88-4d73-8138-b46b21e7a72c,5a3d193f-cb2b-40df-b401-d786b9e25ef8,CSO-2023-05-28,1,30000,0,0,MXN,excel_cso,Extraccion diaria de compras de gas natural para CCC Saltillo desde Consolidado CSO.xlsx.,Consolidado CSO.xlsx
28/06/2023,6bc2fbe4-3a34-4837-a3d8-8162e642ba3a,1a3dde4b-6f67-49db-ac6e-7578d0af0d95,9693a1d1-4b88-4d73-8138-b46b21e7a72c,5a3d193f-cb2b-40df-b401-d786b9e25ef8,CSO-2023-06-28,1,33000,0,0,MXN,excel_cso,Extraccion diaria de compras de gas natural para CCC Saltillo desde Consolidado CSO.xlsx.,Consolidado CSO.xlsx
28/07/2023,6bc2fbe4-3a34-4837-a3d8-8162e642ba3a,1a3dde4b-6f67-49db-ac6e-7578d0af0d95,9693a1d1-4b88-4d73-8138-b46b21e7a72c,5a3d193f-cb2b-40df-b401-d786b9e25ef8,CSO-2023-07-28,1,36000,0,0,MXN,excel_cso,Extraccion diaria de compras de gas natural para CCC Saltillo desde Consolidado CSO.xlsx.,Consolidado CSO.xlsx
28/08/2023,6bc2fbe4-3a34-4837-a3d8-8162e642ba3a,1a3dde4b-6f67-49db-ac6e-7578d0af0d95,9693a1d1-4b88-4d73-8138-b46b21e7a72c,5a3d193f-cb2b-40df-b401-d786b9e25ef8,CSO-2023-08-28,1,35000,0,0,MXN,excel_cso,Extraccion diaria de compras de gas natural para CCC Saltillo desde Consolidado CSO.xlsx.,Consolidado CSO.xlsx
28/09/2023,6bc2fbe4-3a34-4837-a3d8-8162e642ba3a,1a3dde4b-6f67-49db-ac6e-7578d0af0d95,9693a1d1-4b88-4d73-8138-b46b21e7a72c,5a3d193f-cb2b-40df-b401-d786b9e25ef8,CSO-2023-09-28,1,43000,0,0,MXN,excel_cso,Extraccion diaria de compras de gas natural para CCC Saltillo desde Consolidado CSO.xlsx.,Consolidado CSO.xlsx
28/10/2023,6bc2fbe4-3a34-4837-a3d8-8162e642ba3a,1a3dde4b-6f67-49db-ac6e-7578d0af0d95,9693a1d1-4b88-4d73-8138-b46b21e7a72c,5a3d193f-cb2b-40df-b401-d786b9e25ef8,CSO-2023-10-28,1,34000,0,0,MXN,excel_cso,Extraccion diaria de compras de gas natural para CCC Saltillo desde Consolidado CSO.xlsx.,Consolidado CSO.xlsx
28/11/2023,6bc2fbe4-3a34-4837-a3d8-8162e642ba3a,1a3dde4b-6f67-49db-ac6e-7578d0af0d95,9693a1d1-4b88-4d73-8138-b46b21e7a72c,5a3d193f-cb2b-40df-b401-d786b9e25ef8,CSO-2023-11-28,1,38000,0,0,MXN,excel_cso,Extraccion diaria de compras de gas natural para CCC Saltillo desde Consolidado CSO.xlsx.,Consolidado CSO.xlsx
28/12/2023,6bc2fbe4-3a34-4837-a3d8-8162e642ba3a,1a3dde4b-6f67-49db-ac6e-7578d0af0d95,9693a1d1-4b88-4d73-8138-b46b21e7a72c,5a3d193f-cb2b-40df-b401-d786b9e25ef8,CSO-2023-12-28,1,5000,0,0,MXN,excel_cso,Extraccion diaria de compras de gas natural para CCC Saltillo desde Consolidado CSO.xlsx.,Consolidado CSO.xlsx
29/01/2023,6bc2fbe4-3a34-4837-a3d8-8162e642ba3a,1a3dde4b-6f67-49db-ac6e-7578d0af0d95,9693a1d1-4b88-4d73-8138-b46b21e7a72c,5a3d193f-cb2b-40df-b401-d786b9e25ef8,CSO-2023-01-29,1,15000,0,0,MXN,excel_cso,Extraccion diaria de compras de gas natural para CCC Saltillo desde Consolidado CSO.xlsx.,Consolidado CSO.xlsx
29/03/2023,6bc2fbe4-3a34-4837-a3d8-8162e642ba3a,1a3dde4b-6f67-49db-ac6e-7578d0af0d95,9693a1d1-4b88-4d73-8138-b46b21e7a72c,5a3d193f-cb2b-40df-b401-d786b9e25ef8,CSO-2023-03-29,1,46000,0,0,MXN,excel_cso,Extraccion diaria de compras de gas natural para CCC Saltillo desde Consolidado CSO.xlsx.,Consolidado CSO.xlsx
29/04/2023,6bc2fbe4-3a34-4837-a3d8-8162e642ba3a,1a3dde4b-6f67-49db-ac6e-7578d0af0d95,9693a1d1-4b88-4d73-8138-b46b21e7a72c,5a3d193f-cb2b-40df-b401-d786b9e25ef8,CSO-2023-04-29,1,35000,0,0,MXN,excel_cso,Extraccion diaria de compras de gas natural para CCC Saltillo desde Consolidado CSO.xlsx.,Consolidado CSO.xlsx
29/05/2023,6bc2fbe4-3a34-4837-a3d8-8162e642ba3a,1a3dde4b-6f67-49db-ac6e-7578d0af0d95,9693a1d1-4b88-4d73-8138-b46b21e7a72c,5a3d193f-cb2b-40df-b401-d786b9e25ef8,CSO-2023-05-29,1,20000,0,0,MXN,excel_cso,Extraccion diaria de compras de gas natural para CCC Saltillo desde Consolidado CSO.xlsx.,Consolidado CSO.xlsx
29/06/2023,6bc2fbe4-3a34-4837-a3d8-8162e642ba3a,1a3dde4b-6f67-49db-ac6e-7578d0af0d95,9693a1d1-4b88-4d73-8138-b46b21e7a72c,5a3d193f-cb2b-40df-b401-d786b9e25ef8,CSO-2023-06-29,1,34000,0,0,MXN,excel_cso,Extraccion diaria de compras de gas natural para CCC Saltillo desde Consolidado CSO.xlsx.,Consolidado CSO.xlsx
29/07/2023,6bc2fbe4-3a34-4837-a3d8-8162e642ba3a,1a3dde4b-6f67-49db-ac6e-7578d0af0d95,9693a1d1-4b88-4d73-8138-b46b21e7a72c,5a3d193f-cb2b-40df-b401-d786b9e25ef8,CSO-2023-07-29,1,35000,0,0,MXN,excel_cso,Extraccion diaria de compras de gas natural para CCC Saltillo desde Consolidado CSO.xlsx.,Consolidado CSO.xlsx
29/08/2023,6bc2fbe4-3a34-4837-a3d8-8162e642ba3a,1a3dde4b-6f67-49db-ac6e-7578d0af0d95,9693a1d1-4b88-4d73-8138-b46b21e7a72c,5a3d193f-cb2b-40df-b401-d786b9e25ef8,CSO-2023-08-29,1,37000,0,0,MXN,excel_cso,Extraccion diaria de compras de gas natural para CCC Saltillo desde Consolidado CSO.xlsx.,Consolidado CSO.xlsx
29/09/2023,6bc2fbe4-3a34-4837-a3d8-8162e642ba3a,1a3dde4b-6f67-49db-ac6e-7578d0af0d95,9693a1d1-4b88-4d73-8138-b46b21e7a72c,5a3d193f-cb2b-40df-b401-d786b9e25ef8,CSO-2023-09-29,1,42000,0,0,MXN,excel_cso,Extraccion diaria de compras de gas natural para CCC Saltillo desde Consolidado CSO.xlsx.,Consolidado CSO.xlsx
29/10/2023,6bc2fbe4-3a34-4837-a3d8-8162e642ba3a,1a3dde4b-6f67-49db-ac6e-7578d0af0d95,9693a1d1-4b88-4d73-8138-b46b21e7a72c,5a3d193f-cb2b-40df-b401-d786b9e25ef8,CSO-2023-10-29,1,34000,0,0,MXN,excel_cso,Extraccion diaria de compras de gas natural para CCC Saltillo desde Consolidado CSO.xlsx.,Consolidado CSO.xlsx
29/11/2023,6bc2fbe4-3a34-4837-a3d8-8162e642ba3a,1a3dde4b-6f67-49db-ac6e-7578d0af0d95,9693a1d1-4b88-4d73-8138-b46b21e7a72c,5a3d193f-cb2b-40df-b401-d786b9e25ef8,CSO-2023-11-29,1,39000,0,0,MXN,excel_cso,Extraccion diaria de compras de gas natural para CCC Saltillo desde Consolidado CSO.xlsx.,Consolidado CSO.xlsx
29/12/2023,6bc2fbe4-3a34-4837-a3d8-8162e642ba3a,1a3dde4b-6f67-49db-ac6e-7578d0af0d95,9693a1d1-4b88-4d73-8138-b46b21e7a72c,5a3d193f-cb2b-40df-b401-d786b9e25ef8,CSO-2023-12-29,1,0,0,0,MXN,excel_cso,Extraccion diaria de compras de gas natural para CCC Saltillo desde Consolidado CSO.xlsx.,Consolidado CSO.xlsx
30/01/2023,6bc2fbe4-3a34-4837-a3d8-8162e642ba3a,1a3dde4b-6f67-49db-ac6e-7578d0af0d95,9693a1d1-4b88-4d73-8138-b46b21e7a72c,5a3d193f-cb2b-40df-b401-d786b9e25ef8,CSO-2023-01-30,1,29000,0,0,MXN,excel_cso,Extraccion diaria de compras de gas natural para CCC Saltillo desde Consolidado CSO.xlsx.,Consolidado CSO.xlsx
30/03/2023,6bc2fbe4-3a34-4837-a3d8-8162e642ba3a,1a3dde4b-6f67-49db-ac6e-7578d0af0d95,9693a1d1-4b88-4d73-8138-b46b21e7a72c,5a3d193f-cb2b-40df-b401-d786b9e25ef8,CSO-2023-03-30,1,41131,0,0,MXN,excel_cso,Extraccion diaria de compras de gas natural para CCC Saltillo desde Consolidado CSO.xlsx.,Consolidado CSO.xlsx
30/04/2023,6bc2fbe4-3a34-4837-a3d8-8162e642ba3a,1a3dde4b-6f67-49db-ac6e-7578d0af0d95,9693a1d1-4b88-4d73-8138-b46b21e7a72c,5a3d193f-cb2b-40df-b401-d786b9e25ef8,CSO-2023-04-30,1,10000,0,0,MXN,excel_cso,Extraccion diaria de compras de gas natural para CCC Saltillo desde Consolidado CSO.xlsx.,Consolidado CSO.xlsx
30/05/2023,6bc2fbe4-3a34-4837-a3d8-8162e642ba3a,1a3dde4b-6f67-49db-ac6e-7578d0af0d95,9693a1d1-4b88-4d73-8138-b46b21e7a72c,5a3d193f-cb2b-40df-b401-d786b9e25ef8,CSO-2023-05-30,1,46000,0,0,MXN,excel_cso,Extraccion diaria de compras de gas natural para CCC Saltillo desde Consolidado CSO.xlsx.,Consolidado CSO.xlsx
30/06/2023,6bc2fbe4-3a34-4837-a3d8-8162e642ba3a,1a3dde4b-6f67-49db-ac6e-7578d0af0d95,9693a1d1-4b88-4d73-8138-b46b21e7a72c,5a3d193f-cb2b-40df-b401-d786b9e25ef8,CSO-2023-06-30,1,31000,0,0,MXN,excel_cso,Extraccion diaria de compras de gas natural para CCC Saltillo desde Consolidado CSO.xlsx.,Consolidado CSO.xlsx
30/07/2023,6bc2fbe4-3a34-4837-a3d8-8162e642ba3a,1a3dde4b-6f67-49db-ac6e-7578d0af0d95,9693a1d1-4b88-4d73-8138-b46b21e7a72c,5a3d193f-cb2b-40df-b401-d786b9e25ef8,CSO-2023-07-30,1,32000,0,0,MXN,excel_cso,Extraccion diaria de compras de gas natural para CCC Saltillo desde Consolidado CSO.xlsx.,Consolidado CSO.xlsx
30/08/2023,6bc2fbe4-3a34-4837-a3d8-8162e642ba3a,1a3dde4b-6f67-49db-ac6e-7578d0af0d95,9693a1d1-4b88-4d73-8138-b46b21e7a72c,5a3d193f-cb2b-40df-b401-d786b9e25ef8,CSO-2023-08-30,1,37000,0,0,MXN,excel_cso,Extraccion diaria de compras de gas natural para CCC Saltillo desde Consolidado CSO.xlsx.,Consolidado CSO.xlsx
30/09/2023,6bc2fbe4-3a34-4837-a3d8-8162e642ba3a,1a3dde4b-6f67-49db-ac6e-7578d0af0d95,9693a1d1-4b88-4d73-8138-b46b21e7a72c,5a3d193f-cb2b-40df-b401-d786b9e25ef8,CSO-2023-09-30,1,38000,0,0,MXN,excel_cso,Extraccion diaria de compras de gas natural para CCC Saltillo desde Consolidado CSO.xlsx.,Consolidado CSO.xlsx
30/10/2023,6bc2fbe4-3a34-4837-a3d8-8162e642ba3a,1a3dde4b-6f67-49db-ac6e-7578d0af0d95,9693a1d1-4b88-4d73-8138-b46b21e7a72c,5a3d193f-cb2b-40df-b401-d786b9e25ef8,CSO-2023-10-30,1,34000,0,0,MXN,excel_cso,Extraccion diaria de compras de gas natural para CCC Saltillo desde Consolidado CSO.xlsx.,Consolidado CSO.xlsx
30/11/2023,6bc2fbe4-3a34-4837-a3d8-8162e642ba3a,1a3dde4b-6f67-49db-ac6e-7578d0af0d95,9693a1d1-4b88-4d73-8138-b46b21e7a72c,5a3d193f-cb2b-40df-b401-d786b9e25ef8,CSO-2023-11-30,1,38000,0,0,MXN,excel_cso,Extraccion diaria de compras de gas natural para CCC Saltillo desde Consolidado CSO.xlsx.,Consolidado CSO.xlsx
30/12/2023,6bc2fbe4-3a34-4837-a3d8-8162e642ba3a,1a3dde4b-6f67-49db-ac6e-7578d0af0d95,9693a1d1-4b88-4d73-8138-b46b21e7a72c,5a3d193f-cb2b-40df-b401-d786b9e25ef8,CSO-2023-12-30,1,0,0,0,MXN,excel_cso,Extraccion diaria de compras de gas natural para CCC Saltillo desde Consolidado CSO.xlsx.,Consolidado CSO.xlsx
31/01/2023,6bc2fbe4-3a34-4837-a3d8-8162e642ba3a,1a3dde4b-6f67-49db-ac6e-7578d0af0d95,9693a1d1-4b88-4d73-8138-b46b21e7a72c,5a3d193f-cb2b-40df-b401-d786b9e25ef8,CSO-2023-01-31,1,31000,0,0,MXN,excel_cso,Extraccion diaria de compras de gas natural para CCC Saltillo desde Consolidado CSO.xlsx.,Consolidado CSO.xlsx
31/03/2023,6bc2fbe4-3a34-4837-a3d8-8162e642ba3a,1a3dde4b-6f67-49db-ac6e-7578d0af0d95,9693a1d1-4b88-4d73-8138-b46b21e7a72c,5a3d193f-cb2b-40df-b401-d786b9e25ef8,CSO-2023-03-31,1,34000,0,0,MXN,excel_cso,Extraccion diaria de compras de gas natural para CCC Saltillo desde Consolidado CSO.xlsx.,Consolidado CSO.xlsx
31/05/2023,6bc2fbe4-3a34-4837-a3d8-8162e642ba3a,1a3dde4b-6f67-49db-ac6e-7578d0af0d95,9693a1d1-4b88-4d73-8138-b46b21e7a72c,5a3d193f-cb2b-40df-b401-d786b9e25ef8,CSO-2023-05-31,1,48000,0,0,MXN,excel_cso,Extraccion diaria de compras de gas natural para CCC Saltillo desde Consolidado CSO.xlsx.,Consolidado CSO.xlsx
31/07/2023,6bc2fbe4-3a34-4837-a3d8-8162e642ba3a,1a3dde4b-6f67-49db-ac6e-7578d0af0d95,9693a1d1-4b88-4d73-8138-b46b21e7a72c,5a3d193f-cb2b-40df-b401-d786b9e25ef8,CSO-2023-07-31,1,42000,0,0,MXN,excel_cso,Extraccion diaria de compras de gas natural para CCC Saltillo desde Consolidado CSO.xlsx.,Consolidado CSO.xlsx
31/08/2023,6bc2fbe4-3a34-4837-a3d8-8162e642ba3a,1a3dde4b-6f67-49db-ac6e-7578d0af0d95,9693a1d1-4b88-4d73-8138-b46b21e7a72c,5a3d193f-cb2b-40df-b401-d786b9e25ef8,CSO-2023-08-31,1,37000,0,0,MXN,excel_cso,Extraccion diaria de compras de gas natural para CCC Saltillo desde Consolidado CSO.xlsx.,Consolidado CSO.xlsx
31/10/2023,6bc2fbe4-3a34-4837-a3d8-8162e642ba3a,1a3dde4b-6f67-49db-ac6e-7578d0af0d95,9693a1d1-4b88-4d73-8138-b46b21e7a72c,5a3d193f-cb2b-40df-b401-d786b9e25ef8,CSO-2023-10-31,1,28000,0,0,MXN,excel_cso,Extraccion diaria de compras de gas natural para CCC Saltillo desde Consolidado CSO.xlsx.,Consolidado CSO.xlsx
31/12/2023,6bc2fbe4-3a34-4837-a3d8-8162e642ba3a,1a3dde4b-6f67-49db-ac6e-7578d0af0d95,9693a1d1-4b88-4d73-8138-b46b21e7a72c,5a3d193f-cb2b-40df-b401-d786b9e25ef8,CSO-2023-12-31,1,36000,0,0,MXN,excel_cso,Extraccion diaria de compras de gas natural para CCC Saltillo desde Consolidado CSO.xlsx.,Consolidado CSO.xlsx
01/01/2024,6bc2fbe4-3a34-4837-a3d8-8162e642ba3a,1a3dde4b-6f67-49db-ac6e-7578d0af0d95,9693a1d1-4b88-4d73-8138-b46b21e7a72c,5a3d193f-cb2b-40df-b401-d786b9e25ef8,CSO-2024-01-01,1,30000,0,0,MXN,excel_cso,Extraccion diaria de compras de gas natural para CCC Saltillo desde Consolidado CSO.xlsx.,Consolidado CSO.xlsx
01/02/2024,6bc2fbe4-3a34-4837-a3d8-8162e642ba3a,1a3dde4b-6f67-49db-ac6e-7578d0af0d95,9693a1d1-4b88-4d73-8138-b46b21e7a72c,5a3d193f-cb2b-40df-b401-d786b9e25ef8,CSO-2024-02-01,1,26000,0,0,MXN,excel_cso,Extraccion diaria de compras de gas natural para CCC Saltillo desde Consolidado CSO.xlsx.,Consolidado CSO.xlsx
01/03/2024,6bc2fbe4-3a34-4837-a3d8-8162e642ba3a,1a3dde4b-6f67-49db-ac6e-7578d0af0d95,9693a1d1-4b88-4d73-8138-b46b21e7a72c,5a3d193f-cb2b-40df-b401-d786b9e25ef8,CSO-2024-03-01,1,30118,0,0,MXN,excel_cso,Extraccion diaria de compras de gas natural para CCC Saltillo desde Consolidado CSO.xlsx.,Consolidado CSO.xlsx
01/04/2024,6bc2fbe4-3a34-4837-a3d8-8162e642ba3a,1a3dde4b-6f67-49db-ac6e-7578d0af0d95,9693a1d1-4b88-4d73-8138-b46b21e7a72c,5a3d193f-cb2b-40df-b401-d786b9e25ef8,CSO-2024-04-01,1,35000,0,0,MXN,excel_cso,Extraccion diaria de compras de gas natural para CCC Saltillo desde Consolidado CSO.xlsx.,Consolidado CSO.xlsx
01/05/2024,6bc2fbe4-3a34-4837-a3d8-8162e642ba3a,1a3dde4b-6f67-49db-ac6e-7578d0af0d95,9693a1d1-4b88-4d73-8138-b46b21e7a72c,5a3d193f-cb2b-40df-b401-d786b9e25ef8,CSO-2024-05-01,1,6000,0,0,MXN,excel_cso,Extraccion diaria de compras de gas natural para CCC Saltillo desde Consolidado CSO.xlsx.,Consolidado CSO.xlsx
01/06/2024,6bc2fbe4-3a34-4837-a3d8-8162e642ba3a,1a3dde4b-6f67-49db-ac6e-7578d0af0d95,9693a1d1-4b88-4d73-8138-b46b21e7a72c,5a3d193f-cb2b-40df-b401-d786b9e25ef8,CSO-2024-06-01,1,41500,0,0,MXN,excel_cso,Extraccion diaria de compras de gas natural para CCC Saltillo desde Consolidado CSO.xlsx.,Consolidado CSO.xlsx
01/07/2024,6bc2fbe4-3a34-4837-a3d8-8162e642ba3a,1a3dde4b-6f67-49db-ac6e-7578d0af0d95,9693a1d1-4b88-4d73-8138-b46b21e7a72c,5a3d193f-cb2b-40df-b401-d786b9e25ef8,CSO-2024-07-01,1,0,0,0,MXN,excel_cso,Extraccion diaria de compras de gas natural para CCC Saltillo desde Consolidado CSO.xlsx.,Consolidado CSO.xlsx
01/08/2024,6bc2fbe4-3a34-4837-a3d8-8162e642ba3a,1a3dde4b-6f67-49db-ac6e-7578d0af0d95,9693a1d1-4b88-4d73-8138-b46b21e7a72c,5a3d193f-cb2b-40df-b401-d786b9e25ef8,CSO-2024-08-01,1,16000,0,0,MXN,excel_cso,Extraccion diaria de compras de gas natural para CCC Saltillo desde Consolidado CSO.xlsx.,Consolidado CSO.xlsx
01/09/2024,6bc2fbe4-3a34-4837-a3d8-8162e642ba3a,1a3dde4b-6f67-49db-ac6e-7578d0af0d95,9693a1d1-4b88-4d73-8138-b46b21e7a72c,5a3d193f-cb2b-40df-b401-d786b9e25ef8,CSO-2024-09-01,1,28000,0,0,MXN,excel_cso,Extraccion diaria de compras de gas natural para CCC Saltillo desde Consolidado CSO.xlsx.,Consolidado CSO.xlsx
01/10/2024,6bc2fbe4-3a34-4837-a3d8-8162e642ba3a,1a3dde4b-6f67-49db-ac6e-7578d0af0d95,9693a1d1-4b88-4d73-8138-b46b21e7a72c,5a3d193f-cb2b-40df-b401-d786b9e25ef8,CSO-2024-10-01,1,30000,0,0,MXN,excel_cso,Extraccion diaria de compras de gas natural para CCC Saltillo desde Consolidado CSO.xlsx.,Consolidado CSO.xlsx
01/11/2024,6bc2fbe4-3a34-4837-a3d8-8162e642ba3a,1a3dde4b-6f67-49db-ac6e-7578d0af0d95,9693a1d1-4b88-4d73-8138-b46b21e7a72c,5a3d193f-cb2b-40df-b401-d786b9e25ef8,CSO-2024-11-01,1,32000,0,0,MXN,excel_cso,Extraccion diaria de compras de gas natural para CCC Saltillo desde Consolidado CSO.xlsx.,Consolidado CSO.xlsx
01/12/2024,6bc2fbe4-3a34-4837-a3d8-8162e642ba3a,1a3dde4b-6f67-49db-ac6e-7578d0af0d95,9693a1d1-4b88-4d73-8138-b46b21e7a72c,5a3d193f-cb2b-40df-b401-d786b9e25ef8,CSO-2024-12-01,1,27000,0,0,MXN,excel_cso,Extraccion diaria de compras de gas natural para CCC Saltillo desde Consolidado CSO.xlsx.,Consolidado CSO.xlsx
02/01/2024,6bc2fbe4-3a34-4837-a3d8-8162e642ba3a,1a3dde4b-6f67-49db-ac6e-7578d0af0d95,9693a1d1-4b88-4d73-8138-b46b21e7a72c,5a3d193f-cb2b-40df-b401-d786b9e25ef8,CSO-2024-01-02,1,10000,0,0,MXN,excel_cso,Extraccion diaria de compras de gas natural para CCC Saltillo desde Consolidado CSO.xlsx.,Consolidado CSO.xlsx
02/02/2024,6bc2fbe4-3a34-4837-a3d8-8162e642ba3a,1a3dde4b-6f67-49db-ac6e-7578d0af0d95,9693a1d1-4b88-4d73-8138-b46b21e7a72c,5a3d193f-cb2b-40df-b401-d786b9e25ef8,CSO-2024-02-02,1,25000,0,0,MXN,excel_cso,Extraccion diaria de compras de gas natural para CCC Saltillo desde Consolidado CSO.xlsx.,Consolidado CSO.xlsx
02/03/2024,6bc2fbe4-3a34-4837-a3d8-8162e642ba3a,1a3dde4b-6f67-49db-ac6e-7578d0af0d95,9693a1d1-4b88-4d73-8138-b46b21e7a72c,5a3d193f-cb2b-40df-b401-d786b9e25ef8,CSO-2024-03-02,1,35000,0,0,MXN,excel_cso,Extraccion diaria de compras de gas natural para CCC Saltillo desde Consolidado CSO.xlsx.,Consolidado CSO.xlsx
02/04/2024,6bc2fbe4-3a34-4837-a3d8-8162e642ba3a,1a3dde4b-6f67-49db-ac6e-7578d0af0d95,9693a1d1-4b88-4d73-8138-b46b21e7a72c,5a3d193f-cb2b-40df-b401-d786b9e25ef8,CSO-2024-04-02,1,37000,0,0,MXN,excel_cso,Extraccion diaria de compras de gas natural para CCC Saltillo desde Consolidado CSO.xlsx.,Consolidado CSO.xlsx
02/05/2024,6bc2fbe4-3a34-4837-a3d8-8162e642ba3a,1a3dde4b-6f67-49db-ac6e-7578d0af0d95,9693a1d1-4b88-4d73-8138-b46b21e7a72c,5a3d193f-cb2b-40df-b401-d786b9e25ef8,CSO-2024-05-02,1,37000,0,0,MXN,excel_cso,Extraccion diaria de compras de gas natural para CCC Saltillo desde Consolidado CSO.xlsx.,Consolidado CSO.xlsx
02/06/2024,6bc2fbe4-3a34-4837-a3d8-8162e642ba3a,1a3dde4b-6f67-49db-ac6e-7578d0af0d95,9693a1d1-4b88-4d73-8138-b46b21e7a72c,5a3d193f-cb2b-40df-b401-d786b9e25ef8,CSO-2024-06-02,1,41500,0,0,MXN,excel_cso,Extraccion diaria de compras de gas natural para CCC Saltillo desde Consolidado CSO.xlsx.,Consolidado CSO.xlsx
02/07/2024,6bc2fbe4-3a34-4837-a3d8-8162e642ba3a,1a3dde4b-6f67-49db-ac6e-7578d0af0d95,9693a1d1-4b88-4d73-8138-b46b21e7a72c,5a3d193f-cb2b-40df-b401-d786b9e25ef8,CSO-2024-07-02,1,0,0,0,MXN,excel_cso,Extraccion diaria de compras de gas natural para CCC Saltillo desde Consolidado CSO.xlsx.,Consolidado CSO.xlsx
02/08/2024,6bc2fbe4-3a34-4837-a3d8-8162e642ba3a,1a3dde4b-6f67-49db-ac6e-7578d0af0d95,9693a1d1-4b88-4d73-8138-b46b21e7a72c,5a3d193f-cb2b-40df-b401-d786b9e25ef8,CSO-2024-08-02,1,35000,0,0,MXN,excel_cso,Extraccion diaria de compras de gas natural para CCC Saltillo desde Consolidado CSO.xlsx.,Consolidado CSO.xlsx
02/09/2024,6bc2fbe4-3a34-4837-a3d8-8162e642ba3a,1a3dde4b-6f67-49db-ac6e-7578d0af0d95,9693a1d1-4b88-4d73-8138-b46b21e7a72c,5a3d193f-cb2b-40df-b401-d786b9e25ef8,CSO-2024-09-02,1,35000,0,0,MXN,excel_cso,Extraccion diaria de compras de gas natural para CCC Saltillo desde Consolidado CSO.xlsx.,Consolidado CSO.xlsx
02/10/2024,6bc2fbe4-3a34-4837-a3d8-8162e642ba3a,1a3dde4b-6f67-49db-ac6e-7578d0af0d95,9693a1d1-4b88-4d73-8138-b46b21e7a72c,5a3d193f-cb2b-40df-b401-d786b9e25ef8,CSO-2024-10-02,1,35000,0,0,MXN,excel_cso,Extraccion diaria de compras de gas natural para CCC Saltillo desde Consolidado CSO.xlsx.,Consolidado CSO.xlsx
02/11/2024,6bc2fbe4-3a34-4837-a3d8-8162e642ba3a,1a3dde4b-6f67-49db-ac6e-7578d0af0d95,9693a1d1-4b88-4d73-8138-b46b21e7a72c,5a3d193f-cb2b-40df-b401-d786b9e25ef8,CSO-2024-11-02,1,29402,0,0,MXN,excel_cso,Extraccion diaria de compras de gas natural para CCC Saltillo desde Consolidado CSO.xlsx.,Consolidado CSO.xlsx
02/12/2024,6bc2fbe4-3a34-4837-a3d8-8162e642ba3a,1a3dde4b-6f67-49db-ac6e-7578d0af0d95,9693a1d1-4b88-4d73-8138-b46b21e7a72c,5a3d193f-cb2b-40df-b401-d786b9e25ef8,CSO-2024-12-02,1,44000,0,0,MXN,excel_cso,Extraccion diaria de compras de gas natural para CCC Saltillo desde Consolidado CSO.xlsx.,Consolidado CSO.xlsx
03/01/2024,6bc2fbe4-3a34-4837-a3d8-8162e642ba3a,1a3dde4b-6f67-49db-ac6e-7578d0af0d95,9693a1d1-4b88-4d73-8138-b46b21e7a72c,5a3d193f-cb2b-40df-b401-d786b9e25ef8,CSO-2024-01-03,1,15000,0,0,MXN,excel_cso,Extraccion diaria de compras de gas natural para CCC Saltillo desde Consolidado CSO.xlsx.,Consolidado CSO.xlsx
03/02/2024,6bc2fbe4-3a34-4837-a3d8-8162e642ba3a,1a3dde4b-6f67-49db-ac6e-7578d0af0d95,9693a1d1-4b88-4d73-8138-b46b21e7a72c,5a3d193f-cb2b-40df-b401-d786b9e25ef8,CSO-2024-02-03,1,33000,0,0,MXN,excel_cso,Extraccion diaria de compras de gas natural para CCC Saltillo desde Consolidado CSO.xlsx.,Consolidado CSO.xlsx
03/03/2024,6bc2fbe4-3a34-4837-a3d8-8162e642ba3a,1a3dde4b-6f67-49db-ac6e-7578d0af0d95,9693a1d1-4b88-4d73-8138-b46b21e7a72c,5a3d193f-cb2b-40df-b401-d786b9e25ef8,CSO-2024-03-03,1,30000,0,0,MXN,excel_cso,Extraccion diaria de compras de gas natural para CCC Saltillo desde Consolidado CSO.xlsx.,Consolidado CSO.xlsx
03/04/2024,6bc2fbe4-3a34-4837-a3d8-8162e642ba3a,1a3dde4b-6f67-49db-ac6e-7578d0af0d95,9693a1d1-4b88-4d73-8138-b46b21e7a72c,5a3d193f-cb2b-40df-b401-d786b9e25ef8,CSO-2024-04-03,1,35000,0,0,MXN,excel_cso,Extraccion diaria de compras de gas natural para CCC Saltillo desde Consolidado CSO.xlsx.,Consolidado CSO.xlsx
03/05/2024,6bc2fbe4-3a34-4837-a3d8-8162e642ba3a,1a3dde4b-6f67-49db-ac6e-7578d0af0d95,9693a1d1-4b88-4d73-8138-b46b21e7a72c,5a3d193f-cb2b-40df-b401-d786b9e25ef8,CSO-2024-05-03,1,35000,0,0,MXN,excel_cso,Extraccion diaria de compras de gas natural para CCC Saltillo desde Consolidado CSO.xlsx.,Consolidado CSO.xlsx
03/06/2024,6bc2fbe4-3a34-4837-a3d8-8162e642ba3a,1a3dde4b-6f67-49db-ac6e-7578d0af0d95,9693a1d1-4b88-4d73-8138-b46b21e7a72c,5a3d193f-cb2b-40df-b401-d786b9e25ef8,CSO-2024-06-03,1,41500,0,0,MXN,excel_cso,Extraccion diaria de compras de gas natural para CCC Saltillo desde Consolidado CSO.xlsx.,Consolidado CSO.xlsx
03/07/2024,6bc2fbe4-3a34-4837-a3d8-8162e642ba3a,1a3dde4b-6f67-49db-ac6e-7578d0af0d95,9693a1d1-4b88-4d73-8138-b46b21e7a72c,5a3d193f-cb2b-40df-b401-d786b9e25ef8,CSO-2024-07-03,1,0,0,0,MXN,excel_cso,Extraccion diaria de compras de gas natural para CCC Saltillo desde Consolidado CSO.xlsx.,Consolidado CSO.xlsx
03/08/2024,6bc2fbe4-3a34-4837-a3d8-8162e642ba3a,1a3dde4b-6f67-49db-ac6e-7578d0af0d95,9693a1d1-4b88-4d73-8138-b46b21e7a72c,5a3d193f-cb2b-40df-b401-d786b9e25ef8,CSO-2024-08-03,1,35000,0,0,MXN,excel_cso,Extraccion diaria de compras de gas natural para CCC Saltillo desde Consolidado CSO.xlsx.,Consolidado CSO.xlsx
03/09/2024,6bc2fbe4-3a34-4837-a3d8-8162e642ba3a,1a3dde4b-6f67-49db-ac6e-7578d0af0d95,9693a1d1-4b88-4d73-8138-b46b21e7a72c,5a3d193f-cb2b-40df-b401-d786b9e25ef8,CSO-2024-09-03,1,35000,0,0,MXN,excel_cso,Extraccion diaria de compras de gas natural para CCC Saltillo desde Consolidado CSO.xlsx.,Consolidado CSO.xlsx
03/10/2024,6bc2fbe4-3a34-4837-a3d8-8162e642ba3a,1a3dde4b-6f67-49db-ac6e-7578d0af0d95,9693a1d1-4b88-4d73-8138-b46b21e7a72c,5a3d193f-cb2b-40df-b401-d786b9e25ef8,CSO-2024-10-03,1,35000,0,0,MXN,excel_cso,Extraccion diaria de compras de gas natural para CCC Saltillo desde Consolidado CSO.xlsx.,Consolidado CSO.xlsx
03/11/2024,6bc2fbe4-3a34-4837-a3d8-8162e642ba3a,1a3dde4b-6f67-49db-ac6e-7578d0af0d95,9693a1d1-4b88-4d73-8138-b46b21e7a72c,5a3d193f-cb2b-40df-b401-d786b9e25ef8,CSO-2024-11-03,1,15000,0,0,MXN,excel_cso,Extraccion diaria de compras de gas natural para CCC Saltillo desde Consolidado CSO.xlsx.,Consolidado CSO.xlsx
03/12/2024,6bc2fbe4-3a34-4837-a3d8-8162e642ba3a,1a3dde4b-6f67-49db-ac6e-7578d0af0d95,9693a1d1-4b88-4d73-8138-b46b21e7a72c,5a3d193f-cb2b-40df-b401-d786b9e25ef8,CSO-2024-12-03,1,34000,0,0,MXN,excel_cso,Extraccion diaria de compras de gas natural para CCC Saltillo desde Consolidado CSO.xlsx.,Consolidado CSO.xlsx
04/01/2024,6bc2fbe4-3a34-4837-a3d8-8162e642ba3a,1a3dde4b-6f67-49db-ac6e-7578d0af0d95,9693a1d1-4b88-4d73-8138-b46b21e7a72c,5a3d193f-cb2b-40df-b401-d786b9e25ef8,CSO-2024-01-04,1,28000,0,0,MXN,excel_cso,Extraccion diaria de compras de gas natural para CCC Saltillo desde Consolidado CSO.xlsx.,Consolidado CSO.xlsx
04/02/2024,6bc2fbe4-3a34-4837-a3d8-8162e642ba3a,1a3dde4b-6f67-49db-ac6e-7578d0af0d95,9693a1d1-4b88-4d73-8138-b46b21e7a72c,5a3d193f-cb2b-40df-b401-d786b9e25ef8,CSO-2024-02-04,1,28000,0,0,MXN,excel_cso,Extraccion diaria de compras de gas natural para CCC Saltillo desde Consolidado CSO.xlsx.,Consolidado CSO.xlsx
04/03/2024,6bc2fbe4-3a34-4837-a3d8-8162e642ba3a,1a3dde4b-6f67-49db-ac6e-7578d0af0d95,9693a1d1-4b88-4d73-8138-b46b21e7a72c,5a3d193f-cb2b-40df-b401-d786b9e25ef8,CSO-2024-03-04,1,35000,0,0,MXN,excel_cso,Extraccion diaria de compras de gas natural para CCC Saltillo desde Consolidado CSO.xlsx.,Consolidado CSO.xlsx
04/04/2024,6bc2fbe4-3a34-4837-a3d8-8162e642ba3a,1a3dde4b-6f67-49db-ac6e-7578d0af0d95,9693a1d1-4b88-4d73-8138-b46b21e7a72c,5a3d193f-cb2b-40df-b401-d786b9e25ef8,CSO-2024-04-04,1,30000,0,0,MXN,excel_cso,Extraccion diaria de compras de gas natural para CCC Saltillo desde Consolidado CSO.xlsx.,Consolidado CSO.xlsx
04/05/2024,6bc2fbe4-3a34-4837-a3d8-8162e642ba3a,1a3dde4b-6f67-49db-ac6e-7578d0af0d95,9693a1d1-4b88-4d73-8138-b46b21e7a72c,5a3d193f-cb2b-40df-b401-d786b9e25ef8,CSO-2024-05-04,1,24000,0,0,MXN,excel_cso,Extraccion diaria de compras de gas natural para CCC Saltillo desde Consolidado CSO.xlsx.,Consolidado CSO.xlsx
04/06/2024,6bc2fbe4-3a34-4837-a3d8-8162e642ba3a,1a3dde4b-6f67-49db-ac6e-7578d0af0d95,9693a1d1-4b88-4d73-8138-b46b21e7a72c,5a3d193f-cb2b-40df-b401-d786b9e25ef8,CSO-2024-06-04,1,41500,0,0,MXN,excel_cso,Extraccion diaria de compras de gas natural para CCC Saltillo desde Consolidado CSO.xlsx.,Consolidado CSO.xlsx
04/07/2024,6bc2fbe4-3a34-4837-a3d8-8162e642ba3a,1a3dde4b-6f67-49db-ac6e-7578d0af0d95,9693a1d1-4b88-4d73-8138-b46b21e7a72c,5a3d193f-cb2b-40df-b401-d786b9e25ef8,CSO-2024-07-04,1,5000,0,0,MXN,excel_cso,Extraccion diaria de compras de gas natural para CCC Saltillo desde Consolidado CSO.xlsx.,Consolidado CSO.xlsx
04/08/2024,6bc2fbe4-3a34-4837-a3d8-8162e642ba3a,1a3dde4b-6f67-49db-ac6e-7578d0af0d95,9693a1d1-4b88-4d73-8138-b46b21e7a72c,5a3d193f-cb2b-40df-b401-d786b9e25ef8,CSO-2024-08-04,1,31000,0,0,MXN,excel_cso,Extraccion diaria de compras de gas natural para CCC Saltillo desde Consolidado CSO.xlsx.,Consolidado CSO.xlsx
04/09/2024,6bc2fbe4-3a34-4837-a3d8-8162e642ba3a,1a3dde4b-6f67-49db-ac6e-7578d0af0d95,9693a1d1-4b88-4d73-8138-b46b21e7a72c,5a3d193f-cb2b-40df-b401-d786b9e25ef8,CSO-2024-09-04,1,35000,0,0,MXN,excel_cso,Extraccion diaria de compras de gas natural para CCC Saltillo desde Consolidado CSO.xlsx.,Consolidado CSO.xlsx
04/10/2024,6bc2fbe4-3a34-4837-a3d8-8162e642ba3a,1a3dde4b-6f67-49db-ac6e-7578d0af0d95,9693a1d1-4b88-4d73-8138-b46b21e7a72c,5a3d193f-cb2b-40df-b401-d786b9e25ef8,CSO-2024-10-04,1,36000,0,0,MXN,excel_cso,Extraccion diaria de compras de gas natural para CCC Saltillo desde Consolidado CSO.xlsx.,Consolidado CSO.xlsx
04/11/2024,6bc2fbe4-3a34-4837-a3d8-8162e642ba3a,1a3dde4b-6f67-49db-ac6e-7578d0af0d95,9693a1d1-4b88-4d73-8138-b46b21e7a72c,5a3d193f-cb2b-40df-b401-d786b9e25ef8,CSO-2024-11-04,1,30000,0,0,MXN,excel_cso,Extraccion diaria de compras de gas natural para CCC Saltillo desde Consolidado CSO.xlsx.,Consolidado CSO.xlsx
04/12/2024,6bc2fbe4-3a34-4837-a3d8-8162e642ba3a,1a3dde4b-6f67-49db-ac6e-7578d0af0d95,9693a1d1-4b88-4d73-8138-b46b21e7a72c,5a3d193f-cb2b-40df-b401-d786b9e25ef8,CSO-2024-12-04,1,34000,0,0,MXN,excel_cso,Extraccion diaria de compras de gas natural para CCC Saltillo desde Consolidado CSO.xlsx.,Consolidado CSO.xlsx
05/01/2024,6bc2fbe4-3a34-4837-a3d8-8162e642ba3a,1a3dde4b-6f67-49db-ac6e-7578d0af0d95,9693a1d1-4b88-4d73-8138-b46b21e7a72c,5a3d193f-cb2b-40df-b401-d786b9e25ef8,CSO-2024-01-05,1,30000,0,0,MXN,excel_cso,Extraccion diaria de compras de gas natural para CCC Saltillo desde Consolidado CSO.xlsx.,Consolidado CSO.xlsx
05/02/2024,6bc2fbe4-3a34-4837-a3d8-8162e642ba3a,1a3dde4b-6f67-49db-ac6e-7578d0af0d95,9693a1d1-4b88-4d73-8138-b46b21e7a72c,5a3d193f-cb2b-40df-b401-d786b9e25ef8,CSO-2024-02-05,1,33000,0,0,MXN,excel_cso,Extraccion diaria de compras de gas natural para CCC Saltillo desde Consolidado CSO.xlsx.,Consolidado CSO.xlsx
05/03/2024,6bc2fbe4-3a34-4837-a3d8-8162e642ba3a,1a3dde4b-6f67-49db-ac6e-7578d0af0d95,9693a1d1-4b88-4d73-8138-b46b21e7a72c,5a3d193f-cb2b-40df-b401-d786b9e25ef8,CSO-2024-03-05,1,35000,0,0,MXN,excel_cso,Extraccion diaria de compras de gas natural para CCC Saltillo desde Consolidado CSO.xlsx.,Consolidado CSO.xlsx
05/04/2024,6bc2fbe4-3a34-4837-a3d8-8162e642ba3a,1a3dde4b-6f67-49db-ac6e-7578d0af0d95,9693a1d1-4b88-4d73-8138-b46b21e7a72c,5a3d193f-cb2b-40df-b401-d786b9e25ef8,CSO-2024-04-05,1,34000,0,0,MXN,excel_cso,Extraccion diaria de compras de gas natural para CCC Saltillo desde Consolidado CSO.xlsx.,Consolidado CSO.xlsx
05/05/2024,6bc2fbe4-3a34-4837-a3d8-8162e642ba3a,1a3dde4b-6f67-49db-ac6e-7578d0af0d95,9693a1d1-4b88-4d73-8138-b46b21e7a72c,5a3d193f-cb2b-40df-b401-d786b9e25ef8,CSO-2024-05-05,1,25500,0,0,MXN,excel_cso,Extraccion diaria de compras de gas natural para CCC Saltillo desde Consolidado CSO.xlsx.,Consolidado CSO.xlsx
05/06/2024,6bc2fbe4-3a34-4837-a3d8-8162e642ba3a,1a3dde4b-6f67-49db-ac6e-7578d0af0d95,9693a1d1-4b88-4d73-8138-b46b21e7a72c,5a3d193f-cb2b-40df-b401-d786b9e25ef8,CSO-2024-06-05,1,31500,0,0,MXN,excel_cso,Extraccion diaria de compras de gas natural para CCC Saltillo desde Consolidado CSO.xlsx.,Consolidado CSO.xlsx
05/07/2024,6bc2fbe4-3a34-4837-a3d8-8162e642ba3a,1a3dde4b-6f67-49db-ac6e-7578d0af0d95,9693a1d1-4b88-4d73-8138-b46b21e7a72c,5a3d193f-cb2b-40df-b401-d786b9e25ef8,CSO-2024-07-05,1,0,0,0,MXN,excel_cso,Extraccion diaria de compras de gas natural para CCC Saltillo desde Consolidado CSO.xlsx.,Consolidado CSO.xlsx
05/08/2024,6bc2fbe4-3a34-4837-a3d8-8162e642ba3a,1a3dde4b-6f67-49db-ac6e-7578d0af0d95,9693a1d1-4b88-4d73-8138-b46b21e7a72c,5a3d193f-cb2b-40df-b401-d786b9e25ef8,CSO-2024-08-05,1,36000,0,0,MXN,excel_cso,Extraccion diaria de compras de gas natural para CCC Saltillo desde Consolidado CSO.xlsx.,Consolidado CSO.xlsx
05/09/2024,6bc2fbe4-3a34-4837-a3d8-8162e642ba3a,1a3dde4b-6f67-49db-ac6e-7578d0af0d95,9693a1d1-4b88-4d73-8138-b46b21e7a72c,5a3d193f-cb2b-40df-b401-d786b9e25ef8,CSO-2024-09-05,1,34000,0,0,MXN,excel_cso,Extraccion diaria de compras de gas natural para CCC Saltillo desde Consolidado CSO.xlsx.,Consolidado CSO.xlsx
05/10/2024,6bc2fbe4-3a34-4837-a3d8-8162e642ba3a,1a3dde4b-6f67-49db-ac6e-7578d0af0d95,9693a1d1-4b88-4d73-8138-b46b21e7a72c,5a3d193f-cb2b-40df-b401-d786b9e25ef8,CSO-2024-10-05,1,33000,0,0,MXN,excel_cso,Extraccion diaria de compras de gas natural para CCC Saltillo desde Consolidado CSO.xlsx.,Consolidado CSO.xlsx
05/11/2024,6bc2fbe4-3a34-4837-a3d8-8162e642ba3a,1a3dde4b-6f67-49db-ac6e-7578d0af0d95,9693a1d1-4b88-4d73-8138-b46b21e7a72c,5a3d193f-cb2b-40df-b401-d786b9e25ef8,CSO-2024-11-05,1,34000,0,0,MXN,excel_cso,Extraccion diaria de compras de gas natural para CCC Saltillo desde Consolidado CSO.xlsx.,Consolidado CSO.xlsx
05/12/2024,6bc2fbe4-3a34-4837-a3d8-8162e642ba3a,1a3dde4b-6f67-49db-ac6e-7578d0af0d95,9693a1d1-4b88-4d73-8138-b46b21e7a72c,5a3d193f-cb2b-40df-b401-d786b9e25ef8,CSO-2024-12-05,1,34000,0,0,MXN,excel_cso,Extraccion diaria de compras de gas natural para CCC Saltillo desde Consolidado CSO.xlsx.,Consolidado CSO.xlsx
06/01/2024,6bc2fbe4-3a34-4837-a3d8-8162e642ba3a,1a3dde4b-6f67-49db-ac6e-7578d0af0d95,9693a1d1-4b88-4d73-8138-b46b21e7a72c,5a3d193f-cb2b-40df-b401-d786b9e25ef8,CSO-2024-01-06,1,25000,0,0,MXN,excel_cso,Extraccion diaria de compras de gas natural para CCC Saltillo desde Consolidado CSO.xlsx.,Consolidado CSO.xlsx
06/02/2024,6bc2fbe4-3a34-4837-a3d8-8162e642ba3a,1a3dde4b-6f67-49db-ac6e-7578d0af0d95,9693a1d1-4b88-4d73-8138-b46b21e7a72c,5a3d193f-cb2b-40df-b401-d786b9e25ef8,CSO-2024-02-06,1,35000,0,0,MXN,excel_cso,Extraccion diaria de compras de gas natural para CCC Saltillo desde Consolidado CSO.xlsx.,Consolidado CSO.xlsx
06/03/2024,6bc2fbe4-3a34-4837-a3d8-8162e642ba3a,1a3dde4b-6f67-49db-ac6e-7578d0af0d95,9693a1d1-4b88-4d73-8138-b46b21e7a72c,5a3d193f-cb2b-40df-b401-d786b9e25ef8,CSO-2024-03-06,1,55000,0,0,MXN,excel_cso,Extraccion diaria de compras de gas natural para CCC Saltillo desde Consolidado CSO.xlsx.,Consolidado CSO.xlsx
06/04/2024,6bc2fbe4-3a34-4837-a3d8-8162e642ba3a,1a3dde4b-6f67-49db-ac6e-7578d0af0d95,9693a1d1-4b88-4d73-8138-b46b21e7a72c,5a3d193f-cb2b-40df-b401-d786b9e25ef8,CSO-2024-04-06,1,35000,0,0,MXN,excel_cso,Extraccion diaria de compras de gas natural para CCC Saltillo desde Consolidado CSO.xlsx.,Consolidado CSO.xlsx
06/05/2024,6bc2fbe4-3a34-4837-a3d8-8162e642ba3a,1a3dde4b-6f67-49db-ac6e-7578d0af0d95,9693a1d1-4b88-4d73-8138-b46b21e7a72c,5a3d193f-cb2b-40df-b401-d786b9e25ef8,CSO-2024-05-06,1,40000,0,0,MXN,excel_cso,Extraccion diaria de compras de gas natural para CCC Saltillo desde Consolidado CSO.xlsx.,Consolidado CSO.xlsx
06/06/2024,6bc2fbe4-3a34-4837-a3d8-8162e642ba3a,1a3dde4b-6f67-49db-ac6e-7578d0af0d95,9693a1d1-4b88-4d73-8138-b46b21e7a72c,5a3d193f-cb2b-40df-b401-d786b9e25ef8,CSO-2024-06-06,1,41500,0,0,MXN,excel_cso,Extraccion diaria de compras de gas natural para CCC Saltillo desde Consolidado CSO.xlsx.,Consolidado CSO.xlsx
06/07/2024,6bc2fbe4-3a34-4837-a3d8-8162e642ba3a,1a3dde4b-6f67-49db-ac6e-7578d0af0d95,9693a1d1-4b88-4d73-8138-b46b21e7a72c,5a3d193f-cb2b-40df-b401-d786b9e25ef8,CSO-2024-07-06,1,0,0,0,MXN,excel_cso,Extraccion diaria de compras de gas natural para CCC Saltillo desde Consolidado CSO.xlsx.,Consolidado CSO.xlsx
06/08/2024,6bc2fbe4-3a34-4837-a3d8-8162e642ba3a,1a3dde4b-6f67-49db-ac6e-7578d0af0d95,9693a1d1-4b88-4d73-8138-b46b21e7a72c,5a3d193f-cb2b-40df-b401-d786b9e25ef8,CSO-2024-08-06,1,31000,0,0,MXN,excel_cso,Extraccion diaria de compras de gas natural para CCC Saltillo desde Consolidado CSO.xlsx.,Consolidado CSO.xlsx
06/09/2024,6bc2fbe4-3a34-4837-a3d8-8162e642ba3a,1a3dde4b-6f67-49db-ac6e-7578d0af0d95,9693a1d1-4b88-4d73-8138-b46b21e7a72c,5a3d193f-cb2b-40df-b401-d786b9e25ef8,CSO-2024-09-06,1,34000,0,0,MXN,excel_cso,Extraccion diaria de compras de gas natural para CCC Saltillo desde Consolidado CSO.xlsx.,Consolidado CSO.xlsx
06/10/2024,6bc2fbe4-3a34-4837-a3d8-8162e642ba3a,1a3dde4b-6f67-49db-ac6e-7578d0af0d95,9693a1d1-4b88-4d73-8138-b46b21e7a72c,5a3d193f-cb2b-40df-b401-d786b9e25ef8,CSO-2024-10-06,1,30000,0,0,MXN,excel_cso,Extraccion diaria de compras de gas natural para CCC Saltillo desde Consolidado CSO.xlsx.,Consolidado CSO.xlsx
06/11/2024,6bc2fbe4-3a34-4837-a3d8-8162e642ba3a,1a3dde4b-6f67-49db-ac6e-7578d0af0d95,9693a1d1-4b88-4d73-8138-b46b21e7a72c,5a3d193f-cb2b-40df-b401-d786b9e25ef8,CSO-2024-11-06,1,34000,0,0,MXN,excel_cso,Extraccion diaria de compras de gas natural para CCC Saltillo desde Consolidado CSO.xlsx.,Consolidado CSO.xlsx
06/12/2024,6bc2fbe4-3a34-4837-a3d8-8162e642ba3a,1a3dde4b-6f67-49db-ac6e-7578d0af0d95,9693a1d1-4b88-4d73-8138-b46b21e7a72c,5a3d193f-cb2b-40df-b401-d786b9e25ef8,CSO-2024-12-06,1,41000,0,0,MXN,excel_cso,Extraccion diaria de compras de gas natural para CCC Saltillo desde Consolidado CSO.xlsx.,Consolidado CSO.xlsx
07/01/2024,6bc2fbe4-3a34-4837-a3d8-8162e642ba3a,1a3dde4b-6f67-49db-ac6e-7578d0af0d95,9693a1d1-4b88-4d73-8138-b46b21e7a72c,5a3d193f-cb2b-40df-b401-d786b9e25ef8,CSO-2024-01-07,1,34971,0,0,MXN,excel_cso,Extraccion diaria de compras de gas natural para CCC Saltillo desde Consolidado CSO.xlsx.,Consolidado CSO.xlsx
07/02/2024,6bc2fbe4-3a34-4837-a3d8-8162e642ba3a,1a3dde4b-6f67-49db-ac6e-7578d0af0d95,9693a1d1-4b88-4d73-8138-b46b21e7a72c,5a3d193f-cb2b-40df-b401-d786b9e25ef8,CSO-2024-02-07,1,35000,0,0,MXN,excel_cso,Extraccion diaria de compras de gas natural para CCC Saltillo desde Consolidado CSO.xlsx.,Consolidado CSO.xlsx
07/03/2024,6bc2fbe4-3a34-4837-a3d8-8162e642ba3a,1a3dde4b-6f67-49db-ac6e-7578d0af0d95,9693a1d1-4b88-4d73-8138-b46b21e7a72c,5a3d193f-cb2b-40df-b401-d786b9e25ef8,CSO-2024-03-07,1,34000,0,0,MXN,excel_cso,Extraccion diaria de compras de gas natural para CCC Saltillo desde Consolidado CSO.xlsx.,Consolidado CSO.xlsx
07/04/2024,6bc2fbe4-3a34-4837-a3d8-8162e642ba3a,1a3dde4b-6f67-49db-ac6e-7578d0af0d95,9693a1d1-4b88-4d73-8138-b46b21e7a72c,5a3d193f-cb2b-40df-b401-d786b9e25ef8,CSO-2024-04-07,1,32000,0,0,MXN,excel_cso,Extraccion diaria de compras de gas natural para CCC Saltillo desde Consolidado CSO.xlsx.,Consolidado CSO.xlsx
07/05/2024,6bc2fbe4-3a34-4837-a3d8-8162e642ba3a,1a3dde4b-6f67-49db-ac6e-7578d0af0d95,9693a1d1-4b88-4d73-8138-b46b21e7a72c,5a3d193f-cb2b-40df-b401-d786b9e25ef8,CSO-2024-05-07,1,50000,0,0,MXN,excel_cso,Extraccion diaria de compras de gas natural para CCC Saltillo desde Consolidado CSO.xlsx.,Consolidado CSO.xlsx
07/06/2024,6bc2fbe4-3a34-4837-a3d8-8162e642ba3a,1a3dde4b-6f67-49db-ac6e-7578d0af0d95,9693a1d1-4b88-4d73-8138-b46b21e7a72c,5a3d193f-cb2b-40df-b401-d786b9e25ef8,CSO-2024-06-07,1,41500,0,0,MXN,excel_cso,Extraccion diaria de compras de gas natural para CCC Saltillo desde Consolidado CSO.xlsx.,Consolidado CSO.xlsx
07/07/2024,6bc2fbe4-3a34-4837-a3d8-8162e642ba3a,1a3dde4b-6f67-49db-ac6e-7578d0af0d95,9693a1d1-4b88-4d73-8138-b46b21e7a72c,5a3d193f-cb2b-40df-b401-d786b9e25ef8,CSO-2024-07-07,1,23000,0,0,MXN,excel_cso,Extraccion diaria de compras de gas natural para CCC Saltillo desde Consolidado CSO.xlsx.,Consolidado CSO.xlsx
07/08/2024,6bc2fbe4-3a34-4837-a3d8-8162e642ba3a,1a3dde4b-6f67-49db-ac6e-7578d0af0d95,9693a1d1-4b88-4d73-8138-b46b21e7a72c,5a3d193f-cb2b-40df-b401-d786b9e25ef8,CSO-2024-08-07,1,34000,0,0,MXN,excel_cso,Extraccion diaria de compras de gas natural para CCC Saltillo desde Consolidado CSO.xlsx.,Consolidado CSO.xlsx
07/09/2024,6bc2fbe4-3a34-4837-a3d8-8162e642ba3a,1a3dde4b-6f67-49db-ac6e-7578d0af0d95,9693a1d1-4b88-4d73-8138-b46b21e7a72c,5a3d193f-cb2b-40df-b401-d786b9e25ef8,CSO-2024-09-07,1,33000,0,0,MXN,excel_cso,Extraccion diaria de compras de gas natural para CCC Saltillo desde Consolidado CSO.xlsx.,Consolidado CSO.xlsx
07/10/2024,6bc2fbe4-3a34-4837-a3d8-8162e642ba3a,1a3dde4b-6f67-49db-ac6e-7578d0af0d95,9693a1d1-4b88-4d73-8138-b46b21e7a72c,5a3d193f-cb2b-40df-b401-d786b9e25ef8,CSO-2024-10-07,1,36000,0,0,MXN,excel_cso,Extraccion diaria de compras de gas natural para CCC Saltillo desde Consolidado CSO.xlsx.,Consolidado CSO.xlsx
07/11/2024,6bc2fbe4-3a34-4837-a3d8-8162e642ba3a,1a3dde4b-6f67-49db-ac6e-7578d0af0d95,9693a1d1-4b88-4d73-8138-b46b21e7a72c,5a3d193f-cb2b-40df-b401-d786b9e25ef8,CSO-2024-11-07,1,34000,0,0,MXN,excel_cso,Extraccion diaria de compras de gas natural para CCC Saltillo desde Consolidado CSO.xlsx.,Consolidado CSO.xlsx
07/12/2024,6bc2fbe4-3a34-4837-a3d8-8162e642ba3a,1a3dde4b-6f67-49db-ac6e-7578d0af0d95,9693a1d1-4b88-4d73-8138-b46b21e7a72c,5a3d193f-cb2b-40df-b401-d786b9e25ef8,CSO-2024-12-07,1,30000,0,0,MXN,excel_cso,Extraccion diaria de compras de gas natural para CCC Saltillo desde Consolidado CSO.xlsx.,Consolidado CSO.xlsx
08/01/2024,6bc2fbe4-3a34-4837-a3d8-8162e642ba3a,1a3dde4b-6f67-49db-ac6e-7578d0af0d95,9693a1d1-4b88-4d73-8138-b46b21e7a72c,5a3d193f-cb2b-40df-b401-d786b9e25ef8,CSO-2024-01-08,1,33000,0,0,MXN,excel_cso,Extraccion diaria de compras de gas natural para CCC Saltillo desde Consolidado CSO.xlsx.,Consolidado CSO.xlsx
08/02/2024,6bc2fbe4-3a34-4837-a3d8-8162e642ba3a,1a3dde4b-6f67-49db-ac6e-7578d0af0d95,9693a1d1-4b88-4d73-8138-b46b21e7a72c,5a3d193f-cb2b-40df-b401-d786b9e25ef8,CSO-2024-02-08,1,35000,0,0,MXN,excel_cso,Extraccion diaria de compras de gas natural para CCC Saltillo desde Consolidado CSO.xlsx.,Consolidado CSO.xlsx
08/03/2024,6bc2fbe4-3a34-4837-a3d8-8162e642ba3a,1a3dde4b-6f67-49db-ac6e-7578d0af0d95,9693a1d1-4b88-4d73-8138-b46b21e7a72c,5a3d193f-cb2b-40df-b401-d786b9e25ef8,CSO-2024-03-08,1,24000,0,0,MXN,excel_cso,Extraccion diaria de compras de gas natural para CCC Saltillo desde Consolidado CSO.xlsx.,Consolidado CSO.xlsx
08/04/2024,6bc2fbe4-3a34-4837-a3d8-8162e642ba3a,1a3dde4b-6f67-49db-ac6e-7578d0af0d95,9693a1d1-4b88-4d73-8138-b46b21e7a72c,5a3d193f-cb2b-40df-b401-d786b9e25ef8,CSO-2024-04-08,1,37000,0,0,MXN,excel_cso,Extraccion diaria de compras de gas natural para CCC Saltillo desde Consolidado CSO.xlsx.,Consolidado CSO.xlsx
08/05/2024,6bc2fbe4-3a34-4837-a3d8-8162e642ba3a,1a3dde4b-6f67-49db-ac6e-7578d0af0d95,9693a1d1-4b88-4d73-8138-b46b21e7a72c,5a3d193f-cb2b-40df-b401-d786b9e25ef8,CSO-2024-05-08,1,40000,0,0,MXN,excel_cso,Extraccion diaria de compras de gas natural para CCC Saltillo desde Consolidado CSO.xlsx.,Consolidado CSO.xlsx
08/06/2024,6bc2fbe4-3a34-4837-a3d8-8162e642ba3a,1a3dde4b-6f67-49db-ac6e-7578d0af0d95,9693a1d1-4b88-4d73-8138-b46b21e7a72c,5a3d193f-cb2b-40df-b401-d786b9e25ef8,CSO-2024-06-08,1,41500,0,0,MXN,excel_cso,Extraccion diaria de compras de gas natural para CCC Saltillo desde Consolidado CSO.xlsx.,Consolidado CSO.xlsx
08/07/2024,6bc2fbe4-3a34-4837-a3d8-8162e642ba3a,1a3dde4b-6f67-49db-ac6e-7578d0af0d95,9693a1d1-4b88-4d73-8138-b46b21e7a72c,5a3d193f-cb2b-40df-b401-d786b9e25ef8,CSO-2024-07-08,1,40000,0,0,MXN,excel_cso,Extraccion diaria de compras de gas natural para CCC Saltillo desde Consolidado CSO.xlsx.,Consolidado CSO.xlsx
08/08/2024,6bc2fbe4-3a34-4837-a3d8-8162e642ba3a,1a3dde4b-6f67-49db-ac6e-7578d0af0d95,9693a1d1-4b88-4d73-8138-b46b21e7a72c,5a3d193f-cb2b-40df-b401-d786b9e25ef8,CSO-2024-08-08,1,44070,0,0,MXN,excel_cso,Extraccion diaria de compras de gas natural para CCC Saltillo desde Consolidado CSO.xlsx.,Consolidado CSO.xlsx
08/09/2024,6bc2fbe4-3a34-4837-a3d8-8162e642ba3a,1a3dde4b-6f67-49db-ac6e-7578d0af0d95,9693a1d1-4b88-4d73-8138-b46b21e7a72c,5a3d193f-cb2b-40df-b401-d786b9e25ef8,CSO-2024-09-08,1,28000,0,0,MXN,excel_cso,Extraccion diaria de compras de gas natural para CCC Saltillo desde Consolidado CSO.xlsx.,Consolidado CSO.xlsx
08/10/2024,6bc2fbe4-3a34-4837-a3d8-8162e642ba3a,1a3dde4b-6f67-49db-ac6e-7578d0af0d95,9693a1d1-4b88-4d73-8138-b46b21e7a72c,5a3d193f-cb2b-40df-b401-d786b9e25ef8,CSO-2024-10-08,1,36000,0,0,MXN,excel_cso,Extraccion diaria de compras de gas natural para CCC Saltillo desde Consolidado CSO.xlsx.,Consolidado CSO.xlsx
08/11/2024,6bc2fbe4-3a34-4837-a3d8-8162e642ba3a,1a3dde4b-6f67-49db-ac6e-7578d0af0d95,9693a1d1-4b88-4d73-8138-b46b21e7a72c,5a3d193f-cb2b-40df-b401-d786b9e25ef8,CSO-2024-11-08,1,34000,0,0,MXN,excel_cso,Extraccion diaria de compras de gas natural para CCC Saltillo desde Consolidado CSO.xlsx.,Consolidado CSO.xlsx
08/12/2024,6bc2fbe4-3a34-4837-a3d8-8162e642ba3a,1a3dde4b-6f67-49db-ac6e-7578d0af0d95,9693a1d1-4b88-4d73-8138-b46b21e7a72c,5a3d193f-cb2b-40df-b401-d786b9e25ef8,CSO-2024-12-08,1,27000,0,0,MXN,excel_cso,Extraccion diaria de compras de gas natural para CCC Saltillo desde Consolidado CSO.xlsx.,Consolidado CSO.xlsx
09/01/2024,6bc2fbe4-3a34-4837-a3d8-8162e642ba3a,1a3dde4b-6f67-49db-ac6e-7578d0af0d95,9693a1d1-4b88-4d73-8138-b46b21e7a72c,5a3d193f-cb2b-40df-b401-d786b9e25ef8,CSO-2024-01-09,1,32000,0,0,MXN,excel_cso,Extraccion diaria de compras de gas natural para CCC Saltillo desde Consolidado CSO.xlsx.,Consolidado CSO.xlsx
09/02/2024,6bc2fbe4-3a34-4837-a3d8-8162e642ba3a,1a3dde4b-6f67-49db-ac6e-7578d0af0d95,9693a1d1-4b88-4d73-8138-b46b21e7a72c,5a3d193f-cb2b-40df-b401-d786b9e25ef8,CSO-2024-02-09,1,34000,0,0,MXN,excel_cso,Extraccion diaria de compras de gas natural para CCC Saltillo desde Consolidado CSO.xlsx.,Consolidado CSO.xlsx
09/03/2024,6bc2fbe4-3a34-4837-a3d8-8162e642ba3a,1a3dde4b-6f67-49db-ac6e-7578d0af0d95,9693a1d1-4b88-4d73-8138-b46b21e7a72c,5a3d193f-cb2b-40df-b401-d786b9e25ef8,CSO-2024-03-09,1,33000,0,0,MXN,excel_cso,Extraccion diaria de compras de gas natural para CCC Saltillo desde Consolidado CSO.xlsx.,Consolidado CSO.xlsx
09/04/2024,6bc2fbe4-3a34-4837-a3d8-8162e642ba3a,1a3dde4b-6f67-49db-ac6e-7578d0af0d95,9693a1d1-4b88-4d73-8138-b46b21e7a72c,5a3d193f-cb2b-40df-b401-d786b9e25ef8,CSO-2024-04-09,1,37000,0,0,MXN,excel_cso,Extraccion diaria de compras de gas natural para CCC Saltillo desde Consolidado CSO.xlsx.,Consolidado CSO.xlsx
09/05/2024,6bc2fbe4-3a34-4837-a3d8-8162e642ba3a,1a3dde4b-6f67-49db-ac6e-7578d0af0d95,9693a1d1-4b88-4d73-8138-b46b21e7a72c,5a3d193f-cb2b-40df-b401-d786b9e25ef8,CSO-2024-05-09,1,40000,0,0,MXN,excel_cso,Extraccion diaria de compras de gas natural para CCC Saltillo desde Consolidado CSO.xlsx.,Consolidado CSO.xlsx
09/06/2024,6bc2fbe4-3a34-4837-a3d8-8162e642ba3a,1a3dde4b-6f67-49db-ac6e-7578d0af0d95,9693a1d1-4b88-4d73-8138-b46b21e7a72c,5a3d193f-cb2b-40df-b401-d786b9e25ef8,CSO-2024-06-09,1,1447,0,0,MXN,excel_cso,Extraccion diaria de compras de gas natural para CCC Saltillo desde Consolidado CSO.xlsx.,Consolidado CSO.xlsx
09/07/2024,6bc2fbe4-3a34-4837-a3d8-8162e642ba3a,1a3dde4b-6f67-49db-ac6e-7578d0af0d95,9693a1d1-4b88-4d73-8138-b46b21e7a72c,5a3d193f-cb2b-40df-b401-d786b9e25ef8,CSO-2024-07-09,1,59000,0,0,MXN,excel_cso,Extraccion diaria de compras de gas natural para CCC Saltillo desde Consolidado CSO.xlsx.,Consolidado CSO.xlsx
09/08/2024,6bc2fbe4-3a34-4837-a3d8-8162e642ba3a,1a3dde4b-6f67-49db-ac6e-7578d0af0d95,9693a1d1-4b88-4d73-8138-b46b21e7a72c,5a3d193f-cb2b-40df-b401-d786b9e25ef8,CSO-2024-08-09,1,34000,0,0,MXN,excel_cso,Extraccion diaria de compras de gas natural para CCC Saltillo desde Consolidado CSO.xlsx.,Consolidado CSO.xlsx
09/09/2024,6bc2fbe4-3a34-4837-a3d8-8162e642ba3a,1a3dde4b-6f67-49db-ac6e-7578d0af0d95,9693a1d1-4b88-4d73-8138-b46b21e7a72c,5a3d193f-cb2b-40df-b401-d786b9e25ef8,CSO-2024-09-09,1,33000,0,0,MXN,excel_cso,Extraccion diaria de compras de gas natural para CCC Saltillo desde Consolidado CSO.xlsx.,Consolidado CSO.xlsx
09/10/2024,6bc2fbe4-3a34-4837-a3d8-8162e642ba3a,1a3dde4b-6f67-49db-ac6e-7578d0af0d95,9693a1d1-4b88-4d73-8138-b46b21e7a72c,5a3d193f-cb2b-40df-b401-d786b9e25ef8,CSO-2024-10-09,1,29000,0,0,MXN,excel_cso,Extraccion diaria de compras de gas natural para CCC Saltillo desde Consolidado CSO.xlsx.,Consolidado CSO.xlsx
09/11/2024,6bc2fbe4-3a34-4837-a3d8-8162e642ba3a,1a3dde4b-6f67-49db-ac6e-7578d0af0d95,9693a1d1-4b88-4d73-8138-b46b21e7a72c,5a3d193f-cb2b-40df-b401-d786b9e25ef8,CSO-2024-11-09,1,33000,0,0,MXN,excel_cso,Extraccion diaria de compras de gas natural para CCC Saltillo desde Consolidado CSO.xlsx.,Consolidado CSO.xlsx
09/12/2024,6bc2fbe4-3a34-4837-a3d8-8162e642ba3a,1a3dde4b-6f67-49db-ac6e-7578d0af0d95,9693a1d1-4b88-4d73-8138-b46b21e7a72c,5a3d193f-cb2b-40df-b401-d786b9e25ef8,CSO-2024-12-09,1,38000,0,0,MXN,excel_cso,Extraccion diaria de compras de gas natural para CCC Saltillo desde Consolidado CSO.xlsx.,Consolidado CSO.xlsx
10/01/2024,6bc2fbe4-3a34-4837-a3d8-8162e642ba3a,1a3dde4b-6f67-49db-ac6e-7578d0af0d95,9693a1d1-4b88-4d73-8138-b46b21e7a72c,5a3d193f-cb2b-40df-b401-d786b9e25ef8,CSO-2024-01-10,1,30000,0,0,MXN,excel_cso,Extraccion diaria de compras de gas natural para CCC Saltillo desde Consolidado CSO.xlsx.,Consolidado CSO.xlsx
10/02/2024,6bc2fbe4-3a34-4837-a3d8-8162e642ba3a,1a3dde4b-6f67-49db-ac6e-7578d0af0d95,9693a1d1-4b88-4d73-8138-b46b21e7a72c,5a3d193f-cb2b-40df-b401-d786b9e25ef8,CSO-2024-02-10,1,34000,0,0,MXN,excel_cso,Extraccion diaria de compras de gas natural para CCC Saltillo desde Consolidado CSO.xlsx.,Consolidado CSO.xlsx
10/03/2024,6bc2fbe4-3a34-4837-a3d8-8162e642ba3a,1a3dde4b-6f67-49db-ac6e-7578d0af0d95,9693a1d1-4b88-4d73-8138-b46b21e7a72c,5a3d193f-cb2b-40df-b401-d786b9e25ef8,CSO-2024-03-10,1,18000,0,0,MXN,excel_cso,Extraccion diaria de compras de gas natural para CCC Saltillo desde Consolidado CSO.xlsx.,Consolidado CSO.xlsx
10/04/2024,6bc2fbe4-3a34-4837-a3d8-8162e642ba3a,1a3dde4b-6f67-49db-ac6e-7578d0af0d95,9693a1d1-4b88-4d73-8138-b46b21e7a72c,5a3d193f-cb2b-40df-b401-d786b9e25ef8,CSO-2024-04-10,1,37000,0,0,MXN,excel_cso,Extraccion diaria de compras de gas natural para CCC Saltillo desde Consolidado CSO.xlsx.,Consolidado CSO.xlsx
10/05/2024,6bc2fbe4-3a34-4837-a3d8-8162e642ba3a,1a3dde4b-6f67-49db-ac6e-7578d0af0d95,9693a1d1-4b88-4d73-8138-b46b21e7a72c,5a3d193f-cb2b-40df-b401-d786b9e25ef8,CSO-2024-05-10,1,18000,0,0,MXN,excel_cso,Extraccion diaria de compras de gas natural para CCC Saltillo desde Consolidado CSO.xlsx.,Consolidado CSO.xlsx
10/06/2024,6bc2fbe4-3a34-4837-a3d8-8162e642ba3a,1a3dde4b-6f67-49db-ac6e-7578d0af0d95,9693a1d1-4b88-4d73-8138-b46b21e7a72c,5a3d193f-cb2b-40df-b401-d786b9e25ef8,CSO-2024-06-10,1,41500,0,0,MXN,excel_cso,Extraccion diaria de compras de gas natural para CCC Saltillo desde Consolidado CSO.xlsx.,Consolidado CSO.xlsx
10/07/2024,6bc2fbe4-3a34-4837-a3d8-8162e642ba3a,1a3dde4b-6f67-49db-ac6e-7578d0af0d95,9693a1d1-4b88-4d73-8138-b46b21e7a72c,5a3d193f-cb2b-40df-b401-d786b9e25ef8,CSO-2024-07-10,1,35000,0,0,MXN,excel_cso,Extraccion diaria de compras de gas natural para CCC Saltillo desde Consolidado CSO.xlsx.,Consolidado CSO.xlsx
10/08/2024,6bc2fbe4-3a34-4837-a3d8-8162e642ba3a,1a3dde4b-6f67-49db-ac6e-7578d0af0d95,9693a1d1-4b88-4d73-8138-b46b21e7a72c,5a3d193f-cb2b-40df-b401-d786b9e25ef8,CSO-2024-08-10,1,34000,0,0,MXN,excel_cso,Extraccion diaria de compras de gas natural para CCC Saltillo desde Consolidado CSO.xlsx.,Consolidado CSO.xlsx
10/09/2024,6bc2fbe4-3a34-4837-a3d8-8162e642ba3a,1a3dde4b-6f67-49db-ac6e-7578d0af0d95,9693a1d1-4b88-4d73-8138-b46b21e7a72c,5a3d193f-cb2b-40df-b401-d786b9e25ef8,CSO-2024-09-10,1,34000,0,0,MXN,excel_cso,Extraccion diaria de compras de gas natural para CCC Saltillo desde Consolidado CSO.xlsx.,Consolidado CSO.xlsx
10/10/2024,6bc2fbe4-3a34-4837-a3d8-8162e642ba3a,1a3dde4b-6f67-49db-ac6e-7578d0af0d95,9693a1d1-4b88-4d73-8138-b46b21e7a72c,5a3d193f-cb2b-40df-b401-d786b9e25ef8,CSO-2024-10-10,1,34000,0,0,MXN,excel_cso,Extraccion diaria de compras de gas natural para CCC Saltillo desde Consolidado CSO.xlsx.,Consolidado CSO.xlsx
10/11/2024,6bc2fbe4-3a34-4837-a3d8-8162e642ba3a,1a3dde4b-6f67-49db-ac6e-7578d0af0d95,9693a1d1-4b88-4d73-8138-b46b21e7a72c,5a3d193f-cb2b-40df-b401-d786b9e25ef8,CSO-2024-11-10,1,28000,0,0,MXN,excel_cso,Extraccion diaria de compras de gas natural para CCC Saltillo desde Consolidado CSO.xlsx.,Consolidado CSO.xlsx
10/12/2024,6bc2fbe4-3a34-4837-a3d8-8162e642ba3a,1a3dde4b-6f67-49db-ac6e-7578d0af0d95,9693a1d1-4b88-4d73-8138-b46b21e7a72c,5a3d193f-cb2b-40df-b401-d786b9e25ef8,CSO-2024-12-10,1,34000,0,0,MXN,excel_cso,Extraccion diaria de compras de gas natural para CCC Saltillo desde Consolidado CSO.xlsx.,Consolidado CSO.xlsx
11/01/2024,6bc2fbe4-3a34-4837-a3d8-8162e642ba3a,1a3dde4b-6f67-49db-ac6e-7578d0af0d95,9693a1d1-4b88-4d73-8138-b46b21e7a72c,5a3d193f-cb2b-40df-b401-d786b9e25ef8,CSO-2024-01-11,1,38000,0,0,MXN,excel_cso,Extraccion diaria de compras de gas natural para CCC Saltillo desde Consolidado CSO.xlsx.,Consolidado CSO.xlsx
11/02/2024,6bc2fbe4-3a34-4837-a3d8-8162e642ba3a,1a3dde4b-6f67-49db-ac6e-7578d0af0d95,9693a1d1-4b88-4d73-8138-b46b21e7a72c,5a3d193f-cb2b-40df-b401-d786b9e25ef8,CSO-2024-02-11,1,23000,0,0,MXN,excel_cso,Extraccion diaria de compras de gas natural para CCC Saltillo desde Consolidado CSO.xlsx.,Consolidado CSO.xlsx
11/03/2024,6bc2fbe4-3a34-4837-a3d8-8162e642ba3a,1a3dde4b-6f67-49db-ac6e-7578d0af0d95,9693a1d1-4b88-4d73-8138-b46b21e7a72c,5a3d193f-cb2b-40df-b401-d786b9e25ef8,CSO-2024-03-11,1,33000,0,0,MXN,excel_cso,Extraccion diaria de compras de gas natural para CCC Saltillo desde Consolidado CSO.xlsx.,Consolidado CSO.xlsx
11/04/2024,6bc2fbe4-3a34-4837-a3d8-8162e642ba3a,1a3dde4b-6f67-49db-ac6e-7578d0af0d95,9693a1d1-4b88-4d73-8138-b46b21e7a72c,5a3d193f-cb2b-40df-b401-d786b9e25ef8,CSO-2024-04-11,1,30367,0,0,MXN,excel_cso,Extraccion diaria de compras de gas natural para CCC Saltillo desde Consolidado CSO.xlsx.,Consolidado CSO.xlsx
11/05/2024,6bc2fbe4-3a34-4837-a3d8-8162e642ba3a,1a3dde4b-6f67-49db-ac6e-7578d0af0d95,9693a1d1-4b88-4d73-8138-b46b21e7a72c,5a3d193f-cb2b-40df-b401-d786b9e25ef8,CSO-2024-05-11,1,38000,0,0,MXN,excel_cso,Extraccion diaria de compras de gas natural para CCC Saltillo desde Consolidado CSO.xlsx.,Consolidado CSO.xlsx
11/06/2024,6bc2fbe4-3a34-4837-a3d8-8162e642ba3a,1a3dde4b-6f67-49db-ac6e-7578d0af0d95,9693a1d1-4b88-4d73-8138-b46b21e7a72c,5a3d193f-cb2b-40df-b401-d786b9e25ef8,CSO-2024-06-11,1,41500,0,0,MXN,excel_cso,Extraccion diaria de compras de gas natural para CCC Saltillo desde Consolidado CSO.xlsx.,Consolidado CSO.xlsx
11/07/2024,6bc2fbe4-3a34-4837-a3d8-8162e642ba3a,1a3dde4b-6f67-49db-ac6e-7578d0af0d95,9693a1d1-4b88-4d73-8138-b46b21e7a72c,5a3d193f-cb2b-40df-b401-d786b9e25ef8,CSO-2024-07-11,1,40000,0,0,MXN,excel_cso,Extraccion diaria de compras de gas natural para CCC Saltillo desde Consolidado CSO.xlsx.,Consolidado CSO.xlsx
11/08/2024,6bc2fbe4-3a34-4837-a3d8-8162e642ba3a,1a3dde4b-6f67-49db-ac6e-7578d0af0d95,9693a1d1-4b88-4d73-8138-b46b21e7a72c,5a3d193f-cb2b-40df-b401-d786b9e25ef8,CSO-2024-08-11,1,24000,0,0,MXN,excel_cso,Extraccion diaria de compras de gas natural para CCC Saltillo desde Consolidado CSO.xlsx.,Consolidado CSO.xlsx
11/09/2024,6bc2fbe4-3a34-4837-a3d8-8162e642ba3a,1a3dde4b-6f67-49db-ac6e-7578d0af0d95,9693a1d1-4b88-4d73-8138-b46b21e7a72c,5a3d193f-cb2b-40df-b401-d786b9e25ef8,CSO-2024-09-11,1,34000,0,0,MXN,excel_cso,Extraccion diaria de compras de gas natural para CCC Saltillo desde Consolidado CSO.xlsx.,Consolidado CSO.xlsx
11/10/2024,6bc2fbe4-3a34-4837-a3d8-8162e642ba3a,1a3dde4b-6f67-49db-ac6e-7578d0af0d95,9693a1d1-4b88-4d73-8138-b46b21e7a72c,5a3d193f-cb2b-40df-b401-d786b9e25ef8,CSO-2024-10-11,1,0,0,0,MXN,excel_cso,Extraccion diaria de compras de gas natural para CCC Saltillo desde Consolidado CSO.xlsx.,Consolidado CSO.xlsx
11/11/2024,6bc2fbe4-3a34-4837-a3d8-8162e642ba3a,1a3dde4b-6f67-49db-ac6e-7578d0af0d95,9693a1d1-4b88-4d73-8138-b46b21e7a72c,5a3d193f-cb2b-40df-b401-d786b9e25ef8,CSO-2024-11-11,1,36000,0,0,MXN,excel_cso,Extraccion diaria de compras de gas natural para CCC Saltillo desde Consolidado CSO.xlsx.,Consolidado CSO.xlsx
11/12/2024,6bc2fbe4-3a34-4837-a3d8-8162e642ba3a,1a3dde4b-6f67-49db-ac6e-7578d0af0d95,9693a1d1-4b88-4d73-8138-b46b21e7a72c,5a3d193f-cb2b-40df-b401-d786b9e25ef8,CSO-2024-12-11,1,25358,0,0,MXN,excel_cso,Extraccion diaria de compras de gas natural para CCC Saltillo desde Consolidado CSO.xlsx.,Consolidado CSO.xlsx
12/01/2024,6bc2fbe4-3a34-4837-a3d8-8162e642ba3a,1a3dde4b-6f67-49db-ac6e-7578d0af0d95,9693a1d1-4b88-4d73-8138-b46b21e7a72c,5a3d193f-cb2b-40df-b401-d786b9e25ef8,CSO-2024-01-12,1,28000,0,0,MXN,excel_cso,Extraccion diaria de compras de gas natural para CCC Saltillo desde Consolidado CSO.xlsx.,Consolidado CSO.xlsx
12/02/2024,6bc2fbe4-3a34-4837-a3d8-8162e642ba3a,1a3dde4b-6f67-49db-ac6e-7578d0af0d95,9693a1d1-4b88-4d73-8138-b46b21e7a72c,5a3d193f-cb2b-40df-b401-d786b9e25ef8,CSO-2024-02-12,1,0,0,0,MXN,excel_cso,Extraccion diaria de compras de gas natural para CCC Saltillo desde Consolidado CSO.xlsx.,Consolidado CSO.xlsx
12/03/2024,6bc2fbe4-3a34-4837-a3d8-8162e642ba3a,1a3dde4b-6f67-49db-ac6e-7578d0af0d95,9693a1d1-4b88-4d73-8138-b46b21e7a72c,5a3d193f-cb2b-40df-b401-d786b9e25ef8,CSO-2024-03-12,1,10000,0,0,MXN,excel_cso,Extraccion diaria de compras de gas natural para CCC Saltillo desde Consolidado CSO.xlsx.,Consolidado CSO.xlsx
12/04/2024,6bc2fbe4-3a34-4837-a3d8-8162e642ba3a,1a3dde4b-6f67-49db-ac6e-7578d0af0d95,9693a1d1-4b88-4d73-8138-b46b21e7a72c,5a3d193f-cb2b-40df-b401-d786b9e25ef8,CSO-2024-04-12,1,30000,0,0,MXN,excel_cso,Extraccion diaria de compras de gas natural para CCC Saltillo desde Consolidado CSO.xlsx.,Consolidado CSO.xlsx
12/05/2024,6bc2fbe4-3a34-4837-a3d8-8162e642ba3a,1a3dde4b-6f67-49db-ac6e-7578d0af0d95,9693a1d1-4b88-4d73-8138-b46b21e7a72c,5a3d193f-cb2b-40df-b401-d786b9e25ef8,CSO-2024-05-12,1,10000,0,0,MXN,excel_cso,Extraccion diaria de compras de gas natural para CCC Saltillo desde Consolidado CSO.xlsx.,Consolidado CSO.xlsx
12/06/2024,6bc2fbe4-3a34-4837-a3d8-8162e642ba3a,1a3dde4b-6f67-49db-ac6e-7578d0af0d95,9693a1d1-4b88-4d73-8138-b46b21e7a72c,5a3d193f-cb2b-40df-b401-d786b9e25ef8,CSO-2024-06-12,1,41500,0,0,MXN,excel_cso,Extraccion diaria de compras de gas natural para CCC Saltillo desde Consolidado CSO.xlsx.,Consolidado CSO.xlsx
12/07/2024,6bc2fbe4-3a34-4837-a3d8-8162e642ba3a,1a3dde4b-6f67-49db-ac6e-7578d0af0d95,9693a1d1-4b88-4d73-8138-b46b21e7a72c,5a3d193f-cb2b-40df-b401-d786b9e25ef8,CSO-2024-07-12,1,32000,0,0,MXN,excel_cso,Extraccion diaria de compras de gas natural para CCC Saltillo desde Consolidado CSO.xlsx.,Consolidado CSO.xlsx
12/08/2024,6bc2fbe4-3a34-4837-a3d8-8162e642ba3a,1a3dde4b-6f67-49db-ac6e-7578d0af0d95,9693a1d1-4b88-4d73-8138-b46b21e7a72c,5a3d193f-cb2b-40df-b401-d786b9e25ef8,CSO-2024-08-12,1,34000,0,0,MXN,excel_cso,Extraccion diaria de compras de gas natural para CCC Saltillo desde Consolidado CSO.xlsx.,Consolidado CSO.xlsx
12/09/2024,6bc2fbe4-3a34-4837-a3d8-8162e642ba3a,1a3dde4b-6f67-49db-ac6e-7578d0af0d95,9693a1d1-4b88-4d73-8138-b46b21e7a72c,5a3d193f-cb2b-40df-b401-d786b9e25ef8,CSO-2024-09-12,1,42800,0,0,MXN,excel_cso,Extraccion diaria de compras de gas natural para CCC Saltillo desde Consolidado CSO.xlsx.,Consolidado CSO.xlsx
12/10/2024,6bc2fbe4-3a34-4837-a3d8-8162e642ba3a,1a3dde4b-6f67-49db-ac6e-7578d0af0d95,9693a1d1-4b88-4d73-8138-b46b21e7a72c,5a3d193f-cb2b-40df-b401-d786b9e25ef8,CSO-2024-10-12,1,0,0,0,MXN,excel_cso,Extraccion diaria de compras de gas natural para CCC Saltillo desde Consolidado CSO.xlsx.,Consolidado CSO.xlsx
12/11/2024,6bc2fbe4-3a34-4837-a3d8-8162e642ba3a,1a3dde4b-6f67-49db-ac6e-7578d0af0d95,9693a1d1-4b88-4d73-8138-b46b21e7a72c,5a3d193f-cb2b-40df-b401-d786b9e25ef8,CSO-2024-11-12,1,36000,0,0,MXN,excel_cso,Extraccion diaria de compras de gas natural para CCC Saltillo desde Consolidado CSO.xlsx.,Consolidado CSO.xlsx
12/12/2024,6bc2fbe4-3a34-4837-a3d8-8162e642ba3a,1a3dde4b-6f67-49db-ac6e-7578d0af0d95,9693a1d1-4b88-4d73-8138-b46b21e7a72c,5a3d193f-cb2b-40df-b401-d786b9e25ef8,CSO-2024-12-12,1,32000,0,0,MXN,excel_cso,Extraccion diaria de compras de gas natural para CCC Saltillo desde Consolidado CSO.xlsx.,Consolidado CSO.xlsx
13/01/2024,6bc2fbe4-3a34-4837-a3d8-8162e642ba3a,1a3dde4b-6f67-49db-ac6e-7578d0af0d95,9693a1d1-4b88-4d73-8138-b46b21e7a72c,5a3d193f-cb2b-40df-b401-d786b9e25ef8,CSO-2024-01-13,1,31000,0,0,MXN,excel_cso,Extraccion diaria de compras de gas natural para CCC Saltillo desde Consolidado CSO.xlsx.,Consolidado CSO.xlsx
13/02/2024,6bc2fbe4-3a34-4837-a3d8-8162e642ba3a,1a3dde4b-6f67-49db-ac6e-7578d0af0d95,9693a1d1-4b88-4d73-8138-b46b21e7a72c,5a3d193f-cb2b-40df-b401-d786b9e25ef8,CSO-2024-02-13,1,0,0,0,MXN,excel_cso,Extraccion diaria de compras de gas natural para CCC Saltillo desde Consolidado CSO.xlsx.,Consolidado CSO.xlsx
13/03/2024,6bc2fbe4-3a34-4837-a3d8-8162e642ba3a,1a3dde4b-6f67-49db-ac6e-7578d0af0d95,9693a1d1-4b88-4d73-8138-b46b21e7a72c,5a3d193f-cb2b-40df-b401-d786b9e25ef8,CSO-2024-03-13,1,35000,0,0,MXN,excel_cso,Extraccion diaria de compras de gas natural para CCC Saltillo desde Consolidado CSO.xlsx.,Consolidado CSO.xlsx
13/04/2024,6bc2fbe4-3a34-4837-a3d8-8162e642ba3a,1a3dde4b-6f67-49db-ac6e-7578d0af0d95,9693a1d1-4b88-4d73-8138-b46b21e7a72c,5a3d193f-cb2b-40df-b401-d786b9e25ef8,CSO-2024-04-13,1,38000,0,0,MXN,excel_cso,Extraccion diaria de compras de gas natural para CCC Saltillo desde Consolidado CSO.xlsx.,Consolidado CSO.xlsx
13/05/2024,6bc2fbe4-3a34-4837-a3d8-8162e642ba3a,1a3dde4b-6f67-49db-ac6e-7578d0af0d95,9693a1d1-4b88-4d73-8138-b46b21e7a72c,5a3d193f-cb2b-40df-b401-d786b9e25ef8,CSO-2024-05-13,1,38000,0,0,MXN,excel_cso,Extraccion diaria de compras de gas natural para CCC Saltillo desde Consolidado CSO.xlsx.,Consolidado CSO.xlsx
13/06/2024,6bc2fbe4-3a34-4837-a3d8-8162e642ba3a,1a3dde4b-6f67-49db-ac6e-7578d0af0d95,9693a1d1-4b88-4d73-8138-b46b21e7a72c,5a3d193f-cb2b-40df-b401-d786b9e25ef8,CSO-2024-06-13,1,41500,0,0,MXN,excel_cso,Extraccion diaria de compras de gas natural para CCC Saltillo desde Consolidado CSO.xlsx.,Consolidado CSO.xlsx
13/07/2024,6bc2fbe4-3a34-4837-a3d8-8162e642ba3a,1a3dde4b-6f67-49db-ac6e-7578d0af0d95,9693a1d1-4b88-4d73-8138-b46b21e7a72c,5a3d193f-cb2b-40df-b401-d786b9e25ef8,CSO-2024-07-13,1,37000,0,0,MXN,excel_cso,Extraccion diaria de compras de gas natural para CCC Saltillo desde Consolidado CSO.xlsx.,Consolidado CSO.xlsx
13/08/2024,6bc2fbe4-3a34-4837-a3d8-8162e642ba3a,1a3dde4b-6f67-49db-ac6e-7578d0af0d95,9693a1d1-4b88-4d73-8138-b46b21e7a72c,5a3d193f-cb2b-40df-b401-d786b9e25ef8,CSO-2024-08-13,1,24000,0,0,MXN,excel_cso,Extraccion diaria de compras de gas natural para CCC Saltillo desde Consolidado CSO.xlsx.,Consolidado CSO.xlsx
13/09/2024,6bc2fbe4-3a34-4837-a3d8-8162e642ba3a,1a3dde4b-6f67-49db-ac6e-7578d0af0d95,9693a1d1-4b88-4d73-8138-b46b21e7a72c,5a3d193f-cb2b-40df-b401-d786b9e25ef8,CSO-2024-09-13,1,34000,0,0,MXN,excel_cso,Extraccion diaria de compras de gas natural para CCC Saltillo desde Consolidado CSO.xlsx.,Consolidado CSO.xlsx
13/10/2024,6bc2fbe4-3a34-4837-a3d8-8162e642ba3a,1a3dde4b-6f67-49db-ac6e-7578d0af0d95,9693a1d1-4b88-4d73-8138-b46b21e7a72c,5a3d193f-cb2b-40df-b401-d786b9e25ef8,CSO-2024-10-13,1,30000,0,0,MXN,excel_cso,Extraccion diaria de compras de gas natural para CCC Saltillo desde Consolidado CSO.xlsx.,Consolidado CSO.xlsx
13/11/2024,6bc2fbe4-3a34-4837-a3d8-8162e642ba3a,1a3dde4b-6f67-49db-ac6e-7578d0af0d95,9693a1d1-4b88-4d73-8138-b46b21e7a72c,5a3d193f-cb2b-40df-b401-d786b9e25ef8,CSO-2024-11-13,1,36000,0,0,MXN,excel_cso,Extraccion diaria de compras de gas natural para CCC Saltillo desde Consolidado CSO.xlsx.,Consolidado CSO.xlsx
13/12/2024,6bc2fbe4-3a34-4837-a3d8-8162e642ba3a,1a3dde4b-6f67-49db-ac6e-7578d0af0d95,9693a1d1-4b88-4d73-8138-b46b21e7a72c,5a3d193f-cb2b-40df-b401-d786b9e25ef8,CSO-2024-12-13,1,32000,0,0,MXN,excel_cso,Extraccion diaria de compras de gas natural para CCC Saltillo desde Consolidado CSO.xlsx.,Consolidado CSO.xlsx
14/01/2024,6bc2fbe4-3a34-4837-a3d8-8162e642ba3a,1a3dde4b-6f67-49db-ac6e-7578d0af0d95,9693a1d1-4b88-4d73-8138-b46b21e7a72c,5a3d193f-cb2b-40df-b401-d786b9e25ef8,CSO-2024-01-14,1,31000,0,0,MXN,excel_cso,Extraccion diaria de compras de gas natural para CCC Saltillo desde Consolidado CSO.xlsx.,Consolidado CSO.xlsx
14/02/2024,6bc2fbe4-3a34-4837-a3d8-8162e642ba3a,1a3dde4b-6f67-49db-ac6e-7578d0af0d95,9693a1d1-4b88-4d73-8138-b46b21e7a72c,5a3d193f-cb2b-40df-b401-d786b9e25ef8,CSO-2024-02-14,1,0,0,0,MXN,excel_cso,Extraccion diaria de compras de gas natural para CCC Saltillo desde Consolidado CSO.xlsx.,Consolidado CSO.xlsx
14/03/2024,6bc2fbe4-3a34-4837-a3d8-8162e642ba3a,1a3dde4b-6f67-49db-ac6e-7578d0af0d95,9693a1d1-4b88-4d73-8138-b46b21e7a72c,5a3d193f-cb2b-40df-b401-d786b9e25ef8,CSO-2024-03-14,1,33000,0,0,MXN,excel_cso,Extraccion diaria de compras de gas natural para CCC Saltillo desde Consolidado CSO.xlsx.,Consolidado CSO.xlsx
14/04/2024,6bc2fbe4-3a34-4837-a3d8-8162e642ba3a,1a3dde4b-6f67-49db-ac6e-7578d0af0d95,9693a1d1-4b88-4d73-8138-b46b21e7a72c,5a3d193f-cb2b-40df-b401-d786b9e25ef8,CSO-2024-04-14,1,38000,0,0,MXN,excel_cso,Extraccion diaria de compras de gas natural para CCC Saltillo desde Consolidado CSO.xlsx.,Consolidado CSO.xlsx
14/05/2024,6bc2fbe4-3a34-4837-a3d8-8162e642ba3a,1a3dde4b-6f67-49db-ac6e-7578d0af0d95,9693a1d1-4b88-4d73-8138-b46b21e7a72c,5a3d193f-cb2b-40df-b401-d786b9e25ef8,CSO-2024-05-14,1,43000,0,0,MXN,excel_cso,Extraccion diaria de compras de gas natural para CCC Saltillo desde Consolidado CSO.xlsx.,Consolidado CSO.xlsx
14/06/2024,6bc2fbe4-3a34-4837-a3d8-8162e642ba3a,1a3dde4b-6f67-49db-ac6e-7578d0af0d95,9693a1d1-4b88-4d73-8138-b46b21e7a72c,5a3d193f-cb2b-40df-b401-d786b9e25ef8,CSO-2024-06-14,1,41500,0,0,MXN,excel_cso,Extraccion diaria de compras de gas natural para CCC Saltillo desde Consolidado CSO.xlsx.,Consolidado CSO.xlsx
14/07/2024,6bc2fbe4-3a34-4837-a3d8-8162e642ba3a,1a3dde4b-6f67-49db-ac6e-7578d0af0d95,9693a1d1-4b88-4d73-8138-b46b21e7a72c,5a3d193f-cb2b-40df-b401-d786b9e25ef8,CSO-2024-07-14,1,24000,0,0,MXN,excel_cso,Extraccion diaria de compras de gas natural para CCC Saltillo desde Consolidado CSO.xlsx.,Consolidado CSO.xlsx
14/08/2024,6bc2fbe4-3a34-4837-a3d8-8162e642ba3a,1a3dde4b-6f67-49db-ac6e-7578d0af0d95,9693a1d1-4b88-4d73-8138-b46b21e7a72c,5a3d193f-cb2b-40df-b401-d786b9e25ef8,CSO-2024-08-14,1,24000,0,0,MXN,excel_cso,Extraccion diaria de compras de gas natural para CCC Saltillo desde Consolidado CSO.xlsx.,Consolidado CSO.xlsx
14/09/2024,6bc2fbe4-3a34-4837-a3d8-8162e642ba3a,1a3dde4b-6f67-49db-ac6e-7578d0af0d95,9693a1d1-4b88-4d73-8138-b46b21e7a72c,5a3d193f-cb2b-40df-b401-d786b9e25ef8,CSO-2024-09-14,1,30000,0,0,MXN,excel_cso,Extraccion diaria de compras de gas natural para CCC Saltillo desde Consolidado CSO.xlsx.,Consolidado CSO.xlsx
14/10/2024,6bc2fbe4-3a34-4837-a3d8-8162e642ba3a,1a3dde4b-6f67-49db-ac6e-7578d0af0d95,9693a1d1-4b88-4d73-8138-b46b21e7a72c,5a3d193f-cb2b-40df-b401-d786b9e25ef8,CSO-2024-10-14,1,35000,0,0,MXN,excel_cso,Extraccion diaria de compras de gas natural para CCC Saltillo desde Consolidado CSO.xlsx.,Consolidado CSO.xlsx
14/11/2024,6bc2fbe4-3a34-4837-a3d8-8162e642ba3a,1a3dde4b-6f67-49db-ac6e-7578d0af0d95,9693a1d1-4b88-4d73-8138-b46b21e7a72c,5a3d193f-cb2b-40df-b401-d786b9e25ef8,CSO-2024-11-14,1,33000,0,0,MXN,excel_cso,Extraccion diaria de compras de gas natural para CCC Saltillo desde Consolidado CSO.xlsx.,Consolidado CSO.xlsx
14/12/2024,6bc2fbe4-3a34-4837-a3d8-8162e642ba3a,1a3dde4b-6f67-49db-ac6e-7578d0af0d95,9693a1d1-4b88-4d73-8138-b46b21e7a72c,5a3d193f-cb2b-40df-b401-d786b9e25ef8,CSO-2024-12-14,1,28000,0,0,MXN,excel_cso,Extraccion diaria de compras de gas natural para CCC Saltillo desde Consolidado CSO.xlsx.,Consolidado CSO.xlsx
15/01/2024,6bc2fbe4-3a34-4837-a3d8-8162e642ba3a,1a3dde4b-6f67-49db-ac6e-7578d0af0d95,9693a1d1-4b88-4d73-8138-b46b21e7a72c,5a3d193f-cb2b-40df-b401-d786b9e25ef8,CSO-2024-01-15,1,31000,0,0,MXN,excel_cso,Extraccion diaria de compras de gas natural para CCC Saltillo desde Consolidado CSO.xlsx.,Consolidado CSO.xlsx
15/02/2024,6bc2fbe4-3a34-4837-a3d8-8162e642ba3a,1a3dde4b-6f67-49db-ac6e-7578d0af0d95,9693a1d1-4b88-4d73-8138-b46b21e7a72c,5a3d193f-cb2b-40df-b401-d786b9e25ef8,CSO-2024-02-15,1,0,0,0,MXN,excel_cso,Extraccion diaria de compras de gas natural para CCC Saltillo desde Consolidado CSO.xlsx.,Consolidado CSO.xlsx
15/03/2024,6bc2fbe4-3a34-4837-a3d8-8162e642ba3a,1a3dde4b-6f67-49db-ac6e-7578d0af0d95,9693a1d1-4b88-4d73-8138-b46b21e7a72c,5a3d193f-cb2b-40df-b401-d786b9e25ef8,CSO-2024-03-15,1,36000,0,0,MXN,excel_cso,Extraccion diaria de compras de gas natural para CCC Saltillo desde Consolidado CSO.xlsx.,Consolidado CSO.xlsx
15/04/2024,6bc2fbe4-3a34-4837-a3d8-8162e642ba3a,1a3dde4b-6f67-49db-ac6e-7578d0af0d95,9693a1d1-4b88-4d73-8138-b46b21e7a72c,5a3d193f-cb2b-40df-b401-d786b9e25ef8,CSO-2024-04-15,1,38000,0,0,MXN,excel_cso,Extraccion diaria de compras de gas natural para CCC Saltillo desde Consolidado CSO.xlsx.,Consolidado CSO.xlsx
15/05/2024,6bc2fbe4-3a34-4837-a3d8-8162e642ba3a,1a3dde4b-6f67-49db-ac6e-7578d0af0d95,9693a1d1-4b88-4d73-8138-b46b21e7a72c,5a3d193f-cb2b-40df-b401-d786b9e25ef8,CSO-2024-05-15,1,40000,0,0,MXN,excel_cso,Extraccion diaria de compras de gas natural para CCC Saltillo desde Consolidado CSO.xlsx.,Consolidado CSO.xlsx
15/06/2024,6bc2fbe4-3a34-4837-a3d8-8162e642ba3a,1a3dde4b-6f67-49db-ac6e-7578d0af0d95,9693a1d1-4b88-4d73-8138-b46b21e7a72c,5a3d193f-cb2b-40df-b401-d786b9e25ef8,CSO-2024-06-15,1,41500,0,0,MXN,excel_cso,Extraccion diaria de compras de gas natural para CCC Saltillo desde Consolidado CSO.xlsx.,Consolidado CSO.xlsx
15/07/2024,6bc2fbe4-3a34-4837-a3d8-8162e642ba3a,1a3dde4b-6f67-49db-ac6e-7578d0af0d95,9693a1d1-4b88-4d73-8138-b46b21e7a72c,5a3d193f-cb2b-40df-b401-d786b9e25ef8,CSO-2024-07-15,1,7000,0,0,MXN,excel_cso,Extraccion diaria de compras de gas natural para CCC Saltillo desde Consolidado CSO.xlsx.,Consolidado CSO.xlsx
15/08/2024,6bc2fbe4-3a34-4837-a3d8-8162e642ba3a,1a3dde4b-6f67-49db-ac6e-7578d0af0d95,9693a1d1-4b88-4d73-8138-b46b21e7a72c,5a3d193f-cb2b-40df-b401-d786b9e25ef8,CSO-2024-08-15,1,34000,0,0,MXN,excel_cso,Extraccion diaria de compras de gas natural para CCC Saltillo desde Consolidado CSO.xlsx.,Consolidado CSO.xlsx
15/09/2024,6bc2fbe4-3a34-4837-a3d8-8162e642ba3a,1a3dde4b-6f67-49db-ac6e-7578d0af0d95,9693a1d1-4b88-4d73-8138-b46b21e7a72c,5a3d193f-cb2b-40df-b401-d786b9e25ef8,CSO-2024-09-15,1,8000,0,0,MXN,excel_cso,Extraccion diaria de compras de gas natural para CCC Saltillo desde Consolidado CSO.xlsx.,Consolidado CSO.xlsx
15/10/2024,6bc2fbe4-3a34-4837-a3d8-8162e642ba3a,1a3dde4b-6f67-49db-ac6e-7578d0af0d95,9693a1d1-4b88-4d73-8138-b46b21e7a72c,5a3d193f-cb2b-40df-b401-d786b9e25ef8,CSO-2024-10-15,1,33000,0,0,MXN,excel_cso,Extraccion diaria de compras de gas natural para CCC Saltillo desde Consolidado CSO.xlsx.,Consolidado CSO.xlsx
15/11/2024,6bc2fbe4-3a34-4837-a3d8-8162e642ba3a,1a3dde4b-6f67-49db-ac6e-7578d0af0d95,9693a1d1-4b88-4d73-8138-b46b21e7a72c,5a3d193f-cb2b-40df-b401-d786b9e25ef8,CSO-2024-11-15,1,33000,0,0,MXN,excel_cso,Extraccion diaria de compras de gas natural para CCC Saltillo desde Consolidado CSO.xlsx.,Consolidado CSO.xlsx
15/12/2024,6bc2fbe4-3a34-4837-a3d8-8162e642ba3a,1a3dde4b-6f67-49db-ac6e-7578d0af0d95,9693a1d1-4b88-4d73-8138-b46b21e7a72c,5a3d193f-cb2b-40df-b401-d786b9e25ef8,CSO-2024-12-15,1,15000,0,0,MXN,excel_cso,Extraccion diaria de compras de gas natural para CCC Saltillo desde Consolidado CSO.xlsx.,Consolidado CSO.xlsx
16/01/2024,6bc2fbe4-3a34-4837-a3d8-8162e642ba3a,1a3dde4b-6f67-49db-ac6e-7578d0af0d95,9693a1d1-4b88-4d73-8138-b46b21e7a72c,5a3d193f-cb2b-40df-b401-d786b9e25ef8,CSO-2024-01-16,1,36000,0,0,MXN,excel_cso,Extraccion diaria de compras de gas natural para CCC Saltillo desde Consolidado CSO.xlsx.,Consolidado CSO.xlsx
16/02/2024,6bc2fbe4-3a34-4837-a3d8-8162e642ba3a,1a3dde4b-6f67-49db-ac6e-7578d0af0d95,9693a1d1-4b88-4d73-8138-b46b21e7a72c,5a3d193f-cb2b-40df-b401-d786b9e25ef8,CSO-2024-02-16,1,0,0,0,MXN,excel_cso,Extraccion diaria de compras de gas natural para CCC Saltillo desde Consolidado CSO.xlsx.,Consolidado CSO.xlsx
16/03/2024,6bc2fbe4-3a34-4837-a3d8-8162e642ba3a,1a3dde4b-6f67-49db-ac6e-7578d0af0d95,9693a1d1-4b88-4d73-8138-b46b21e7a72c,5a3d193f-cb2b-40df-b401-d786b9e25ef8,CSO-2024-03-16,1,33000,0,0,MXN,excel_cso,Extraccion diaria de compras de gas natural para CCC Saltillo desde Consolidado CSO.xlsx.,Consolidado CSO.xlsx
16/04/2024,6bc2fbe4-3a34-4837-a3d8-8162e642ba3a,1a3dde4b-6f67-49db-ac6e-7578d0af0d95,9693a1d1-4b88-4d73-8138-b46b21e7a72c,5a3d193f-cb2b-40df-b401-d786b9e25ef8,CSO-2024-04-16,1,37000,0,0,MXN,excel_cso,Extraccion diaria de compras de gas natural para CCC Saltillo desde Consolidado CSO.xlsx.,Consolidado CSO.xlsx
16/05/2024,6bc2fbe4-3a34-4837-a3d8-8162e642ba3a,1a3dde4b-6f67-49db-ac6e-7578d0af0d95,9693a1d1-4b88-4d73-8138-b46b21e7a72c,5a3d193f-cb2b-40df-b401-d786b9e25ef8,CSO-2024-05-16,1,40000,0,0,MXN,excel_cso,Extraccion diaria de compras de gas natural para CCC Saltillo desde Consolidado CSO.xlsx.,Consolidado CSO.xlsx
16/06/2024,6bc2fbe4-3a34-4837-a3d8-8162e642ba3a,1a3dde4b-6f67-49db-ac6e-7578d0af0d95,9693a1d1-4b88-4d73-8138-b46b21e7a72c,5a3d193f-cb2b-40df-b401-d786b9e25ef8,CSO-2024-06-16,1,38000,0,0,MXN,excel_cso,Extraccion diaria de compras de gas natural para CCC Saltillo desde Consolidado CSO.xlsx.,Consolidado CSO.xlsx
16/07/2024,6bc2fbe4-3a34-4837-a3d8-8162e642ba3a,1a3dde4b-6f67-49db-ac6e-7578d0af0d95,9693a1d1-4b88-4d73-8138-b46b21e7a72c,5a3d193f-cb2b-40df-b401-d786b9e25ef8,CSO-2024-07-16,1,35000,0,0,MXN,excel_cso,Extraccion diaria de compras de gas natural para CCC Saltillo desde Consolidado CSO.xlsx.,Consolidado CSO.xlsx
16/08/2024,6bc2fbe4-3a34-4837-a3d8-8162e642ba3a,1a3dde4b-6f67-49db-ac6e-7578d0af0d95,9693a1d1-4b88-4d73-8138-b46b21e7a72c,5a3d193f-cb2b-40df-b401-d786b9e25ef8,CSO-2024-08-16,1,35000,0,0,MXN,excel_cso,Extraccion diaria de compras de gas natural para CCC Saltillo desde Consolidado CSO.xlsx.,Consolidado CSO.xlsx
16/09/2024,6bc2fbe4-3a34-4837-a3d8-8162e642ba3a,1a3dde4b-6f67-49db-ac6e-7578d0af0d95,9693a1d1-4b88-4d73-8138-b46b21e7a72c,5a3d193f-cb2b-40df-b401-d786b9e25ef8,CSO-2024-09-16,1,12000,0,0,MXN,excel_cso,Extraccion diaria de compras de gas natural para CCC Saltillo desde Consolidado CSO.xlsx.,Consolidado CSO.xlsx
16/10/2024,6bc2fbe4-3a34-4837-a3d8-8162e642ba3a,1a3dde4b-6f67-49db-ac6e-7578d0af0d95,9693a1d1-4b88-4d73-8138-b46b21e7a72c,5a3d193f-cb2b-40df-b401-d786b9e25ef8,CSO-2024-10-16,1,33000,0,0,MXN,excel_cso,Extraccion diaria de compras de gas natural para CCC Saltillo desde Consolidado CSO.xlsx.,Consolidado CSO.xlsx
16/11/2024,6bc2fbe4-3a34-4837-a3d8-8162e642ba3a,1a3dde4b-6f67-49db-ac6e-7578d0af0d95,9693a1d1-4b88-4d73-8138-b46b21e7a72c,5a3d193f-cb2b-40df-b401-d786b9e25ef8,CSO-2024-11-16,1,33000,0,0,MXN,excel_cso,Extraccion diaria de compras de gas natural para CCC Saltillo desde Consolidado CSO.xlsx.,Consolidado CSO.xlsx
16/12/2024,6bc2fbe4-3a34-4837-a3d8-8162e642ba3a,1a3dde4b-6f67-49db-ac6e-7578d0af0d95,9693a1d1-4b88-4d73-8138-b46b21e7a72c,5a3d193f-cb2b-40df-b401-d786b9e25ef8,CSO-2024-12-16,1,32000,0,0,MXN,excel_cso,Extraccion diaria de compras de gas natural para CCC Saltillo desde Consolidado CSO.xlsx.,Consolidado CSO.xlsx
17/01/2024,6bc2fbe4-3a34-4837-a3d8-8162e642ba3a,1a3dde4b-6f67-49db-ac6e-7578d0af0d95,9693a1d1-4b88-4d73-8138-b46b21e7a72c,5a3d193f-cb2b-40df-b401-d786b9e25ef8,CSO-2024-01-17,1,42924,0,0,MXN,excel_cso,Extraccion diaria de compras de gas natural para CCC Saltillo desde Consolidado CSO.xlsx.,Consolidado CSO.xlsx
17/02/2024,6bc2fbe4-3a34-4837-a3d8-8162e642ba3a,1a3dde4b-6f67-49db-ac6e-7578d0af0d95,9693a1d1-4b88-4d73-8138-b46b21e7a72c,5a3d193f-cb2b-40df-b401-d786b9e25ef8,CSO-2024-02-17,1,0,0,0,MXN,excel_cso,Extraccion diaria de compras de gas natural para CCC Saltillo desde Consolidado CSO.xlsx.,Consolidado CSO.xlsx
17/03/2024,6bc2fbe4-3a34-4837-a3d8-8162e642ba3a,1a3dde4b-6f67-49db-ac6e-7578d0af0d95,9693a1d1-4b88-4d73-8138-b46b21e7a72c,5a3d193f-cb2b-40df-b401-d786b9e25ef8,CSO-2024-03-17,1,35000,0,0,MXN,excel_cso,Extraccion diaria de compras de gas natural para CCC Saltillo desde Consolidado CSO.xlsx.,Consolidado CSO.xlsx
17/04/2024,6bc2fbe4-3a34-4837-a3d8-8162e642ba3a,1a3dde4b-6f67-49db-ac6e-7578d0af0d95,9693a1d1-4b88-4d73-8138-b46b21e7a72c,5a3d193f-cb2b-40df-b401-d786b9e25ef8,CSO-2024-04-17,1,41000,0,0,MXN,excel_cso,Extraccion diaria de compras de gas natural para CCC Saltillo desde Consolidado CSO.xlsx.,Consolidado CSO.xlsx
17/05/2024,6bc2fbe4-3a34-4837-a3d8-8162e642ba3a,1a3dde4b-6f67-49db-ac6e-7578d0af0d95,9693a1d1-4b88-4d73-8138-b46b21e7a72c,5a3d193f-cb2b-40df-b401-d786b9e25ef8,CSO-2024-05-17,1,41529,0,0,MXN,excel_cso,Extraccion diaria de compras de gas natural para CCC Saltillo desde Consolidado CSO.xlsx.,Consolidado CSO.xlsx
17/06/2024,6bc2fbe4-3a34-4837-a3d8-8162e642ba3a,1a3dde4b-6f67-49db-ac6e-7578d0af0d95,9693a1d1-4b88-4d73-8138-b46b21e7a72c,5a3d193f-cb2b-40df-b401-d786b9e25ef8,CSO-2024-06-17,1,41500,0,0,MXN,excel_cso,Extraccion diaria de compras de gas natural para CCC Saltillo desde Consolidado CSO.xlsx.,Consolidado CSO.xlsx
17/07/2024,6bc2fbe4-3a34-4837-a3d8-8162e642ba3a,1a3dde4b-6f67-49db-ac6e-7578d0af0d95,9693a1d1-4b88-4d73-8138-b46b21e7a72c,5a3d193f-cb2b-40df-b401-d786b9e25ef8,CSO-2024-07-17,1,33000,0,0,MXN,excel_cso,Extraccion diaria de compras de gas natural para CCC Saltillo desde Consolidado CSO.xlsx.,Consolidado CSO.xlsx
17/08/2024,6bc2fbe4-3a34-4837-a3d8-8162e642ba3a,1a3dde4b-6f67-49db-ac6e-7578d0af0d95,9693a1d1-4b88-4d73-8138-b46b21e7a72c,5a3d193f-cb2b-40df-b401-d786b9e25ef8,CSO-2024-08-17,1,34000,0,0,MXN,excel_cso,Extraccion diaria de compras de gas natural para CCC Saltillo desde Consolidado CSO.xlsx.,Consolidado CSO.xlsx
17/09/2024,6bc2fbe4-3a34-4837-a3d8-8162e642ba3a,1a3dde4b-6f67-49db-ac6e-7578d0af0d95,9693a1d1-4b88-4d73-8138-b46b21e7a72c,5a3d193f-cb2b-40df-b401-d786b9e25ef8,CSO-2024-09-17,1,46500,0,0,MXN,excel_cso,Extraccion diaria de compras de gas natural para CCC Saltillo desde Consolidado CSO.xlsx.,Consolidado CSO.xlsx
17/10/2024,6bc2fbe4-3a34-4837-a3d8-8162e642ba3a,1a3dde4b-6f67-49db-ac6e-7578d0af0d95,9693a1d1-4b88-4d73-8138-b46b21e7a72c,5a3d193f-cb2b-40df-b401-d786b9e25ef8,CSO-2024-10-17,1,35000,0,0,MXN,excel_cso,Extraccion diaria de compras de gas natural para CCC Saltillo desde Consolidado CSO.xlsx.,Consolidado CSO.xlsx
17/11/2024,6bc2fbe4-3a34-4837-a3d8-8162e642ba3a,1a3dde4b-6f67-49db-ac6e-7578d0af0d95,9693a1d1-4b88-4d73-8138-b46b21e7a72c,5a3d193f-cb2b-40df-b401-d786b9e25ef8,CSO-2024-11-17,1,20000,0,0,MXN,excel_cso,Extraccion diaria de compras de gas natural para CCC Saltillo desde Consolidado CSO.xlsx.,Consolidado CSO.xlsx
17/12/2024,6bc2fbe4-3a34-4837-a3d8-8162e642ba3a,1a3dde4b-6f67-49db-ac6e-7578d0af0d95,9693a1d1-4b88-4d73-8138-b46b21e7a72c,5a3d193f-cb2b-40df-b401-d786b9e25ef8,CSO-2024-12-17,1,30000,0,0,MXN,excel_cso,Extraccion diaria de compras de gas natural para CCC Saltillo desde Consolidado CSO.xlsx.,Consolidado CSO.xlsx
18/01/2024,6bc2fbe4-3a34-4837-a3d8-8162e642ba3a,1a3dde4b-6f67-49db-ac6e-7578d0af0d95,9693a1d1-4b88-4d73-8138-b46b21e7a72c,5a3d193f-cb2b-40df-b401-d786b9e25ef8,CSO-2024-01-18,1,36000,0,0,MXN,excel_cso,Extraccion diaria de compras de gas natural para CCC Saltillo desde Consolidado CSO.xlsx.,Consolidado CSO.xlsx
18/02/2024,6bc2fbe4-3a34-4837-a3d8-8162e642ba3a,1a3dde4b-6f67-49db-ac6e-7578d0af0d95,9693a1d1-4b88-4d73-8138-b46b21e7a72c,5a3d193f-cb2b-40df-b401-d786b9e25ef8,CSO-2024-02-18,1,3000,0,0,MXN,excel_cso,Extraccion diaria de compras de gas natural para CCC Saltillo desde Consolidado CSO.xlsx.,Consolidado CSO.xlsx
18/03/2024,6bc2fbe4-3a34-4837-a3d8-8162e642ba3a,1a3dde4b-6f67-49db-ac6e-7578d0af0d95,9693a1d1-4b88-4d73-8138-b46b21e7a72c,5a3d193f-cb2b-40df-b401-d786b9e25ef8,CSO-2024-03-18,1,7000,0,0,MXN,excel_cso,Extraccion diaria de compras de gas natural para CCC Saltillo desde Consolidado CSO.xlsx.,Consolidado CSO.xlsx
18/04/2024,6bc2fbe4-3a34-4837-a3d8-8162e642ba3a,1a3dde4b-6f67-49db-ac6e-7578d0af0d95,9693a1d1-4b88-4d73-8138-b46b21e7a72c,5a3d193f-cb2b-40df-b401-d786b9e25ef8,CSO-2024-04-18,1,40000,0,0,MXN,excel_cso,Extraccion diaria de compras de gas natural para CCC Saltillo desde Consolidado CSO.xlsx.,Consolidado CSO.xlsx
18/05/2024,6bc2fbe4-3a34-4837-a3d8-8162e642ba3a,1a3dde4b-6f67-49db-ac6e-7578d0af0d95,9693a1d1-4b88-4d73-8138-b46b21e7a72c,5a3d193f-cb2b-40df-b401-d786b9e25ef8,CSO-2024-05-18,1,45000,0,0,MXN,excel_cso,Extraccion diaria de compras de gas natural para CCC Saltillo desde Consolidado CSO.xlsx.,Consolidado CSO.xlsx
18/06/2024,6bc2fbe4-3a34-4837-a3d8-8162e642ba3a,1a3dde4b-6f67-49db-ac6e-7578d0af0d95,9693a1d1-4b88-4d73-8138-b46b21e7a72c,5a3d193f-cb2b-40df-b401-d786b9e25ef8,CSO-2024-06-18,1,41500,0,0,MXN,excel_cso,Extraccion diaria de compras de gas natural para CCC Saltillo desde Consolidado CSO.xlsx.,Consolidado CSO.xlsx
18/07/2024,6bc2fbe4-3a34-4837-a3d8-8162e642ba3a,1a3dde4b-6f67-49db-ac6e-7578d0af0d95,9693a1d1-4b88-4d73-8138-b46b21e7a72c,5a3d193f-cb2b-40df-b401-d786b9e25ef8,CSO-2024-07-18,1,33000,0,0,MXN,excel_cso,Extraccion diaria de compras de gas natural para CCC Saltillo desde Consolidado CSO.xlsx.,Consolidado CSO.xlsx
18/08/2024,6bc2fbe4-3a34-4837-a3d8-8162e642ba3a,1a3dde4b-6f67-49db-ac6e-7578d0af0d95,9693a1d1-4b88-4d73-8138-b46b21e7a72c,5a3d193f-cb2b-40df-b401-d786b9e25ef8,CSO-2024-08-18,1,34000,0,0,MXN,excel_cso,Extraccion diaria de compras de gas natural para CCC Saltillo desde Consolidado CSO.xlsx.,Consolidado CSO.xlsx
18/09/2024,6bc2fbe4-3a34-4837-a3d8-8162e642ba3a,1a3dde4b-6f67-49db-ac6e-7578d0af0d95,9693a1d1-4b88-4d73-8138-b46b21e7a72c,5a3d193f-cb2b-40df-b401-d786b9e25ef8,CSO-2024-09-18,1,32588,0,0,MXN,excel_cso,Extraccion diaria de compras de gas natural para CCC Saltillo desde Consolidado CSO.xlsx.,Consolidado CSO.xlsx
18/10/2024,6bc2fbe4-3a34-4837-a3d8-8162e642ba3a,1a3dde4b-6f67-49db-ac6e-7578d0af0d95,9693a1d1-4b88-4d73-8138-b46b21e7a72c,5a3d193f-cb2b-40df-b401-d786b9e25ef8,CSO-2024-10-18,1,35000,0,0,MXN,excel_cso,Extraccion diaria de compras de gas natural para CCC Saltillo desde Consolidado CSO.xlsx.,Consolidado CSO.xlsx
18/11/2024,6bc2fbe4-3a34-4837-a3d8-8162e642ba3a,1a3dde4b-6f67-49db-ac6e-7578d0af0d95,9693a1d1-4b88-4d73-8138-b46b21e7a72c,5a3d193f-cb2b-40df-b401-d786b9e25ef8,CSO-2024-11-18,1,18000,0,0,MXN,excel_cso,Extraccion diaria de compras de gas natural para CCC Saltillo desde Consolidado CSO.xlsx.,Consolidado CSO.xlsx
18/12/2024,6bc2fbe4-3a34-4837-a3d8-8162e642ba3a,1a3dde4b-6f67-49db-ac6e-7578d0af0d95,9693a1d1-4b88-4d73-8138-b46b21e7a72c,5a3d193f-cb2b-40df-b401-d786b9e25ef8,CSO-2024-12-18,1,35000,0,0,MXN,excel_cso,Extraccion diaria de compras de gas natural para CCC Saltillo desde Consolidado CSO.xlsx.,Consolidado CSO.xlsx
19/01/2024,6bc2fbe4-3a34-4837-a3d8-8162e642ba3a,1a3dde4b-6f67-49db-ac6e-7578d0af0d95,9693a1d1-4b88-4d73-8138-b46b21e7a72c,5a3d193f-cb2b-40df-b401-d786b9e25ef8,CSO-2024-01-19,1,34000,0,0,MXN,excel_cso,Extraccion diaria de compras de gas natural para CCC Saltillo desde Consolidado CSO.xlsx.,Consolidado CSO.xlsx
19/02/2024,6bc2fbe4-3a34-4837-a3d8-8162e642ba3a,1a3dde4b-6f67-49db-ac6e-7578d0af0d95,9693a1d1-4b88-4d73-8138-b46b21e7a72c,5a3d193f-cb2b-40df-b401-d786b9e25ef8,CSO-2024-02-19,1,8000,0,0,MXN,excel_cso,Extraccion diaria de compras de gas natural para CCC Saltillo desde Consolidado CSO.xlsx.,Consolidado CSO.xlsx
19/03/2024,6bc2fbe4-3a34-4837-a3d8-8162e642ba3a,1a3dde4b-6f67-49db-ac6e-7578d0af0d95,9693a1d1-4b88-4d73-8138-b46b21e7a72c,5a3d193f-cb2b-40df-b401-d786b9e25ef8,CSO-2024-03-19,1,36000,0,0,MXN,excel_cso,Extraccion diaria de compras de gas natural para CCC Saltillo desde Consolidado CSO.xlsx.,Consolidado CSO.xlsx
19/04/2024,6bc2fbe4-3a34-4837-a3d8-8162e642ba3a,1a3dde4b-6f67-49db-ac6e-7578d0af0d95,9693a1d1-4b88-4d73-8138-b46b21e7a72c,5a3d193f-cb2b-40df-b401-d786b9e25ef8,CSO-2024-04-19,1,40000,0,0,MXN,excel_cso,Extraccion diaria de compras de gas natural para CCC Saltillo desde Consolidado CSO.xlsx.,Consolidado CSO.xlsx
19/05/2024,6bc2fbe4-3a34-4837-a3d8-8162e642ba3a,1a3dde4b-6f67-49db-ac6e-7578d0af0d95,9693a1d1-4b88-4d73-8138-b46b21e7a72c,5a3d193f-cb2b-40df-b401-d786b9e25ef8,CSO-2024-05-19,1,35000,0,0,MXN,excel_cso,Extraccion diaria de compras de gas natural para CCC Saltillo desde Consolidado CSO.xlsx.,Consolidado CSO.xlsx
19/06/2024,6bc2fbe4-3a34-4837-a3d8-8162e642ba3a,1a3dde4b-6f67-49db-ac6e-7578d0af0d95,9693a1d1-4b88-4d73-8138-b46b21e7a72c,5a3d193f-cb2b-40df-b401-d786b9e25ef8,CSO-2024-06-19,1,41500,0,0,MXN,excel_cso,Extraccion diaria de compras de gas natural para CCC Saltillo desde Consolidado CSO.xlsx.,Consolidado CSO.xlsx
19/07/2024,6bc2fbe4-3a34-4837-a3d8-8162e642ba3a,1a3dde4b-6f67-49db-ac6e-7578d0af0d95,9693a1d1-4b88-4d73-8138-b46b21e7a72c,5a3d193f-cb2b-40df-b401-d786b9e25ef8,CSO-2024-07-19,1,37000,0,0,MXN,excel_cso,Extraccion diaria de compras de gas natural para CCC Saltillo desde Consolidado CSO.xlsx.,Consolidado CSO.xlsx
19/08/2024,6bc2fbe4-3a34-4837-a3d8-8162e642ba3a,1a3dde4b-6f67-49db-ac6e-7578d0af0d95,9693a1d1-4b88-4d73-8138-b46b21e7a72c,5a3d193f-cb2b-40df-b401-d786b9e25ef8,CSO-2024-08-19,1,34000,0,0,MXN,excel_cso,Extraccion diaria de compras de gas natural para CCC Saltillo desde Consolidado CSO.xlsx.,Consolidado CSO.xlsx
19/09/2024,6bc2fbe4-3a34-4837-a3d8-8162e642ba3a,1a3dde4b-6f67-49db-ac6e-7578d0af0d95,9693a1d1-4b88-4d73-8138-b46b21e7a72c,5a3d193f-cb2b-40df-b401-d786b9e25ef8,CSO-2024-09-19,1,46347,0,0,MXN,excel_cso,Extraccion diaria de compras de gas natural para CCC Saltillo desde Consolidado CSO.xlsx.,Consolidado CSO.xlsx
19/10/2024,6bc2fbe4-3a34-4837-a3d8-8162e642ba3a,1a3dde4b-6f67-49db-ac6e-7578d0af0d95,9693a1d1-4b88-4d73-8138-b46b21e7a72c,5a3d193f-cb2b-40df-b401-d786b9e25ef8,CSO-2024-10-19,1,40000,0,0,MXN,excel_cso,Extraccion diaria de compras de gas natural para CCC Saltillo desde Consolidado CSO.xlsx.,Consolidado CSO.xlsx
19/11/2024,6bc2fbe4-3a34-4837-a3d8-8162e642ba3a,1a3dde4b-6f67-49db-ac6e-7578d0af0d95,9693a1d1-4b88-4d73-8138-b46b21e7a72c,5a3d193f-cb2b-40df-b401-d786b9e25ef8,CSO-2024-11-19,1,34000,0,0,MXN,excel_cso,Extraccion diaria de compras de gas natural para CCC Saltillo desde Consolidado CSO.xlsx.,Consolidado CSO.xlsx
19/12/2024,6bc2fbe4-3a34-4837-a3d8-8162e642ba3a,1a3dde4b-6f67-49db-ac6e-7578d0af0d95,9693a1d1-4b88-4d73-8138-b46b21e7a72c,5a3d193f-cb2b-40df-b401-d786b9e25ef8,CSO-2024-12-19,1,35000,0,0,MXN,excel_cso,Extraccion diaria de compras de gas natural para CCC Saltillo desde Consolidado CSO.xlsx.,Consolidado CSO.xlsx
20/01/2024,6bc2fbe4-3a34-4837-a3d8-8162e642ba3a,1a3dde4b-6f67-49db-ac6e-7578d0af0d95,9693a1d1-4b88-4d73-8138-b46b21e7a72c,5a3d193f-cb2b-40df-b401-d786b9e25ef8,CSO-2024-01-20,1,35000,0,0,MXN,excel_cso,Extraccion diaria de compras de gas natural para CCC Saltillo desde Consolidado CSO.xlsx.,Consolidado CSO.xlsx
20/02/2024,6bc2fbe4-3a34-4837-a3d8-8162e642ba3a,1a3dde4b-6f67-49db-ac6e-7578d0af0d95,9693a1d1-4b88-4d73-8138-b46b21e7a72c,5a3d193f-cb2b-40df-b401-d786b9e25ef8,CSO-2024-02-20,1,0,0,0,MXN,excel_cso,Extraccion diaria de compras de gas natural para CCC Saltillo desde Consolidado CSO.xlsx.,Consolidado CSO.xlsx
20/03/2024,6bc2fbe4-3a34-4837-a3d8-8162e642ba3a,1a3dde4b-6f67-49db-ac6e-7578d0af0d95,9693a1d1-4b88-4d73-8138-b46b21e7a72c,5a3d193f-cb2b-40df-b401-d786b9e25ef8,CSO-2024-03-20,1,36000,0,0,MXN,excel_cso,Extraccion diaria de compras de gas natural para CCC Saltillo desde Consolidado CSO.xlsx.,Consolidado CSO.xlsx
20/04/2024,6bc2fbe4-3a34-4837-a3d8-8162e642ba3a,1a3dde4b-6f67-49db-ac6e-7578d0af0d95,9693a1d1-4b88-4d73-8138-b46b21e7a72c,5a3d193f-cb2b-40df-b401-d786b9e25ef8,CSO-2024-04-20,1,33000,0,0,MXN,excel_cso,Extraccion diaria de compras de gas natural para CCC Saltillo desde Consolidado CSO.xlsx.,Consolidado CSO.xlsx
20/05/2024,6bc2fbe4-3a34-4837-a3d8-8162e642ba3a,1a3dde4b-6f67-49db-ac6e-7578d0af0d95,9693a1d1-4b88-4d73-8138-b46b21e7a72c,5a3d193f-cb2b-40df-b401-d786b9e25ef8,CSO-2024-05-20,1,40000,0,0,MXN,excel_cso,Extraccion diaria de compras de gas natural para CCC Saltillo desde Consolidado CSO.xlsx.,Consolidado CSO.xlsx
20/06/2024,6bc2fbe4-3a34-4837-a3d8-8162e642ba3a,1a3dde4b-6f67-49db-ac6e-7578d0af0d95,9693a1d1-4b88-4d73-8138-b46b21e7a72c,5a3d193f-cb2b-40df-b401-d786b9e25ef8,CSO-2024-06-20,1,27673,0,0,MXN,excel_cso,Extraccion diaria de compras de gas natural para CCC Saltillo desde Consolidado CSO.xlsx.,Consolidado CSO.xlsx
20/07/2024,6bc2fbe4-3a34-4837-a3d8-8162e642ba3a,1a3dde4b-6f67-49db-ac6e-7578d0af0d95,9693a1d1-4b88-4d73-8138-b46b21e7a72c,5a3d193f-cb2b-40df-b401-d786b9e25ef8,CSO-2024-07-20,1,30000,0,0,MXN,excel_cso,Extraccion diaria de compras de gas natural para CCC Saltillo desde Consolidado CSO.xlsx.,Consolidado CSO.xlsx
20/08/2024,6bc2fbe4-3a34-4837-a3d8-8162e642ba3a,1a3dde4b-6f67-49db-ac6e-7578d0af0d95,9693a1d1-4b88-4d73-8138-b46b21e7a72c,5a3d193f-cb2b-40df-b401-d786b9e25ef8,CSO-2024-08-20,1,28473,0,0,MXN,excel_cso,Extraccion diaria de compras de gas natural para CCC Saltillo desde Consolidado CSO.xlsx.,Consolidado CSO.xlsx
20/09/2024,6bc2fbe4-3a34-4837-a3d8-8162e642ba3a,1a3dde4b-6f67-49db-ac6e-7578d0af0d95,9693a1d1-4b88-4d73-8138-b46b21e7a72c,5a3d193f-cb2b-40df-b401-d786b9e25ef8,CSO-2024-09-20,1,45000,0,0,MXN,excel_cso,Extraccion diaria de compras de gas natural para CCC Saltillo desde Consolidado CSO.xlsx.,Consolidado CSO.xlsx
20/10/2024,6bc2fbe4-3a34-4837-a3d8-8162e642ba3a,1a3dde4b-6f67-49db-ac6e-7578d0af0d95,9693a1d1-4b88-4d73-8138-b46b21e7a72c,5a3d193f-cb2b-40df-b401-d786b9e25ef8,CSO-2024-10-20,1,30000,0,0,MXN,excel_cso,Extraccion diaria de compras de gas natural para CCC Saltillo desde Consolidado CSO.xlsx.,Consolidado CSO.xlsx
20/11/2024,6bc2fbe4-3a34-4837-a3d8-8162e642ba3a,1a3dde4b-6f67-49db-ac6e-7578d0af0d95,9693a1d1-4b88-4d73-8138-b46b21e7a72c,5a3d193f-cb2b-40df-b401-d786b9e25ef8,CSO-2024-11-20,1,34000,0,0,MXN,excel_cso,Extraccion diaria de compras de gas natural para CCC Saltillo desde Consolidado CSO.xlsx.,Consolidado CSO.xlsx
20/12/2024,6bc2fbe4-3a34-4837-a3d8-8162e642ba3a,1a3dde4b-6f67-49db-ac6e-7578d0af0d95,9693a1d1-4b88-4d73-8138-b46b21e7a72c,5a3d193f-cb2b-40df-b401-d786b9e25ef8,CSO-2024-12-20,1,30000,0,0,MXN,excel_cso,Extraccion diaria de compras de gas natural para CCC Saltillo desde Consolidado CSO.xlsx.,Consolidado CSO.xlsx
21/01/2024,6bc2fbe4-3a34-4837-a3d8-8162e642ba3a,1a3dde4b-6f67-49db-ac6e-7578d0af0d95,9693a1d1-4b88-4d73-8138-b46b21e7a72c,5a3d193f-cb2b-40df-b401-d786b9e25ef8,CSO-2024-01-21,1,27000,0,0,MXN,excel_cso,Extraccion diaria de compras de gas natural para CCC Saltillo desde Consolidado CSO.xlsx.,Consolidado CSO.xlsx
21/02/2024,6bc2fbe4-3a34-4837-a3d8-8162e642ba3a,1a3dde4b-6f67-49db-ac6e-7578d0af0d95,9693a1d1-4b88-4d73-8138-b46b21e7a72c,5a3d193f-cb2b-40df-b401-d786b9e25ef8,CSO-2024-02-21,1,15000,0,0,MXN,excel_cso,Extraccion diaria de compras de gas natural para CCC Saltillo desde Consolidado CSO.xlsx.,Consolidado CSO.xlsx
21/03/2024,6bc2fbe4-3a34-4837-a3d8-8162e642ba3a,1a3dde4b-6f67-49db-ac6e-7578d0af0d95,9693a1d1-4b88-4d73-8138-b46b21e7a72c,5a3d193f-cb2b-40df-b401-d786b9e25ef8,CSO-2024-03-21,1,35000,0,0,MXN,excel_cso,Extraccion diaria de compras de gas natural para CCC Saltillo desde Consolidado CSO.xlsx.,Consolidado CSO.xlsx
21/04/2024,6bc2fbe4-3a34-4837-a3d8-8162e642ba3a,1a3dde4b-6f67-49db-ac6e-7578d0af0d95,9693a1d1-4b88-4d73-8138-b46b21e7a72c,5a3d193f-cb2b-40df-b401-d786b9e25ef8,CSO-2024-04-21,1,26000,0,0,MXN,excel_cso,Extraccion diaria de compras de gas natural para CCC Saltillo desde Consolidado CSO.xlsx.,Consolidado CSO.xlsx
21/05/2024,6bc2fbe4-3a34-4837-a3d8-8162e642ba3a,1a3dde4b-6f67-49db-ac6e-7578d0af0d95,9693a1d1-4b88-4d73-8138-b46b21e7a72c,5a3d193f-cb2b-40df-b401-d786b9e25ef8,CSO-2024-05-21,1,41501,0,0,MXN,excel_cso,Extraccion diaria de compras de gas natural para CCC Saltillo desde Consolidado CSO.xlsx.,Consolidado CSO.xlsx
21/06/2024,6bc2fbe4-3a34-4837-a3d8-8162e642ba3a,1a3dde4b-6f67-49db-ac6e-7578d0af0d95,9693a1d1-4b88-4d73-8138-b46b21e7a72c,5a3d193f-cb2b-40df-b401-d786b9e25ef8,CSO-2024-06-21,1,32000,0,0,MXN,excel_cso,Extraccion diaria de compras de gas natural para CCC Saltillo desde Consolidado CSO.xlsx.,Consolidado CSO.xlsx
21/07/2024,6bc2fbe4-3a34-4837-a3d8-8162e642ba3a,1a3dde4b-6f67-49db-ac6e-7578d0af0d95,9693a1d1-4b88-4d73-8138-b46b21e7a72c,5a3d193f-cb2b-40df-b401-d786b9e25ef8,CSO-2024-07-21,1,30000,0,0,MXN,excel_cso,Extraccion diaria de compras de gas natural para CCC Saltillo desde Consolidado CSO.xlsx.,Consolidado CSO.xlsx
21/08/2024,6bc2fbe4-3a34-4837-a3d8-8162e642ba3a,1a3dde4b-6f67-49db-ac6e-7578d0af0d95,9693a1d1-4b88-4d73-8138-b46b21e7a72c,5a3d193f-cb2b-40df-b401-d786b9e25ef8,CSO-2024-08-21,1,31000,0,0,MXN,excel_cso,Extraccion diaria de compras de gas natural para CCC Saltillo desde Consolidado CSO.xlsx.,Consolidado CSO.xlsx
21/09/2024,6bc2fbe4-3a34-4837-a3d8-8162e642ba3a,1a3dde4b-6f67-49db-ac6e-7578d0af0d95,9693a1d1-4b88-4d73-8138-b46b21e7a72c,5a3d193f-cb2b-40df-b401-d786b9e25ef8,CSO-2024-09-21,1,7000,0,0,MXN,excel_cso,Extraccion diaria de compras de gas natural para CCC Saltillo desde Consolidado CSO.xlsx.,Consolidado CSO.xlsx
21/10/2024,6bc2fbe4-3a34-4837-a3d8-8162e642ba3a,1a3dde4b-6f67-49db-ac6e-7578d0af0d95,9693a1d1-4b88-4d73-8138-b46b21e7a72c,5a3d193f-cb2b-40df-b401-d786b9e25ef8,CSO-2024-10-21,1,15000,0,0,MXN,excel_cso,Extraccion diaria de compras de gas natural para CCC Saltillo desde Consolidado CSO.xlsx.,Consolidado CSO.xlsx
21/11/2024,6bc2fbe4-3a34-4837-a3d8-8162e642ba3a,1a3dde4b-6f67-49db-ac6e-7578d0af0d95,9693a1d1-4b88-4d73-8138-b46b21e7a72c,5a3d193f-cb2b-40df-b401-d786b9e25ef8,CSO-2024-11-21,1,34000,0,0,MXN,excel_cso,Extraccion diaria de compras de gas natural para CCC Saltillo desde Consolidado CSO.xlsx.,Consolidado CSO.xlsx
21/12/2024,6bc2fbe4-3a34-4837-a3d8-8162e642ba3a,1a3dde4b-6f67-49db-ac6e-7578d0af0d95,9693a1d1-4b88-4d73-8138-b46b21e7a72c,5a3d193f-cb2b-40df-b401-d786b9e25ef8,CSO-2024-12-21,1,27000,0,0,MXN,excel_cso,Extraccion diaria de compras de gas natural para CCC Saltillo desde Consolidado CSO.xlsx.,Consolidado CSO.xlsx
22/01/2024,6bc2fbe4-3a34-4837-a3d8-8162e642ba3a,1a3dde4b-6f67-49db-ac6e-7578d0af0d95,9693a1d1-4b88-4d73-8138-b46b21e7a72c,5a3d193f-cb2b-40df-b401-d786b9e25ef8,CSO-2024-01-22,1,38000,0,0,MXN,excel_cso,Extraccion diaria de compras de gas natural para CCC Saltillo desde Consolidado CSO.xlsx.,Consolidado CSO.xlsx
22/02/2024,6bc2fbe4-3a34-4837-a3d8-8162e642ba3a,1a3dde4b-6f67-49db-ac6e-7578d0af0d95,9693a1d1-4b88-4d73-8138-b46b21e7a72c,5a3d193f-cb2b-40df-b401-d786b9e25ef8,CSO-2024-02-22,1,0,0,0,MXN,excel_cso,Extraccion diaria de compras de gas natural para CCC Saltillo desde Consolidado CSO.xlsx.,Consolidado CSO.xlsx
22/03/2024,6bc2fbe4-3a34-4837-a3d8-8162e642ba3a,1a3dde4b-6f67-49db-ac6e-7578d0af0d95,9693a1d1-4b88-4d73-8138-b46b21e7a72c,5a3d193f-cb2b-40df-b401-d786b9e25ef8,CSO-2024-03-22,1,38000,0,0,MXN,excel_cso,Extraccion diaria de compras de gas natural para CCC Saltillo desde Consolidado CSO.xlsx.,Consolidado CSO.xlsx
22/04/2024,6bc2fbe4-3a34-4837-a3d8-8162e642ba3a,1a3dde4b-6f67-49db-ac6e-7578d0af0d95,9693a1d1-4b88-4d73-8138-b46b21e7a72c,5a3d193f-cb2b-40df-b401-d786b9e25ef8,CSO-2024-04-22,1,36000,0,0,MXN,excel_cso,Extraccion diaria de compras de gas natural para CCC Saltillo desde Consolidado CSO.xlsx.,Consolidado CSO.xlsx
22/05/2024,6bc2fbe4-3a34-4837-a3d8-8162e642ba3a,1a3dde4b-6f67-49db-ac6e-7578d0af0d95,9693a1d1-4b88-4d73-8138-b46b21e7a72c,5a3d193f-cb2b-40df-b401-d786b9e25ef8,CSO-2024-05-22,1,41500,0,0,MXN,excel_cso,Extraccion diaria de compras de gas natural para CCC Saltillo desde Consolidado CSO.xlsx.,Consolidado CSO.xlsx
22/06/2024,6bc2fbe4-3a34-4837-a3d8-8162e642ba3a,1a3dde4b-6f67-49db-ac6e-7578d0af0d95,9693a1d1-4b88-4d73-8138-b46b21e7a72c,5a3d193f-cb2b-40df-b401-d786b9e25ef8,CSO-2024-06-22,1,35000,0,0,MXN,excel_cso,Extraccion diaria de compras de gas natural para CCC Saltillo desde Consolidado CSO.xlsx.,Consolidado CSO.xlsx
22/07/2024,6bc2fbe4-3a34-4837-a3d8-8162e642ba3a,1a3dde4b-6f67-49db-ac6e-7578d0af0d95,9693a1d1-4b88-4d73-8138-b46b21e7a72c,5a3d193f-cb2b-40df-b401-d786b9e25ef8,CSO-2024-07-22,1,33000,0,0,MXN,excel_cso,Extraccion diaria de compras de gas natural para CCC Saltillo desde Consolidado CSO.xlsx.,Consolidado CSO.xlsx
22/08/2024,6bc2fbe4-3a34-4837-a3d8-8162e642ba3a,1a3dde4b-6f67-49db-ac6e-7578d0af0d95,9693a1d1-4b88-4d73-8138-b46b21e7a72c,5a3d193f-cb2b-40df-b401-d786b9e25ef8,CSO-2024-08-22,1,36000,0,0,MXN,excel_cso,Extraccion diaria de compras de gas natural para CCC Saltillo desde Consolidado CSO.xlsx.,Consolidado CSO.xlsx
22/09/2024,6bc2fbe4-3a34-4837-a3d8-8162e642ba3a,1a3dde4b-6f67-49db-ac6e-7578d0af0d95,9693a1d1-4b88-4d73-8138-b46b21e7a72c,5a3d193f-cb2b-40df-b401-d786b9e25ef8,CSO-2024-09-22,1,23000,0,0,MXN,excel_cso,Extraccion diaria de compras de gas natural para CCC Saltillo desde Consolidado CSO.xlsx.,Consolidado CSO.xlsx
22/10/2024,6bc2fbe4-3a34-4837-a3d8-8162e642ba3a,1a3dde4b-6f67-49db-ac6e-7578d0af0d95,9693a1d1-4b88-4d73-8138-b46b21e7a72c,5a3d193f-cb2b-40df-b401-d786b9e25ef8,CSO-2024-10-22,1,35000,0,0,MXN,excel_cso,Extraccion diaria de compras de gas natural para CCC Saltillo desde Consolidado CSO.xlsx.,Consolidado CSO.xlsx
22/11/2024,6bc2fbe4-3a34-4837-a3d8-8162e642ba3a,1a3dde4b-6f67-49db-ac6e-7578d0af0d95,9693a1d1-4b88-4d73-8138-b46b21e7a72c,5a3d193f-cb2b-40df-b401-d786b9e25ef8,CSO-2024-11-22,1,34000,0,0,MXN,excel_cso,Extraccion diaria de compras de gas natural para CCC Saltillo desde Consolidado CSO.xlsx.,Consolidado CSO.xlsx
22/12/2024,6bc2fbe4-3a34-4837-a3d8-8162e642ba3a,1a3dde4b-6f67-49db-ac6e-7578d0af0d95,9693a1d1-4b88-4d73-8138-b46b21e7a72c,5a3d193f-cb2b-40df-b401-d786b9e25ef8,CSO-2024-12-22,1,10000,0,0,MXN,excel_cso,Extraccion diaria de compras de gas natural para CCC Saltillo desde Consolidado CSO.xlsx.,Consolidado CSO.xlsx
23/01/2024,6bc2fbe4-3a34-4837-a3d8-8162e642ba3a,1a3dde4b-6f67-49db-ac6e-7578d0af0d95,9693a1d1-4b88-4d73-8138-b46b21e7a72c,5a3d193f-cb2b-40df-b401-d786b9e25ef8,CSO-2024-01-23,1,35000,0,0,MXN,excel_cso,Extraccion diaria de compras de gas natural para CCC Saltillo desde Consolidado CSO.xlsx.,Consolidado CSO.xlsx
23/02/2024,6bc2fbe4-3a34-4837-a3d8-8162e642ba3a,1a3dde4b-6f67-49db-ac6e-7578d0af0d95,9693a1d1-4b88-4d73-8138-b46b21e7a72c,5a3d193f-cb2b-40df-b401-d786b9e25ef8,CSO-2024-02-23,1,28000,0,0,MXN,excel_cso,Extraccion diaria de compras de gas natural para CCC Saltillo desde Consolidado CSO.xlsx.,Consolidado CSO.xlsx
23/03/2024,6bc2fbe4-3a34-4837-a3d8-8162e642ba3a,1a3dde4b-6f67-49db-ac6e-7578d0af0d95,9693a1d1-4b88-4d73-8138-b46b21e7a72c,5a3d193f-cb2b-40df-b401-d786b9e25ef8,CSO-2024-03-23,1,37000,0,0,MXN,excel_cso,Extraccion diaria de compras de gas natural para CCC Saltillo desde Consolidado CSO.xlsx.,Consolidado CSO.xlsx
23/04/2024,6bc2fbe4-3a34-4837-a3d8-8162e642ba3a,1a3dde4b-6f67-49db-ac6e-7578d0af0d95,9693a1d1-4b88-4d73-8138-b46b21e7a72c,5a3d193f-cb2b-40df-b401-d786b9e25ef8,CSO-2024-04-23,1,40000,0,0,MXN,excel_cso,Extraccion diaria de compras de gas natural para CCC Saltillo desde Consolidado CSO.xlsx.,Consolidado CSO.xlsx
23/05/2024,6bc2fbe4-3a34-4837-a3d8-8162e642ba3a,1a3dde4b-6f67-49db-ac6e-7578d0af0d95,9693a1d1-4b88-4d73-8138-b46b21e7a72c,5a3d193f-cb2b-40df-b401-d786b9e25ef8,CSO-2024-05-23,1,41500,0,0,MXN,excel_cso,Extraccion diaria de compras de gas natural para CCC Saltillo desde Consolidado CSO.xlsx.,Consolidado CSO.xlsx
23/06/2024,6bc2fbe4-3a34-4837-a3d8-8162e642ba3a,1a3dde4b-6f67-49db-ac6e-7578d0af0d95,9693a1d1-4b88-4d73-8138-b46b21e7a72c,5a3d193f-cb2b-40df-b401-d786b9e25ef8,CSO-2024-06-23,1,35000,0,0,MXN,excel_cso,Extraccion diaria de compras de gas natural para CCC Saltillo desde Consolidado CSO.xlsx.,Consolidado CSO.xlsx
23/07/2024,6bc2fbe4-3a34-4837-a3d8-8162e642ba3a,1a3dde4b-6f67-49db-ac6e-7578d0af0d95,9693a1d1-4b88-4d73-8138-b46b21e7a72c,5a3d193f-cb2b-40df-b401-d786b9e25ef8,CSO-2024-07-23,1,35000,0,0,MXN,excel_cso,Extraccion diaria de compras de gas natural para CCC Saltillo desde Consolidado CSO.xlsx.,Consolidado CSO.xlsx
23/08/2024,6bc2fbe4-3a34-4837-a3d8-8162e642ba3a,1a3dde4b-6f67-49db-ac6e-7578d0af0d95,9693a1d1-4b88-4d73-8138-b46b21e7a72c,5a3d193f-cb2b-40df-b401-d786b9e25ef8,CSO-2024-08-23,1,36000,0,0,MXN,excel_cso,Extraccion diaria de compras de gas natural para CCC Saltillo desde Consolidado CSO.xlsx.,Consolidado CSO.xlsx
23/09/2024,6bc2fbe4-3a34-4837-a3d8-8162e642ba3a,1a3dde4b-6f67-49db-ac6e-7578d0af0d95,9693a1d1-4b88-4d73-8138-b46b21e7a72c,5a3d193f-cb2b-40df-b401-d786b9e25ef8,CSO-2024-09-23,1,36000,0,0,MXN,excel_cso,Extraccion diaria de compras de gas natural para CCC Saltillo desde Consolidado CSO.xlsx.,Consolidado CSO.xlsx
23/10/2024,6bc2fbe4-3a34-4837-a3d8-8162e642ba3a,1a3dde4b-6f67-49db-ac6e-7578d0af0d95,9693a1d1-4b88-4d73-8138-b46b21e7a72c,5a3d193f-cb2b-40df-b401-d786b9e25ef8,CSO-2024-10-23,1,21000,0,0,MXN,excel_cso,Extraccion diaria de compras de gas natural para CCC Saltillo desde Consolidado CSO.xlsx.,Consolidado CSO.xlsx
23/11/2024,6bc2fbe4-3a34-4837-a3d8-8162e642ba3a,1a3dde4b-6f67-49db-ac6e-7578d0af0d95,9693a1d1-4b88-4d73-8138-b46b21e7a72c,5a3d193f-cb2b-40df-b401-d786b9e25ef8,CSO-2024-11-23,1,30000,0,0,MXN,excel_cso,Extraccion diaria de compras de gas natural para CCC Saltillo desde Consolidado CSO.xlsx.,Consolidado CSO.xlsx
23/12/2024,6bc2fbe4-3a34-4837-a3d8-8162e642ba3a,1a3dde4b-6f67-49db-ac6e-7578d0af0d95,9693a1d1-4b88-4d73-8138-b46b21e7a72c,5a3d193f-cb2b-40df-b401-d786b9e25ef8,CSO-2024-12-23,1,17000,0,0,MXN,excel_cso,Extraccion diaria de compras de gas natural para CCC Saltillo desde Consolidado CSO.xlsx.,Consolidado CSO.xlsx
24/01/2024,6bc2fbe4-3a34-4837-a3d8-8162e642ba3a,1a3dde4b-6f67-49db-ac6e-7578d0af0d95,9693a1d1-4b88-4d73-8138-b46b21e7a72c,5a3d193f-cb2b-40df-b401-d786b9e25ef8,CSO-2024-01-24,1,44000,0,0,MXN,excel_cso,Extraccion diaria de compras de gas natural para CCC Saltillo desde Consolidado CSO.xlsx.,Consolidado CSO.xlsx
24/02/2024,6bc2fbe4-3a34-4837-a3d8-8162e642ba3a,1a3dde4b-6f67-49db-ac6e-7578d0af0d95,9693a1d1-4b88-4d73-8138-b46b21e7a72c,5a3d193f-cb2b-40df-b401-d786b9e25ef8,CSO-2024-02-24,1,31000,0,0,MXN,excel_cso,Extraccion diaria de compras de gas natural para CCC Saltillo desde Consolidado CSO.xlsx.,Consolidado CSO.xlsx
24/03/2024,6bc2fbe4-3a34-4837-a3d8-8162e642ba3a,1a3dde4b-6f67-49db-ac6e-7578d0af0d95,9693a1d1-4b88-4d73-8138-b46b21e7a72c,5a3d193f-cb2b-40df-b401-d786b9e25ef8,CSO-2024-03-24,1,37000,0,0,MXN,excel_cso,Extraccion diaria de compras de gas natural para CCC Saltillo desde Consolidado CSO.xlsx.,Consolidado CSO.xlsx
24/04/2024,6bc2fbe4-3a34-4837-a3d8-8162e642ba3a,1a3dde4b-6f67-49db-ac6e-7578d0af0d95,9693a1d1-4b88-4d73-8138-b46b21e7a72c,5a3d193f-cb2b-40df-b401-d786b9e25ef8,CSO-2024-04-24,1,40000,0,0,MXN,excel_cso,Extraccion diaria de compras de gas natural para CCC Saltillo desde Consolidado CSO.xlsx.,Consolidado CSO.xlsx
24/05/2024,6bc2fbe4-3a34-4837-a3d8-8162e642ba3a,1a3dde4b-6f67-49db-ac6e-7578d0af0d95,9693a1d1-4b88-4d73-8138-b46b21e7a72c,5a3d193f-cb2b-40df-b401-d786b9e25ef8,CSO-2024-05-24,1,61683,0,0,MXN,excel_cso,Extraccion diaria de compras de gas natural para CCC Saltillo desde Consolidado CSO.xlsx.,Consolidado CSO.xlsx
24/06/2024,6bc2fbe4-3a34-4837-a3d8-8162e642ba3a,1a3dde4b-6f67-49db-ac6e-7578d0af0d95,9693a1d1-4b88-4d73-8138-b46b21e7a72c,5a3d193f-cb2b-40df-b401-d786b9e25ef8,CSO-2024-06-24,1,35000,0,0,MXN,excel_cso,Extraccion diaria de compras de gas natural para CCC Saltillo desde Consolidado CSO.xlsx.,Consolidado CSO.xlsx
24/07/2024,6bc2fbe4-3a34-4837-a3d8-8162e642ba3a,1a3dde4b-6f67-49db-ac6e-7578d0af0d95,9693a1d1-4b88-4d73-8138-b46b21e7a72c,5a3d193f-cb2b-40df-b401-d786b9e25ef8,CSO-2024-07-24,1,35000,0,0,MXN,excel_cso,Extraccion diaria de compras de gas natural para CCC Saltillo desde Consolidado CSO.xlsx.,Consolidado CSO.xlsx
24/08/2024,6bc2fbe4-3a34-4837-a3d8-8162e642ba3a,1a3dde4b-6f67-49db-ac6e-7578d0af0d95,9693a1d1-4b88-4d73-8138-b46b21e7a72c,5a3d193f-cb2b-40df-b401-d786b9e25ef8,CSO-2024-08-24,1,35000,0,0,MXN,excel_cso,Extraccion diaria de compras de gas natural para CCC Saltillo desde Consolidado CSO.xlsx.,Consolidado CSO.xlsx
24/09/2024,6bc2fbe4-3a34-4837-a3d8-8162e642ba3a,1a3dde4b-6f67-49db-ac6e-7578d0af0d95,9693a1d1-4b88-4d73-8138-b46b21e7a72c,5a3d193f-cb2b-40df-b401-d786b9e25ef8,CSO-2024-09-24,1,36000,0,0,MXN,excel_cso,Extraccion diaria de compras de gas natural para CCC Saltillo desde Consolidado CSO.xlsx.,Consolidado CSO.xlsx
24/10/2024,6bc2fbe4-3a34-4837-a3d8-8162e642ba3a,1a3dde4b-6f67-49db-ac6e-7578d0af0d95,9693a1d1-4b88-4d73-8138-b46b21e7a72c,5a3d193f-cb2b-40df-b401-d786b9e25ef8,CSO-2024-10-24,1,21000,0,0,MXN,excel_cso,Extraccion diaria de compras de gas natural para CCC Saltillo desde Consolidado CSO.xlsx.,Consolidado CSO.xlsx
24/11/2024,6bc2fbe4-3a34-4837-a3d8-8162e642ba3a,1a3dde4b-6f67-49db-ac6e-7578d0af0d95,9693a1d1-4b88-4d73-8138-b46b21e7a72c,5a3d193f-cb2b-40df-b401-d786b9e25ef8,CSO-2024-11-24,1,46500,0,0,MXN,excel_cso,Extraccion diaria de compras de gas natural para CCC Saltillo desde Consolidado CSO.xlsx.,Consolidado CSO.xlsx
24/12/2024,6bc2fbe4-3a34-4837-a3d8-8162e642ba3a,1a3dde4b-6f67-49db-ac6e-7578d0af0d95,9693a1d1-4b88-4d73-8138-b46b21e7a72c,5a3d193f-cb2b-40df-b401-d786b9e25ef8,CSO-2024-12-24,1,0,0,0,MXN,excel_cso,Extraccion diaria de compras de gas natural para CCC Saltillo desde Consolidado CSO.xlsx.,Consolidado CSO.xlsx
25/01/2024,6bc2fbe4-3a34-4837-a3d8-8162e642ba3a,1a3dde4b-6f67-49db-ac6e-7578d0af0d95,9693a1d1-4b88-4d73-8138-b46b21e7a72c,5a3d193f-cb2b-40df-b401-d786b9e25ef8,CSO-2024-01-25,1,33000,0,0,MXN,excel_cso,Extraccion diaria de compras de gas natural para CCC Saltillo desde Consolidado CSO.xlsx.,Consolidado CSO.xlsx
25/02/2024,6bc2fbe4-3a34-4837-a3d8-8162e642ba3a,1a3dde4b-6f67-49db-ac6e-7578d0af0d95,9693a1d1-4b88-4d73-8138-b46b21e7a72c,5a3d193f-cb2b-40df-b401-d786b9e25ef8,CSO-2024-02-25,1,6000,0,0,MXN,excel_cso,Extraccion diaria de compras de gas natural para CCC Saltillo desde Consolidado CSO.xlsx.,Consolidado CSO.xlsx
25/03/2024,6bc2fbe4-3a34-4837-a3d8-8162e642ba3a,1a3dde4b-6f67-49db-ac6e-7578d0af0d95,9693a1d1-4b88-4d73-8138-b46b21e7a72c,5a3d193f-cb2b-40df-b401-d786b9e25ef8,CSO-2024-03-25,1,21257,0,0,MXN,excel_cso,Extraccion diaria de compras de gas natural para CCC Saltillo desde Consolidado CSO.xlsx.,Consolidado CSO.xlsx
25/04/2024,6bc2fbe4-3a34-4837-a3d8-8162e642ba3a,1a3dde4b-6f67-49db-ac6e-7578d0af0d95,9693a1d1-4b88-4d73-8138-b46b21e7a72c,5a3d193f-cb2b-40df-b401-d786b9e25ef8,CSO-2024-04-25,1,13000,0,0,MXN,excel_cso,Extraccion diaria de compras de gas natural para CCC Saltillo desde Consolidado CSO.xlsx.,Consolidado CSO.xlsx
25/05/2024,6bc2fbe4-3a34-4837-a3d8-8162e642ba3a,1a3dde4b-6f67-49db-ac6e-7578d0af0d95,9693a1d1-4b88-4d73-8138-b46b21e7a72c,5a3d193f-cb2b-40df-b401-d786b9e25ef8,CSO-2024-05-25,1,41500,0,0,MXN,excel_cso,Extraccion diaria de compras de gas natural para CCC Saltillo desde Consolidado CSO.xlsx.,Consolidado CSO.xlsx
25/06/2024,6bc2fbe4-3a34-4837-a3d8-8162e642ba3a,1a3dde4b-6f67-49db-ac6e-7578d0af0d95,9693a1d1-4b88-4d73-8138-b46b21e7a72c,5a3d193f-cb2b-40df-b401-d786b9e25ef8,CSO-2024-06-25,1,37000,0,0,MXN,excel_cso,Extraccion diaria de compras de gas natural para CCC Saltillo desde Consolidado CSO.xlsx.,Consolidado CSO.xlsx
25/07/2024,6bc2fbe4-3a34-4837-a3d8-8162e642ba3a,1a3dde4b-6f67-49db-ac6e-7578d0af0d95,9693a1d1-4b88-4d73-8138-b46b21e7a72c,5a3d193f-cb2b-40df-b401-d786b9e25ef8,CSO-2024-07-25,1,35000,0,0,MXN,excel_cso,Extraccion diaria de compras de gas natural para CCC Saltillo desde Consolidado CSO.xlsx.,Consolidado CSO.xlsx
25/08/2024,6bc2fbe4-3a34-4837-a3d8-8162e642ba3a,1a3dde4b-6f67-49db-ac6e-7578d0af0d95,9693a1d1-4b88-4d73-8138-b46b21e7a72c,5a3d193f-cb2b-40df-b401-d786b9e25ef8,CSO-2024-08-25,1,34000,0,0,MXN,excel_cso,Extraccion diaria de compras de gas natural para CCC Saltillo desde Consolidado CSO.xlsx.,Consolidado CSO.xlsx
25/09/2024,6bc2fbe4-3a34-4837-a3d8-8162e642ba3a,1a3dde4b-6f67-49db-ac6e-7578d0af0d95,9693a1d1-4b88-4d73-8138-b46b21e7a72c,5a3d193f-cb2b-40df-b401-d786b9e25ef8,CSO-2024-09-25,1,36000,0,0,MXN,excel_cso,Extraccion diaria de compras de gas natural para CCC Saltillo desde Consolidado CSO.xlsx.,Consolidado CSO.xlsx
25/10/2024,6bc2fbe4-3a34-4837-a3d8-8162e642ba3a,1a3dde4b-6f67-49db-ac6e-7578d0af0d95,9693a1d1-4b88-4d73-8138-b46b21e7a72c,5a3d193f-cb2b-40df-b401-d786b9e25ef8,CSO-2024-10-25,1,36000,0,0,MXN,excel_cso,Extraccion diaria de compras de gas natural para CCC Saltillo desde Consolidado CSO.xlsx.,Consolidado CSO.xlsx
25/11/2024,6bc2fbe4-3a34-4837-a3d8-8162e642ba3a,1a3dde4b-6f67-49db-ac6e-7578d0af0d95,9693a1d1-4b88-4d73-8138-b46b21e7a72c,5a3d193f-cb2b-40df-b401-d786b9e25ef8,CSO-2024-11-25,1,34000,0,0,MXN,excel_cso,Extraccion diaria de compras de gas natural para CCC Saltillo desde Consolidado CSO.xlsx.,Consolidado CSO.xlsx
25/12/2024,6bc2fbe4-3a34-4837-a3d8-8162e642ba3a,1a3dde4b-6f67-49db-ac6e-7578d0af0d95,9693a1d1-4b88-4d73-8138-b46b21e7a72c,5a3d193f-cb2b-40df-b401-d786b9e25ef8,CSO-2024-12-25,1,0,0,0,MXN,excel_cso,Extraccion diaria de compras de gas natural para CCC Saltillo desde Consolidado CSO.xlsx.,Consolidado CSO.xlsx
26/01/2024,6bc2fbe4-3a34-4837-a3d8-8162e642ba3a,1a3dde4b-6f67-49db-ac6e-7578d0af0d95,9693a1d1-4b88-4d73-8138-b46b21e7a72c,5a3d193f-cb2b-40df-b401-d786b9e25ef8,CSO-2024-01-26,1,20000,0,0,MXN,excel_cso,Extraccion diaria de compras de gas natural para CCC Saltillo desde Consolidado CSO.xlsx.,Consolidado CSO.xlsx
26/02/2024,6bc2fbe4-3a34-4837-a3d8-8162e642ba3a,1a3dde4b-6f67-49db-ac6e-7578d0af0d95,9693a1d1-4b88-4d73-8138-b46b21e7a72c,5a3d193f-cb2b-40df-b401-d786b9e25ef8,CSO-2024-02-26,1,21000,0,0,MXN,excel_cso,Extraccion diaria de compras de gas natural para CCC Saltillo desde Consolidado CSO.xlsx.,Consolidado CSO.xlsx
26/03/2024,6bc2fbe4-3a34-4837-a3d8-8162e642ba3a,1a3dde4b-6f67-49db-ac6e-7578d0af0d95,9693a1d1-4b88-4d73-8138-b46b21e7a72c,5a3d193f-cb2b-40df-b401-d786b9e25ef8,CSO-2024-03-26,1,37000,0,0,MXN,excel_cso,Extraccion diaria de compras de gas natural para CCC Saltillo desde Consolidado CSO.xlsx.,Consolidado CSO.xlsx
26/04/2024,6bc2fbe4-3a34-4837-a3d8-8162e642ba3a,1a3dde4b-6f67-49db-ac6e-7578d0af0d95,9693a1d1-4b88-4d73-8138-b46b21e7a72c,5a3d193f-cb2b-40df-b401-d786b9e25ef8,CSO-2024-04-26,1,12000,0,0,MXN,excel_cso,Extraccion diaria de compras de gas natural para CCC Saltillo desde Consolidado CSO.xlsx.,Consolidado CSO.xlsx
26/05/2024,6bc2fbe4-3a34-4837-a3d8-8162e642ba3a,1a3dde4b-6f67-49db-ac6e-7578d0af0d95,9693a1d1-4b88-4d73-8138-b46b21e7a72c,5a3d193f-cb2b-40df-b401-d786b9e25ef8,CSO-2024-05-26,1,41500,0,0,MXN,excel_cso,Extraccion diaria de compras de gas natural para CCC Saltillo desde Consolidado CSO.xlsx.,Consolidado CSO.xlsx
26/06/2024,6bc2fbe4-3a34-4837-a3d8-8162e642ba3a,1a3dde4b-6f67-49db-ac6e-7578d0af0d95,9693a1d1-4b88-4d73-8138-b46b21e7a72c,5a3d193f-cb2b-40df-b401-d786b9e25ef8,CSO-2024-06-26,1,37580,0,0,MXN,excel_cso,Extraccion diaria de compras de gas natural para CCC Saltillo desde Consolidado CSO.xlsx.,Consolidado CSO.xlsx
26/07/2024,6bc2fbe4-3a34-4837-a3d8-8162e642ba3a,1a3dde4b-6f67-49db-ac6e-7578d0af0d95,9693a1d1-4b88-4d73-8138-b46b21e7a72c,5a3d193f-cb2b-40df-b401-d786b9e25ef8,CSO-2024-07-26,1,35000,0,0,MXN,excel_cso,Extraccion diaria de compras de gas natural para CCC Saltillo desde Consolidado CSO.xlsx.,Consolidado CSO.xlsx
26/08/2024,6bc2fbe4-3a34-4837-a3d8-8162e642ba3a,1a3dde4b-6f67-49db-ac6e-7578d0af0d95,9693a1d1-4b88-4d73-8138-b46b21e7a72c,5a3d193f-cb2b-40df-b401-d786b9e25ef8,CSO-2024-08-26,1,36000,0,0,MXN,excel_cso,Extraccion diaria de compras de gas natural para CCC Saltillo desde Consolidado CSO.xlsx.,Consolidado CSO.xlsx
26/09/2024,6bc2fbe4-3a34-4837-a3d8-8162e642ba3a,1a3dde4b-6f67-49db-ac6e-7578d0af0d95,9693a1d1-4b88-4d73-8138-b46b21e7a72c,5a3d193f-cb2b-40df-b401-d786b9e25ef8,CSO-2024-09-26,1,36000,0,0,MXN,excel_cso,Extraccion diaria de compras de gas natural para CCC Saltillo desde Consolidado CSO.xlsx.,Consolidado CSO.xlsx
26/10/2024,6bc2fbe4-3a34-4837-a3d8-8162e642ba3a,1a3dde4b-6f67-49db-ac6e-7578d0af0d95,9693a1d1-4b88-4d73-8138-b46b21e7a72c,5a3d193f-cb2b-40df-b401-d786b9e25ef8,CSO-2024-10-26,1,30000,0,0,MXN,excel_cso,Extraccion diaria de compras de gas natural para CCC Saltillo desde Consolidado CSO.xlsx.,Consolidado CSO.xlsx
26/11/2024,6bc2fbe4-3a34-4837-a3d8-8162e642ba3a,1a3dde4b-6f67-49db-ac6e-7578d0af0d95,9693a1d1-4b88-4d73-8138-b46b21e7a72c,5a3d193f-cb2b-40df-b401-d786b9e25ef8,CSO-2024-11-26,1,34000,0,0,MXN,excel_cso,Extraccion diaria de compras de gas natural para CCC Saltillo desde Consolidado CSO.xlsx.,Consolidado CSO.xlsx
26/12/2024,6bc2fbe4-3a34-4837-a3d8-8162e642ba3a,1a3dde4b-6f67-49db-ac6e-7578d0af0d95,9693a1d1-4b88-4d73-8138-b46b21e7a72c,5a3d193f-cb2b-40df-b401-d786b9e25ef8,CSO-2024-12-26,1,0,0,0,MXN,excel_cso,Extraccion diaria de compras de gas natural para CCC Saltillo desde Consolidado CSO.xlsx.,Consolidado CSO.xlsx
27/01/2024,6bc2fbe4-3a34-4837-a3d8-8162e642ba3a,1a3dde4b-6f67-49db-ac6e-7578d0af0d95,9693a1d1-4b88-4d73-8138-b46b21e7a72c,5a3d193f-cb2b-40df-b401-d786b9e25ef8,CSO-2024-01-27,1,33000,0,0,MXN,excel_cso,Extraccion diaria de compras de gas natural para CCC Saltillo desde Consolidado CSO.xlsx.,Consolidado CSO.xlsx
27/02/2024,6bc2fbe4-3a34-4837-a3d8-8162e642ba3a,1a3dde4b-6f67-49db-ac6e-7578d0af0d95,9693a1d1-4b88-4d73-8138-b46b21e7a72c,5a3d193f-cb2b-40df-b401-d786b9e25ef8,CSO-2024-02-27,1,32000,0,0,MXN,excel_cso,Extraccion diaria de compras de gas natural para CCC Saltillo desde Consolidado CSO.xlsx.,Consolidado CSO.xlsx
27/03/2024,6bc2fbe4-3a34-4837-a3d8-8162e642ba3a,1a3dde4b-6f67-49db-ac6e-7578d0af0d95,9693a1d1-4b88-4d73-8138-b46b21e7a72c,5a3d193f-cb2b-40df-b401-d786b9e25ef8,CSO-2024-03-27,1,37000,0,0,MXN,excel_cso,Extraccion diaria de compras de gas natural para CCC Saltillo desde Consolidado CSO.xlsx.,Consolidado CSO.xlsx
27/04/2024,6bc2fbe4-3a34-4837-a3d8-8162e642ba3a,1a3dde4b-6f67-49db-ac6e-7578d0af0d95,9693a1d1-4b88-4d73-8138-b46b21e7a72c,5a3d193f-cb2b-40df-b401-d786b9e25ef8,CSO-2024-04-27,1,35000,0,0,MXN,excel_cso,Extraccion diaria de compras de gas natural para CCC Saltillo desde Consolidado CSO.xlsx.,Consolidado CSO.xlsx
27/05/2024,6bc2fbe4-3a34-4837-a3d8-8162e642ba3a,1a3dde4b-6f67-49db-ac6e-7578d0af0d95,9693a1d1-4b88-4d73-8138-b46b21e7a72c,5a3d193f-cb2b-40df-b401-d786b9e25ef8,CSO-2024-05-27,1,41500,0,0,MXN,excel_cso,Extraccion diaria de compras de gas natural para CCC Saltillo desde Consolidado CSO.xlsx.,Consolidado CSO.xlsx
27/06/2024,6bc2fbe4-3a34-4837-a3d8-8162e642ba3a,1a3dde4b-6f67-49db-ac6e-7578d0af0d95,9693a1d1-4b88-4d73-8138-b46b21e7a72c,5a3d193f-cb2b-40df-b401-d786b9e25ef8,CSO-2024-06-27,1,29000,0,0,MXN,excel_cso,Extraccion diaria de compras de gas natural para CCC Saltillo desde Consolidado CSO.xlsx.,Consolidado CSO.xlsx
27/07/2024,6bc2fbe4-3a34-4837-a3d8-8162e642ba3a,1a3dde4b-6f67-49db-ac6e-7578d0af0d95,9693a1d1-4b88-4d73-8138-b46b21e7a72c,5a3d193f-cb2b-40df-b401-d786b9e25ef8,CSO-2024-07-27,1,33000,0,0,MXN,excel_cso,Extraccion diaria de compras de gas natural para CCC Saltillo desde Consolidado CSO.xlsx.,Consolidado CSO.xlsx
27/08/2024,6bc2fbe4-3a34-4837-a3d8-8162e642ba3a,1a3dde4b-6f67-49db-ac6e-7578d0af0d95,9693a1d1-4b88-4d73-8138-b46b21e7a72c,5a3d193f-cb2b-40df-b401-d786b9e25ef8,CSO-2024-08-27,1,36000,0,0,MXN,excel_cso,Extraccion diaria de compras de gas natural para CCC Saltillo desde Consolidado CSO.xlsx.,Consolidado CSO.xlsx
27/09/2024,6bc2fbe4-3a34-4837-a3d8-8162e642ba3a,1a3dde4b-6f67-49db-ac6e-7578d0af0d95,9693a1d1-4b88-4d73-8138-b46b21e7a72c,5a3d193f-cb2b-40df-b401-d786b9e25ef8,CSO-2024-09-27,1,39000,0,0,MXN,excel_cso,Extraccion diaria de compras de gas natural para CCC Saltillo desde Consolidado CSO.xlsx.,Consolidado CSO.xlsx
27/10/2024,6bc2fbe4-3a34-4837-a3d8-8162e642ba3a,1a3dde4b-6f67-49db-ac6e-7578d0af0d95,9693a1d1-4b88-4d73-8138-b46b21e7a72c,5a3d193f-cb2b-40df-b401-d786b9e25ef8,CSO-2024-10-27,1,30000,0,0,MXN,excel_cso,Extraccion diaria de compras de gas natural para CCC Saltillo desde Consolidado CSO.xlsx.,Consolidado CSO.xlsx
27/11/2024,6bc2fbe4-3a34-4837-a3d8-8162e642ba3a,1a3dde4b-6f67-49db-ac6e-7578d0af0d95,9693a1d1-4b88-4d73-8138-b46b21e7a72c,5a3d193f-cb2b-40df-b401-d786b9e25ef8,CSO-2024-11-27,1,35000,0,0,MXN,excel_cso,Extraccion diaria de compras de gas natural para CCC Saltillo desde Consolidado CSO.xlsx.,Consolidado CSO.xlsx
27/12/2024,6bc2fbe4-3a34-4837-a3d8-8162e642ba3a,1a3dde4b-6f67-49db-ac6e-7578d0af0d95,9693a1d1-4b88-4d73-8138-b46b21e7a72c,5a3d193f-cb2b-40df-b401-d786b9e25ef8,CSO-2024-12-27,1,25000,0,0,MXN,excel_cso,Extraccion diaria de compras de gas natural para CCC Saltillo desde Consolidado CSO.xlsx.,Consolidado CSO.xlsx
28/01/2024,6bc2fbe4-3a34-4837-a3d8-8162e642ba3a,1a3dde4b-6f67-49db-ac6e-7578d0af0d95,9693a1d1-4b88-4d73-8138-b46b21e7a72c,5a3d193f-cb2b-40df-b401-d786b9e25ef8,CSO-2024-01-28,1,33000,0,0,MXN,excel_cso,Extraccion diaria de compras de gas natural para CCC Saltillo desde Consolidado CSO.xlsx.,Consolidado CSO.xlsx
28/02/2024,6bc2fbe4-3a34-4837-a3d8-8162e642ba3a,1a3dde4b-6f67-49db-ac6e-7578d0af0d95,9693a1d1-4b88-4d73-8138-b46b21e7a72c,5a3d193f-cb2b-40df-b401-d786b9e25ef8,CSO-2024-02-28,1,40000,0,0,MXN,excel_cso,Extraccion diaria de compras de gas natural para CCC Saltillo desde Consolidado CSO.xlsx.,Consolidado CSO.xlsx
28/03/2024,6bc2fbe4-3a34-4837-a3d8-8162e642ba3a,1a3dde4b-6f67-49db-ac6e-7578d0af0d95,9693a1d1-4b88-4d73-8138-b46b21e7a72c,5a3d193f-cb2b-40df-b401-d786b9e25ef8,CSO-2024-03-28,1,15000,0,0,MXN,excel_cso,Extraccion diaria de compras de gas natural para CCC Saltillo desde Consolidado CSO.xlsx.,Consolidado CSO.xlsx
28/04/2024,6bc2fbe4-3a34-4837-a3d8-8162e642ba3a,1a3dde4b-6f67-49db-ac6e-7578d0af0d95,9693a1d1-4b88-4d73-8138-b46b21e7a72c,5a3d193f-cb2b-40df-b401-d786b9e25ef8,CSO-2024-04-28,1,19628,0,0,MXN,excel_cso,Extraccion diaria de compras de gas natural para CCC Saltillo desde Consolidado CSO.xlsx.,Consolidado CSO.xlsx
28/05/2024,6bc2fbe4-3a34-4837-a3d8-8162e642ba3a,1a3dde4b-6f67-49db-ac6e-7578d0af0d95,9693a1d1-4b88-4d73-8138-b46b21e7a72c,5a3d193f-cb2b-40df-b401-d786b9e25ef8,CSO-2024-05-28,1,41500,0,0,MXN,excel_cso,Extraccion diaria de compras de gas natural para CCC Saltillo desde Consolidado CSO.xlsx.,Consolidado CSO.xlsx
28/06/2024,6bc2fbe4-3a34-4837-a3d8-8162e642ba3a,1a3dde4b-6f67-49db-ac6e-7578d0af0d95,9693a1d1-4b88-4d73-8138-b46b21e7a72c,5a3d193f-cb2b-40df-b401-d786b9e25ef8,CSO-2024-06-28,1,0,0,0,MXN,excel_cso,Extraccion diaria de compras de gas natural para CCC Saltillo desde Consolidado CSO.xlsx.,Consolidado CSO.xlsx
28/07/2024,6bc2fbe4-3a34-4837-a3d8-8162e642ba3a,1a3dde4b-6f67-49db-ac6e-7578d0af0d95,9693a1d1-4b88-4d73-8138-b46b21e7a72c,5a3d193f-cb2b-40df-b401-d786b9e25ef8,CSO-2024-07-28,1,30000,0,0,MXN,excel_cso,Extraccion diaria de compras de gas natural para CCC Saltillo desde Consolidado CSO.xlsx.,Consolidado CSO.xlsx
28/08/2024,6bc2fbe4-3a34-4837-a3d8-8162e642ba3a,1a3dde4b-6f67-49db-ac6e-7578d0af0d95,9693a1d1-4b88-4d73-8138-b46b21e7a72c,5a3d193f-cb2b-40df-b401-d786b9e25ef8,CSO-2024-08-28,1,35000,0,0,MXN,excel_cso,Extraccion diaria de compras de gas natural para CCC Saltillo desde Consolidado CSO.xlsx.,Consolidado CSO.xlsx
28/09/2024,6bc2fbe4-3a34-4837-a3d8-8162e642ba3a,1a3dde4b-6f67-49db-ac6e-7578d0af0d95,9693a1d1-4b88-4d73-8138-b46b21e7a72c,5a3d193f-cb2b-40df-b401-d786b9e25ef8,CSO-2024-09-28,1,40000,0,0,MXN,excel_cso,Extraccion diaria de compras de gas natural para CCC Saltillo desde Consolidado CSO.xlsx.,Consolidado CSO.xlsx
28/10/2024,6bc2fbe4-3a34-4837-a3d8-8162e642ba3a,1a3dde4b-6f67-49db-ac6e-7578d0af0d95,9693a1d1-4b88-4d73-8138-b46b21e7a72c,5a3d193f-cb2b-40df-b401-d786b9e25ef8,CSO-2024-10-28,1,33000,0,0,MXN,excel_cso,Extraccion diaria de compras de gas natural para CCC Saltillo desde Consolidado CSO.xlsx.,Consolidado CSO.xlsx
28/11/2024,6bc2fbe4-3a34-4837-a3d8-8162e642ba3a,1a3dde4b-6f67-49db-ac6e-7578d0af0d95,9693a1d1-4b88-4d73-8138-b46b21e7a72c,5a3d193f-cb2b-40df-b401-d786b9e25ef8,CSO-2024-11-28,1,35000,0,0,MXN,excel_cso,Extraccion diaria de compras de gas natural para CCC Saltillo desde Consolidado CSO.xlsx.,Consolidado CSO.xlsx
28/12/2024,6bc2fbe4-3a34-4837-a3d8-8162e642ba3a,1a3dde4b-6f67-49db-ac6e-7578d0af0d95,9693a1d1-4b88-4d73-8138-b46b21e7a72c,5a3d193f-cb2b-40df-b401-d786b9e25ef8,CSO-2024-12-28,1,0,0,0,MXN,excel_cso,Extraccion diaria de compras de gas natural para CCC Saltillo desde Consolidado CSO.xlsx.,Consolidado CSO.xlsx
29/01/2024,6bc2fbe4-3a34-4837-a3d8-8162e642ba3a,1a3dde4b-6f67-49db-ac6e-7578d0af0d95,9693a1d1-4b88-4d73-8138-b46b21e7a72c,5a3d193f-cb2b-40df-b401-d786b9e25ef8,CSO-2024-01-29,1,33000,0,0,MXN,excel_cso,Extraccion diaria de compras de gas natural para CCC Saltillo desde Consolidado CSO.xlsx.,Consolidado CSO.xlsx
29/02/2024,6bc2fbe4-3a34-4837-a3d8-8162e642ba3a,1a3dde4b-6f67-49db-ac6e-7578d0af0d95,9693a1d1-4b88-4d73-8138-b46b21e7a72c,5a3d193f-cb2b-40df-b401-d786b9e25ef8,CSO-2024-02-29,1,33000,0,0,MXN,excel_cso,Extraccion diaria de compras de gas natural para CCC Saltillo desde Consolidado CSO.xlsx.,Consolidado CSO.xlsx
29/04/2024,6bc2fbe4-3a34-4837-a3d8-8162e642ba3a,1a3dde4b-6f67-49db-ac6e-7578d0af0d95,9693a1d1-4b88-4d73-8138-b46b21e7a72c,5a3d193f-cb2b-40df-b401-d786b9e25ef8,CSO-2024-04-29,1,40000,0,0,MXN,excel_cso,Extraccion diaria de compras de gas natural para CCC Saltillo desde Consolidado CSO.xlsx.,Consolidado CSO.xlsx
29/05/2024,6bc2fbe4-3a34-4837-a3d8-8162e642ba3a,1a3dde4b-6f67-49db-ac6e-7578d0af0d95,9693a1d1-4b88-4d73-8138-b46b21e7a72c,5a3d193f-cb2b-40df-b401-d786b9e25ef8,CSO-2024-05-29,1,51500,0,0,MXN,excel_cso,Extraccion diaria de compras de gas natural para CCC Saltillo desde Consolidado CSO.xlsx.,Consolidado CSO.xlsx
29/06/2024,6bc2fbe4-3a34-4837-a3d8-8162e642ba3a,1a3dde4b-6f67-49db-ac6e-7578d0af0d95,9693a1d1-4b88-4d73-8138-b46b21e7a72c,5a3d193f-cb2b-40df-b401-d786b9e25ef8,CSO-2024-06-29,1,0,0,0,MXN,excel_cso,Extraccion diaria de compras de gas natural para CCC Saltillo desde Consolidado CSO.xlsx.,Consolidado CSO.xlsx
29/07/2024,6bc2fbe4-3a34-4837-a3d8-8162e642ba3a,1a3dde4b-6f67-49db-ac6e-7578d0af0d95,9693a1d1-4b88-4d73-8138-b46b21e7a72c,5a3d193f-cb2b-40df-b401-d786b9e25ef8,CSO-2024-07-29,1,33000,0,0,MXN,excel_cso,Extraccion diaria de compras de gas natural para CCC Saltillo desde Consolidado CSO.xlsx.,Consolidado CSO.xlsx
29/08/2024,6bc2fbe4-3a34-4837-a3d8-8162e642ba3a,1a3dde4b-6f67-49db-ac6e-7578d0af0d95,9693a1d1-4b88-4d73-8138-b46b21e7a72c,5a3d193f-cb2b-40df-b401-d786b9e25ef8,CSO-2024-08-29,1,37000,0,0,MXN,excel_cso,Extraccion diaria de compras de gas natural para CCC Saltillo desde Consolidado CSO.xlsx.,Consolidado CSO.xlsx
29/09/2024,6bc2fbe4-3a34-4837-a3d8-8162e642ba3a,1a3dde4b-6f67-49db-ac6e-7578d0af0d95,9693a1d1-4b88-4d73-8138-b46b21e7a72c,5a3d193f-cb2b-40df-b401-d786b9e25ef8,CSO-2024-09-29,1,30000,0,0,MXN,excel_cso,Extraccion diaria de compras de gas natural para CCC Saltillo desde Consolidado CSO.xlsx.,Consolidado CSO.xlsx
29/10/2024,6bc2fbe4-3a34-4837-a3d8-8162e642ba3a,1a3dde4b-6f67-49db-ac6e-7578d0af0d95,9693a1d1-4b88-4d73-8138-b46b21e7a72c,5a3d193f-cb2b-40df-b401-d786b9e25ef8,CSO-2024-10-29,1,33000,0,0,MXN,excel_cso,Extraccion diaria de compras de gas natural para CCC Saltillo desde Consolidado CSO.xlsx.,Consolidado CSO.xlsx
29/11/2024,6bc2fbe4-3a34-4837-a3d8-8162e642ba3a,1a3dde4b-6f67-49db-ac6e-7578d0af0d95,9693a1d1-4b88-4d73-8138-b46b21e7a72c,5a3d193f-cb2b-40df-b401-d786b9e25ef8,CSO-2024-11-29,1,32000,0,0,MXN,excel_cso,Extraccion diaria de compras de gas natural para CCC Saltillo desde Consolidado CSO.xlsx.,Consolidado CSO.xlsx
29/12/2024,6bc2fbe4-3a34-4837-a3d8-8162e642ba3a,1a3dde4b-6f67-49db-ac6e-7578d0af0d95,9693a1d1-4b88-4d73-8138-b46b21e7a72c,5a3d193f-cb2b-40df-b401-d786b9e25ef8,CSO-2024-12-29,1,0,0,0,MXN,excel_cso,Extraccion diaria de compras de gas natural para CCC Saltillo desde Consolidado CSO.xlsx.,Consolidado CSO.xlsx
30/01/2024,6bc2fbe4-3a34-4837-a3d8-8162e642ba3a,1a3dde4b-6f67-49db-ac6e-7578d0af0d95,9693a1d1-4b88-4d73-8138-b46b21e7a72c,5a3d193f-cb2b-40df-b401-d786b9e25ef8,CSO-2024-01-30,1,35000,0,0,MXN,excel_cso,Extraccion diaria de compras de gas natural para CCC Saltillo desde Consolidado CSO.xlsx.,Consolidado CSO.xlsx
30/03/2024,6bc2fbe4-3a34-4837-a3d8-8162e642ba3a,1a3dde4b-6f67-49db-ac6e-7578d0af0d95,9693a1d1-4b88-4d73-8138-b46b21e7a72c,5a3d193f-cb2b-40df-b401-d786b9e25ef8,CSO-2024-03-30,1,2000,0,0,MXN,excel_cso,Extraccion diaria de compras de gas natural para CCC Saltillo desde Consolidado CSO.xlsx.,Consolidado CSO.xlsx
30/04/2024,6bc2fbe4-3a34-4837-a3d8-8162e642ba3a,1a3dde4b-6f67-49db-ac6e-7578d0af0d95,9693a1d1-4b88-4d73-8138-b46b21e7a72c,5a3d193f-cb2b-40df-b401-d786b9e25ef8,CSO-2024-04-30,1,38000,0,0,MXN,excel_cso,Extraccion diaria de compras de gas natural para CCC Saltillo desde Consolidado CSO.xlsx.,Consolidado CSO.xlsx
30/05/2024,6bc2fbe4-3a34-4837-a3d8-8162e642ba3a,1a3dde4b-6f67-49db-ac6e-7578d0af0d95,9693a1d1-4b88-4d73-8138-b46b21e7a72c,5a3d193f-cb2b-40df-b401-d786b9e25ef8,CSO-2024-05-30,1,41500,0,0,MXN,excel_cso,Extraccion diaria de compras de gas natural para CCC Saltillo desde Consolidado CSO.xlsx.,Consolidado CSO.xlsx
30/06/2024,6bc2fbe4-3a34-4837-a3d8-8162e642ba3a,1a3dde4b-6f67-49db-ac6e-7578d0af0d95,9693a1d1-4b88-4d73-8138-b46b21e7a72c,5a3d193f-cb2b-40df-b401-d786b9e25ef8,CSO-2024-06-30,1,0,0,0,MXN,excel_cso,Extraccion diaria de compras de gas natural para CCC Saltillo desde Consolidado CSO.xlsx.,Consolidado CSO.xlsx
30/07/2024,6bc2fbe4-3a34-4837-a3d8-8162e642ba3a,1a3dde4b-6f67-49db-ac6e-7578d0af0d95,9693a1d1-4b88-4d73-8138-b46b21e7a72c,5a3d193f-cb2b-40df-b401-d786b9e25ef8,CSO-2024-07-30,1,33000,0,0,MXN,excel_cso,Extraccion diaria de compras de gas natural para CCC Saltillo desde Consolidado CSO.xlsx.,Consolidado CSO.xlsx
30/08/2024,6bc2fbe4-3a34-4837-a3d8-8162e642ba3a,1a3dde4b-6f67-49db-ac6e-7578d0af0d95,9693a1d1-4b88-4d73-8138-b46b21e7a72c,5a3d193f-cb2b-40df-b401-d786b9e25ef8,CSO-2024-08-30,1,35000,0,0,MXN,excel_cso,Extraccion diaria de compras de gas natural para CCC Saltillo desde Consolidado CSO.xlsx.,Consolidado CSO.xlsx
30/09/2024,6bc2fbe4-3a34-4837-a3d8-8162e642ba3a,1a3dde4b-6f67-49db-ac6e-7578d0af0d95,9693a1d1-4b88-4d73-8138-b46b21e7a72c,5a3d193f-cb2b-40df-b401-d786b9e25ef8,CSO-2024-09-30,1,36000,0,0,MXN,excel_cso,Extraccion diaria de compras de gas natural para CCC Saltillo desde Consolidado CSO.xlsx.,Consolidado CSO.xlsx
30/10/2024,6bc2fbe4-3a34-4837-a3d8-8162e642ba3a,1a3dde4b-6f67-49db-ac6e-7578d0af0d95,9693a1d1-4b88-4d73-8138-b46b21e7a72c,5a3d193f-cb2b-40df-b401-d786b9e25ef8,CSO-2024-10-30,1,32000,0,0,MXN,excel_cso,Extraccion diaria de compras de gas natural para CCC Saltillo desde Consolidado CSO.xlsx.,Consolidado CSO.xlsx
30/11/2024,6bc2fbe4-3a34-4837-a3d8-8162e642ba3a,1a3dde4b-6f67-49db-ac6e-7578d0af0d95,9693a1d1-4b88-4d73-8138-b46b21e7a72c,5a3d193f-cb2b-40df-b401-d786b9e25ef8,CSO-2024-11-30,1,27000,0,0,MXN,excel_cso,Extraccion diaria de compras de gas natural para CCC Saltillo desde Consolidado CSO.xlsx.,Consolidado CSO.xlsx
30/12/2024,6bc2fbe4-3a34-4837-a3d8-8162e642ba3a,1a3dde4b-6f67-49db-ac6e-7578d0af0d95,9693a1d1-4b88-4d73-8138-b46b21e7a72c,5a3d193f-cb2b-40df-b401-d786b9e25ef8,CSO-2024-12-30,1,0,0,0,MXN,excel_cso,Extraccion diaria de compras de gas natural para CCC Saltillo desde Consolidado CSO.xlsx.,Consolidado CSO.xlsx
31/01/2024,6bc2fbe4-3a34-4837-a3d8-8162e642ba3a,1a3dde4b-6f67-49db-ac6e-7578d0af0d95,9693a1d1-4b88-4d73-8138-b46b21e7a72c,5a3d193f-cb2b-40df-b401-d786b9e25ef8,CSO-2024-01-31,1,35000,0,0,MXN,excel_cso,Extraccion diaria de compras de gas natural para CCC Saltillo desde Consolidado CSO.xlsx.,Consolidado CSO.xlsx
31/03/2024,6bc2fbe4-3a34-4837-a3d8-8162e642ba3a,1a3dde4b-6f67-49db-ac6e-7578d0af0d95,9693a1d1-4b88-4d73-8138-b46b21e7a72c,5a3d193f-cb2b-40df-b401-d786b9e25ef8,CSO-2024-03-31,1,5000,0,0,MXN,excel_cso,Extraccion diaria de compras de gas natural para CCC Saltillo desde Consolidado CSO.xlsx.,Consolidado CSO.xlsx
31/05/2024,6bc2fbe4-3a34-4837-a3d8-8162e642ba3a,1a3dde4b-6f67-49db-ac6e-7578d0af0d95,9693a1d1-4b88-4d73-8138-b46b21e7a72c,5a3d193f-cb2b-40df-b401-d786b9e25ef8,CSO-2024-05-31,1,41500,0,0,MXN,excel_cso,Extraccion diaria de compras de gas natural para CCC Saltillo desde Consolidado CSO.xlsx.,Consolidado CSO.xlsx
31/07/2024,6bc2fbe4-3a34-4837-a3d8-8162e642ba3a,1a3dde4b-6f67-49db-ac6e-7578d0af0d95,9693a1d1-4b88-4d73-8138-b46b21e7a72c,5a3d193f-cb2b-40df-b401-d786b9e25ef8,CSO-2024-07-31,1,18000,0,0,MXN,excel_cso,Extraccion diaria de compras de gas natural para CCC Saltillo desde Consolidado CSO.xlsx.,Consolidado CSO.xlsx
31/08/2024,6bc2fbe4-3a34-4837-a3d8-8162e642ba3a,1a3dde4b-6f67-49db-ac6e-7578d0af0d95,9693a1d1-4b88-4d73-8138-b46b21e7a72c,5a3d193f-cb2b-40df-b401-d786b9e25ef8,CSO-2024-08-31,1,30000,0,0,MXN,excel_cso,Extraccion diaria de compras de gas natural para CCC Saltillo desde Consolidado CSO.xlsx.,Consolidado CSO.xlsx
31/10/2024,6bc2fbe4-3a34-4837-a3d8-8162e642ba3a,1a3dde4b-6f67-49db-ac6e-7578d0af0d95,9693a1d1-4b88-4d73-8138-b46b21e7a72c,5a3d193f-cb2b-40df-b401-d786b9e25ef8,CSO-2024-10-31,1,32000,0,0,MXN,excel_cso,Extraccion diaria de compras de gas natural para CCC Saltillo desde Consolidado CSO.xlsx.,Consolidado CSO.xlsx
31/12/2024,6bc2fbe4-3a34-4837-a3d8-8162e642ba3a,1a3dde4b-6f67-49db-ac6e-7578d0af0d95,9693a1d1-4b88-4d73-8138-b46b21e7a72c,5a3d193f-cb2b-40df-b401-d786b9e25ef8,CSO-2024-12-31,1,0,0,0,MXN,excel_cso,Extraccion diaria de compras de gas natural para CCC Saltillo desde Consolidado CSO.xlsx.,Consolidado CSO.xlsx
01/01/2025,6bc2fbe4-3a34-4837-a3d8-8162e642ba3a,1a3dde4b-6f67-49db-ac6e-7578d0af0d95,9693a1d1-4b88-4d73-8138-b46b21e7a72c,5a3d193f-cb2b-40df-b401-d786b9e25ef8,CSO-2025-01-01,1,0,0,0,MXN,excel_cso,Extraccion diaria de compras de gas natural para CCC Saltillo desde Consolidado CSO.xlsx.,Consolidado CSO.xlsx
01/02/2025,6bc2fbe4-3a34-4837-a3d8-8162e642ba3a,1a3dde4b-6f67-49db-ac6e-7578d0af0d95,9693a1d1-4b88-4d73-8138-b46b21e7a72c,5a3d193f-cb2b-40df-b401-d786b9e25ef8,CSO-2025-02-01,1,0,0,0,MXN,excel_cso,Extraccion diaria de compras de gas natural para CCC Saltillo desde Consolidado CSO.xlsx.,Consolidado CSO.xlsx
01/03/2025,6bc2fbe4-3a34-4837-a3d8-8162e642ba3a,1a3dde4b-6f67-49db-ac6e-7578d0af0d95,9693a1d1-4b88-4d73-8138-b46b21e7a72c,5a3d193f-cb2b-40df-b401-d786b9e25ef8,CSO-2025-03-01,1,0,0,0,MXN,excel_cso,Extraccion diaria de compras de gas natural para CCC Saltillo desde Consolidado CSO.xlsx.,Consolidado CSO.xlsx
01/04/2025,6bc2fbe4-3a34-4837-a3d8-8162e642ba3a,1a3dde4b-6f67-49db-ac6e-7578d0af0d95,9693a1d1-4b88-4d73-8138-b46b21e7a72c,5a3d193f-cb2b-40df-b401-d786b9e25ef8,CSO-2025-04-01,1,35000,0,0,MXN,excel_cso,Extraccion diaria de compras de gas natural para CCC Saltillo desde Consolidado CSO.xlsx.,Consolidado CSO.xlsx
01/05/2025,6bc2fbe4-3a34-4837-a3d8-8162e642ba3a,1a3dde4b-6f67-49db-ac6e-7578d0af0d95,9693a1d1-4b88-4d73-8138-b46b21e7a72c,5a3d193f-cb2b-40df-b401-d786b9e25ef8,CSO-2025-05-01,1,24000,0,0,MXN,excel_cso,Extraccion diaria de compras de gas natural para CCC Saltillo desde Consolidado CSO.xlsx.,Consolidado CSO.xlsx
01/06/2025,6bc2fbe4-3a34-4837-a3d8-8162e642ba3a,1a3dde4b-6f67-49db-ac6e-7578d0af0d95,9693a1d1-4b88-4d73-8138-b46b21e7a72c,5a3d193f-cb2b-40df-b401-d786b9e25ef8,CSO-2025-06-01,1,28000,0,0,MXN,excel_cso,Extraccion diaria de compras de gas natural para CCC Saltillo desde Consolidado CSO.xlsx.,Consolidado CSO.xlsx
01/07/2025,6bc2fbe4-3a34-4837-a3d8-8162e642ba3a,1a3dde4b-6f67-49db-ac6e-7578d0af0d95,9693a1d1-4b88-4d73-8138-b46b21e7a72c,5a3d193f-cb2b-40df-b401-d786b9e25ef8,CSO-2025-07-01,1,33000,0,0,MXN,excel_cso,Extraccion diaria de compras de gas natural para CCC Saltillo desde Consolidado CSO.xlsx.,Consolidado CSO.xlsx
01/08/2025,6bc2fbe4-3a34-4837-a3d8-8162e642ba3a,1a3dde4b-6f67-49db-ac6e-7578d0af0d95,9693a1d1-4b88-4d73-8138-b46b21e7a72c,5a3d193f-cb2b-40df-b401-d786b9e25ef8,CSO-2025-08-01,1,38000,0,0,MXN,excel_cso,Extraccion diaria de compras de gas natural para CCC Saltillo desde Consolidado CSO.xlsx.,Consolidado CSO.xlsx
01/09/2025,6bc2fbe4-3a34-4837-a3d8-8162e642ba3a,1a3dde4b-6f67-49db-ac6e-7578d0af0d95,9693a1d1-4b88-4d73-8138-b46b21e7a72c,5a3d193f-cb2b-40df-b401-d786b9e25ef8,CSO-2025-09-01,1,38000,0,0,MXN,excel_cso,Extraccion diaria de compras de gas natural para CCC Saltillo desde Consolidado CSO.xlsx.,Consolidado CSO.xlsx
01/10/2025,6bc2fbe4-3a34-4837-a3d8-8162e642ba3a,1a3dde4b-6f67-49db-ac6e-7578d0af0d95,9693a1d1-4b88-4d73-8138-b46b21e7a72c,5a3d193f-cb2b-40df-b401-d786b9e25ef8,CSO-2025-10-01,1,38000,0,0,MXN,excel_cso,Extraccion diaria de compras de gas natural para CCC Saltillo desde Consolidado CSO.xlsx.,Consolidado CSO.xlsx
01/11/2025,6bc2fbe4-3a34-4837-a3d8-8162e642ba3a,1a3dde4b-6f67-49db-ac6e-7578d0af0d95,9693a1d1-4b88-4d73-8138-b46b21e7a72c,5a3d193f-cb2b-40df-b401-d786b9e25ef8,CSO-2025-11-01,1,30000,0,0,MXN,excel_cso,Extraccion diaria de compras de gas natural para CCC Saltillo desde Consolidado CSO.xlsx.,Consolidado CSO.xlsx
01/12/2025,6bc2fbe4-3a34-4837-a3d8-8162e642ba3a,1a3dde4b-6f67-49db-ac6e-7578d0af0d95,9693a1d1-4b88-4d73-8138-b46b21e7a72c,5a3d193f-cb2b-40df-b401-d786b9e25ef8,CSO-2025-12-01,1,37000,0,0,MXN,excel_cso,Extraccion diaria de compras de gas natural para CCC Saltillo desde Consolidado CSO.xlsx.,Consolidado CSO.xlsx
02/01/2025,6bc2fbe4-3a34-4837-a3d8-8162e642ba3a,1a3dde4b-6f67-49db-ac6e-7578d0af0d95,9693a1d1-4b88-4d73-8138-b46b21e7a72c,5a3d193f-cb2b-40df-b401-d786b9e25ef8,CSO-2025-01-02,1,28000,0,0,MXN,excel_cso,Extraccion diaria de compras de gas natural para CCC Saltillo desde Consolidado CSO.xlsx.,Consolidado CSO.xlsx
02/02/2025,6bc2fbe4-3a34-4837-a3d8-8162e642ba3a,1a3dde4b-6f67-49db-ac6e-7578d0af0d95,9693a1d1-4b88-4d73-8138-b46b21e7a72c,5a3d193f-cb2b-40df-b401-d786b9e25ef8,CSO-2025-02-02,1,0,0,0,MXN,excel_cso,Extraccion diaria de compras de gas natural para CCC Saltillo desde Consolidado CSO.xlsx.,Consolidado CSO.xlsx
02/03/2025,6bc2fbe4-3a34-4837-a3d8-8162e642ba3a,1a3dde4b-6f67-49db-ac6e-7578d0af0d95,9693a1d1-4b88-4d73-8138-b46b21e7a72c,5a3d193f-cb2b-40df-b401-d786b9e25ef8,CSO-2025-03-02,1,0,0,0,MXN,excel_cso,Extraccion diaria de compras de gas natural para CCC Saltillo desde Consolidado CSO.xlsx.,Consolidado CSO.xlsx
02/04/2025,6bc2fbe4-3a34-4837-a3d8-8162e642ba3a,1a3dde4b-6f67-49db-ac6e-7578d0af0d95,9693a1d1-4b88-4d73-8138-b46b21e7a72c,5a3d193f-cb2b-40df-b401-d786b9e25ef8,CSO-2025-04-02,1,38000,0,0,MXN,excel_cso,Extraccion diaria de compras de gas natural para CCC Saltillo desde Consolidado CSO.xlsx.,Consolidado CSO.xlsx
02/05/2025,6bc2fbe4-3a34-4837-a3d8-8162e642ba3a,1a3dde4b-6f67-49db-ac6e-7578d0af0d95,9693a1d1-4b88-4d73-8138-b46b21e7a72c,5a3d193f-cb2b-40df-b401-d786b9e25ef8,CSO-2025-05-02,1,35000,0,0,MXN,excel_cso,Extraccion diaria de compras de gas natural para CCC Saltillo desde Consolidado CSO.xlsx.,Consolidado CSO.xlsx
02/06/2025,6bc2fbe4-3a34-4837-a3d8-8162e642ba3a,1a3dde4b-6f67-49db-ac6e-7578d0af0d95,9693a1d1-4b88-4d73-8138-b46b21e7a72c,5a3d193f-cb2b-40df-b401-d786b9e25ef8,CSO-2025-06-02,1,37000,0,0,MXN,excel_cso,Extraccion diaria de compras de gas natural para CCC Saltillo desde Consolidado CSO.xlsx.,Consolidado CSO.xlsx
02/07/2025,6bc2fbe4-3a34-4837-a3d8-8162e642ba3a,1a3dde4b-6f67-49db-ac6e-7578d0af0d95,9693a1d1-4b88-4d73-8138-b46b21e7a72c,5a3d193f-cb2b-40df-b401-d786b9e25ef8,CSO-2025-07-02,1,33000,0,0,MXN,excel_cso,Extraccion diaria de compras de gas natural para CCC Saltillo desde Consolidado CSO.xlsx.,Consolidado CSO.xlsx
02/08/2025,6bc2fbe4-3a34-4837-a3d8-8162e642ba3a,1a3dde4b-6f67-49db-ac6e-7578d0af0d95,9693a1d1-4b88-4d73-8138-b46b21e7a72c,5a3d193f-cb2b-40df-b401-d786b9e25ef8,CSO-2025-08-02,1,25000,0,0,MXN,excel_cso,Extraccion diaria de compras de gas natural para CCC Saltillo desde Consolidado CSO.xlsx.,Consolidado CSO.xlsx
02/09/2025,6bc2fbe4-3a34-4837-a3d8-8162e642ba3a,1a3dde4b-6f67-49db-ac6e-7578d0af0d95,9693a1d1-4b88-4d73-8138-b46b21e7a72c,5a3d193f-cb2b-40df-b401-d786b9e25ef8,CSO-2025-09-02,1,38000,0,0,MXN,excel_cso,Extraccion diaria de compras de gas natural para CCC Saltillo desde Consolidado CSO.xlsx.,Consolidado CSO.xlsx
02/10/2025,6bc2fbe4-3a34-4837-a3d8-8162e642ba3a,1a3dde4b-6f67-49db-ac6e-7578d0af0d95,9693a1d1-4b88-4d73-8138-b46b21e7a72c,5a3d193f-cb2b-40df-b401-d786b9e25ef8,CSO-2025-10-02,1,30000,0,0,MXN,excel_cso,Extraccion diaria de compras de gas natural para CCC Saltillo desde Consolidado CSO.xlsx.,Consolidado CSO.xlsx
02/11/2025,6bc2fbe4-3a34-4837-a3d8-8162e642ba3a,1a3dde4b-6f67-49db-ac6e-7578d0af0d95,9693a1d1-4b88-4d73-8138-b46b21e7a72c,5a3d193f-cb2b-40df-b401-d786b9e25ef8,CSO-2025-11-02,1,20000,0,0,MXN,excel_cso,Extraccion diaria de compras de gas natural para CCC Saltillo desde Consolidado CSO.xlsx.,Consolidado CSO.xlsx
02/12/2025,6bc2fbe4-3a34-4837-a3d8-8162e642ba3a,1a3dde4b-6f67-49db-ac6e-7578d0af0d95,9693a1d1-4b88-4d73-8138-b46b21e7a72c,5a3d193f-cb2b-40df-b401-d786b9e25ef8,CSO-2025-12-02,1,37000,0,0,MXN,excel_cso,Extraccion diaria de compras de gas natural para CCC Saltillo desde Consolidado CSO.xlsx.,Consolidado CSO.xlsx
03/01/2025,6bc2fbe4-3a34-4837-a3d8-8162e642ba3a,1a3dde4b-6f67-49db-ac6e-7578d0af0d95,9693a1d1-4b88-4d73-8138-b46b21e7a72c,5a3d193f-cb2b-40df-b401-d786b9e25ef8,CSO-2025-01-03,1,25000,0,0,MXN,excel_cso,Extraccion diaria de compras de gas natural para CCC Saltillo desde Consolidado CSO.xlsx.,Consolidado CSO.xlsx
03/02/2025,6bc2fbe4-3a34-4837-a3d8-8162e642ba3a,1a3dde4b-6f67-49db-ac6e-7578d0af0d95,9693a1d1-4b88-4d73-8138-b46b21e7a72c,5a3d193f-cb2b-40df-b401-d786b9e25ef8,CSO-2025-02-03,1,0,0,0,MXN,excel_cso,Extraccion diaria de compras de gas natural para CCC Saltillo desde Consolidado CSO.xlsx.,Consolidado CSO.xlsx
03/03/2025,6bc2fbe4-3a34-4837-a3d8-8162e642ba3a,1a3dde4b-6f67-49db-ac6e-7578d0af0d95,9693a1d1-4b88-4d73-8138-b46b21e7a72c,5a3d193f-cb2b-40df-b401-d786b9e25ef8,CSO-2025-03-03,1,0,0,0,MXN,excel_cso,Extraccion diaria de compras de gas natural para CCC Saltillo desde Consolidado CSO.xlsx.,Consolidado CSO.xlsx
03/04/2025,6bc2fbe4-3a34-4837-a3d8-8162e642ba3a,1a3dde4b-6f67-49db-ac6e-7578d0af0d95,9693a1d1-4b88-4d73-8138-b46b21e7a72c,5a3d193f-cb2b-40df-b401-d786b9e25ef8,CSO-2025-04-03,1,34000,0,0,MXN,excel_cso,Extraccion diaria de compras de gas natural para CCC Saltillo desde Consolidado CSO.xlsx.,Consolidado CSO.xlsx
03/05/2025,6bc2fbe4-3a34-4837-a3d8-8162e642ba3a,1a3dde4b-6f67-49db-ac6e-7578d0af0d95,9693a1d1-4b88-4d73-8138-b46b21e7a72c,5a3d193f-cb2b-40df-b401-d786b9e25ef8,CSO-2025-05-03,1,22000,0,0,MXN,excel_cso,Extraccion diaria de compras de gas natural para CCC Saltillo desde Consolidado CSO.xlsx.,Consolidado CSO.xlsx
03/06/2025,6bc2fbe4-3a34-4837-a3d8-8162e642ba3a,1a3dde4b-6f67-49db-ac6e-7578d0af0d95,9693a1d1-4b88-4d73-8138-b46b21e7a72c,5a3d193f-cb2b-40df-b401-d786b9e25ef8,CSO-2025-06-03,1,35000,0,0,MXN,excel_cso,Extraccion diaria de compras de gas natural para CCC Saltillo desde Consolidado CSO.xlsx.,Consolidado CSO.xlsx
03/07/2025,6bc2fbe4-3a34-4837-a3d8-8162e642ba3a,1a3dde4b-6f67-49db-ac6e-7578d0af0d95,9693a1d1-4b88-4d73-8138-b46b21e7a72c,5a3d193f-cb2b-40df-b401-d786b9e25ef8,CSO-2025-07-03,1,29095,0,0,MXN,excel_cso,Extraccion diaria de compras de gas natural para CCC Saltillo desde Consolidado CSO.xlsx.,Consolidado CSO.xlsx
03/08/2025,6bc2fbe4-3a34-4837-a3d8-8162e642ba3a,1a3dde4b-6f67-49db-ac6e-7578d0af0d95,9693a1d1-4b88-4d73-8138-b46b21e7a72c,5a3d193f-cb2b-40df-b401-d786b9e25ef8,CSO-2025-08-03,1,18700,0,0,MXN,excel_cso,Extraccion diaria de compras de gas natural para CCC Saltillo desde Consolidado CSO.xlsx.,Consolidado CSO.xlsx
03/09/2025,6bc2fbe4-3a34-4837-a3d8-8162e642ba3a,1a3dde4b-6f67-49db-ac6e-7578d0af0d95,9693a1d1-4b88-4d73-8138-b46b21e7a72c,5a3d193f-cb2b-40df-b401-d786b9e25ef8,CSO-2025-09-03,1,39000,0,0,MXN,excel_cso,Extraccion diaria de compras de gas natural para CCC Saltillo desde Consolidado CSO.xlsx.,Consolidado CSO.xlsx
03/10/2025,6bc2fbe4-3a34-4837-a3d8-8162e642ba3a,1a3dde4b-6f67-49db-ac6e-7578d0af0d95,9693a1d1-4b88-4d73-8138-b46b21e7a72c,5a3d193f-cb2b-40df-b401-d786b9e25ef8,CSO-2025-10-03,1,19000,0,0,MXN,excel_cso,Extraccion diaria de compras de gas natural para CCC Saltillo desde Consolidado CSO.xlsx.,Consolidado CSO.xlsx
03/11/2025,6bc2fbe4-3a34-4837-a3d8-8162e642ba3a,1a3dde4b-6f67-49db-ac6e-7578d0af0d95,9693a1d1-4b88-4d73-8138-b46b21e7a72c,5a3d193f-cb2b-40df-b401-d786b9e25ef8,CSO-2025-11-03,1,35000,0,0,MXN,excel_cso,Extraccion diaria de compras de gas natural para CCC Saltillo desde Consolidado CSO.xlsx.,Consolidado CSO.xlsx
03/12/2025,6bc2fbe4-3a34-4837-a3d8-8162e642ba3a,1a3dde4b-6f67-49db-ac6e-7578d0af0d95,9693a1d1-4b88-4d73-8138-b46b21e7a72c,5a3d193f-cb2b-40df-b401-d786b9e25ef8,CSO-2025-12-03,1,36000,0,0,MXN,excel_cso,Extraccion diaria de compras de gas natural para CCC Saltillo desde Consolidado CSO.xlsx.,Consolidado CSO.xlsx
04/01/2025,6bc2fbe4-3a34-4837-a3d8-8162e642ba3a,1a3dde4b-6f67-49db-ac6e-7578d0af0d95,9693a1d1-4b88-4d73-8138-b46b21e7a72c,5a3d193f-cb2b-40df-b401-d786b9e25ef8,CSO-2025-01-04,1,15000,0,0,MXN,excel_cso,Extraccion diaria de compras de gas natural para CCC Saltillo desde Consolidado CSO.xlsx.,Consolidado CSO.xlsx
04/02/2025,6bc2fbe4-3a34-4837-a3d8-8162e642ba3a,1a3dde4b-6f67-49db-ac6e-7578d0af0d95,9693a1d1-4b88-4d73-8138-b46b21e7a72c,5a3d193f-cb2b-40df-b401-d786b9e25ef8,CSO-2025-02-04,1,30000,0,0,MXN,excel_cso,Extraccion diaria de compras de gas natural para CCC Saltillo desde Consolidado CSO.xlsx.,Consolidado CSO.xlsx
04/03/2025,6bc2fbe4-3a34-4837-a3d8-8162e642ba3a,1a3dde4b-6f67-49db-ac6e-7578d0af0d95,9693a1d1-4b88-4d73-8138-b46b21e7a72c,5a3d193f-cb2b-40df-b401-d786b9e25ef8,CSO-2025-03-04,1,0,0,0,MXN,excel_cso,Extraccion diaria de compras de gas natural para CCC Saltillo desde Consolidado CSO.xlsx.,Consolidado CSO.xlsx
04/04/2025,6bc2fbe4-3a34-4837-a3d8-8162e642ba3a,1a3dde4b-6f67-49db-ac6e-7578d0af0d95,9693a1d1-4b88-4d73-8138-b46b21e7a72c,5a3d193f-cb2b-40df-b401-d786b9e25ef8,CSO-2025-04-04,1,34000,0,0,MXN,excel_cso,Extraccion diaria de compras de gas natural para CCC Saltillo desde Consolidado CSO.xlsx.,Consolidado CSO.xlsx
04/05/2025,6bc2fbe4-3a34-4837-a3d8-8162e642ba3a,1a3dde4b-6f67-49db-ac6e-7578d0af0d95,9693a1d1-4b88-4d73-8138-b46b21e7a72c,5a3d193f-cb2b-40df-b401-d786b9e25ef8,CSO-2025-05-04,1,23000,0,0,MXN,excel_cso,Extraccion diaria de compras de gas natural para CCC Saltillo desde Consolidado CSO.xlsx.,Consolidado CSO.xlsx
04/06/2025,6bc2fbe4-3a34-4837-a3d8-8162e642ba3a,1a3dde4b-6f67-49db-ac6e-7578d0af0d95,9693a1d1-4b88-4d73-8138-b46b21e7a72c,5a3d193f-cb2b-40df-b401-d786b9e25ef8,CSO-2025-06-04,1,35000,0,0,MXN,excel_cso,Extraccion diaria de compras de gas natural para CCC Saltillo desde Consolidado CSO.xlsx.,Consolidado CSO.xlsx
04/07/2025,6bc2fbe4-3a34-4837-a3d8-8162e642ba3a,1a3dde4b-6f67-49db-ac6e-7578d0af0d95,9693a1d1-4b88-4d73-8138-b46b21e7a72c,5a3d193f-cb2b-40df-b401-d786b9e25ef8,CSO-2025-07-04,1,32000,0,0,MXN,excel_cso,Extraccion diaria de compras de gas natural para CCC Saltillo desde Consolidado CSO.xlsx.,Consolidado CSO.xlsx
04/08/2025,6bc2fbe4-3a34-4837-a3d8-8162e642ba3a,1a3dde4b-6f67-49db-ac6e-7578d0af0d95,9693a1d1-4b88-4d73-8138-b46b21e7a72c,5a3d193f-cb2b-40df-b401-d786b9e25ef8,CSO-2025-08-04,1,38000,0,0,MXN,excel_cso,Extraccion diaria de compras de gas natural para CCC Saltillo desde Consolidado CSO.xlsx.,Consolidado CSO.xlsx
04/09/2025,6bc2fbe4-3a34-4837-a3d8-8162e642ba3a,1a3dde4b-6f67-49db-ac6e-7578d0af0d95,9693a1d1-4b88-4d73-8138-b46b21e7a72c,5a3d193f-cb2b-40df-b401-d786b9e25ef8,CSO-2025-09-04,1,29000,0,0,MXN,excel_cso,Extraccion diaria de compras de gas natural para CCC Saltillo desde Consolidado CSO.xlsx.,Consolidado CSO.xlsx
04/10/2025,6bc2fbe4-3a34-4837-a3d8-8162e642ba3a,1a3dde4b-6f67-49db-ac6e-7578d0af0d95,9693a1d1-4b88-4d73-8138-b46b21e7a72c,5a3d193f-cb2b-40df-b401-d786b9e25ef8,CSO-2025-10-04,1,24000,0,0,MXN,excel_cso,Extraccion diaria de compras de gas natural para CCC Saltillo desde Consolidado CSO.xlsx.,Consolidado CSO.xlsx
04/11/2025,6bc2fbe4-3a34-4837-a3d8-8162e642ba3a,1a3dde4b-6f67-49db-ac6e-7578d0af0d95,9693a1d1-4b88-4d73-8138-b46b21e7a72c,5a3d193f-cb2b-40df-b401-d786b9e25ef8,CSO-2025-11-04,1,35000,0,0,MXN,excel_cso,Extraccion diaria de compras de gas natural para CCC Saltillo desde Consolidado CSO.xlsx.,Consolidado CSO.xlsx
04/12/2025,6bc2fbe4-3a34-4837-a3d8-8162e642ba3a,1a3dde4b-6f67-49db-ac6e-7578d0af0d95,9693a1d1-4b88-4d73-8138-b46b21e7a72c,5a3d193f-cb2b-40df-b401-d786b9e25ef8,CSO-2025-12-04,1,36000,0,0,MXN,excel_cso,Extraccion diaria de compras de gas natural para CCC Saltillo desde Consolidado CSO.xlsx.,Consolidado CSO.xlsx
05/01/2025,6bc2fbe4-3a34-4837-a3d8-8162e642ba3a,1a3dde4b-6f67-49db-ac6e-7578d0af0d95,9693a1d1-4b88-4d73-8138-b46b21e7a72c,5a3d193f-cb2b-40df-b401-d786b9e25ef8,CSO-2025-01-05,1,5000,0,0,MXN,excel_cso,Extraccion diaria de compras de gas natural para CCC Saltillo desde Consolidado CSO.xlsx.,Consolidado CSO.xlsx
05/02/2025,6bc2fbe4-3a34-4837-a3d8-8162e642ba3a,1a3dde4b-6f67-49db-ac6e-7578d0af0d95,9693a1d1-4b88-4d73-8138-b46b21e7a72c,5a3d193f-cb2b-40df-b401-d786b9e25ef8,CSO-2025-02-05,1,35000,0,0,MXN,excel_cso,Extraccion diaria de compras de gas natural para CCC Saltillo desde Consolidado CSO.xlsx.,Consolidado CSO.xlsx
05/03/2025,6bc2fbe4-3a34-4837-a3d8-8162e642ba3a,1a3dde4b-6f67-49db-ac6e-7578d0af0d95,9693a1d1-4b88-4d73-8138-b46b21e7a72c,5a3d193f-cb2b-40df-b401-d786b9e25ef8,CSO-2025-03-05,1,0,0,0,MXN,excel_cso,Extraccion diaria de compras de gas natural para CCC Saltillo desde Consolidado CSO.xlsx.,Consolidado CSO.xlsx
05/04/2025,6bc2fbe4-3a34-4837-a3d8-8162e642ba3a,1a3dde4b-6f67-49db-ac6e-7578d0af0d95,9693a1d1-4b88-4d73-8138-b46b21e7a72c,5a3d193f-cb2b-40df-b401-d786b9e25ef8,CSO-2025-04-05,1,31000,0,0,MXN,excel_cso,Extraccion diaria de compras de gas natural para CCC Saltillo desde Consolidado CSO.xlsx.,Consolidado CSO.xlsx
05/05/2025,6bc2fbe4-3a34-4837-a3d8-8162e642ba3a,1a3dde4b-6f67-49db-ac6e-7578d0af0d95,9693a1d1-4b88-4d73-8138-b46b21e7a72c,5a3d193f-cb2b-40df-b401-d786b9e25ef8,CSO-2025-05-05,1,35000,0,0,MXN,excel_cso,Extraccion diaria de compras de gas natural para CCC Saltillo desde Consolidado CSO.xlsx.,Consolidado CSO.xlsx
05/06/2025,6bc2fbe4-3a34-4837-a3d8-8162e642ba3a,1a3dde4b-6f67-49db-ac6e-7578d0af0d95,9693a1d1-4b88-4d73-8138-b46b21e7a72c,5a3d193f-cb2b-40df-b401-d786b9e25ef8,CSO-2025-06-05,1,35000,0,0,MXN,excel_cso,Extraccion diaria de compras de gas natural para CCC Saltillo desde Consolidado CSO.xlsx.,Consolidado CSO.xlsx
05/07/2025,6bc2fbe4-3a34-4837-a3d8-8162e642ba3a,1a3dde4b-6f67-49db-ac6e-7578d0af0d95,9693a1d1-4b88-4d73-8138-b46b21e7a72c,5a3d193f-cb2b-40df-b401-d786b9e25ef8,CSO-2025-07-05,1,32000,0,0,MXN,excel_cso,Extraccion diaria de compras de gas natural para CCC Saltillo desde Consolidado CSO.xlsx.,Consolidado CSO.xlsx
05/08/2025,6bc2fbe4-3a34-4837-a3d8-8162e642ba3a,1a3dde4b-6f67-49db-ac6e-7578d0af0d95,9693a1d1-4b88-4d73-8138-b46b21e7a72c,5a3d193f-cb2b-40df-b401-d786b9e25ef8,CSO-2025-08-05,1,31000,0,0,MXN,excel_cso,Extraccion diaria de compras de gas natural para CCC Saltillo desde Consolidado CSO.xlsx.,Consolidado CSO.xlsx
05/09/2025,6bc2fbe4-3a34-4837-a3d8-8162e642ba3a,1a3dde4b-6f67-49db-ac6e-7578d0af0d95,9693a1d1-4b88-4d73-8138-b46b21e7a72c,5a3d193f-cb2b-40df-b401-d786b9e25ef8,CSO-2025-09-05,1,39000,0,0,MXN,excel_cso,Extraccion diaria de compras de gas natural para CCC Saltillo desde Consolidado CSO.xlsx.,Consolidado CSO.xlsx
05/10/2025,6bc2fbe4-3a34-4837-a3d8-8162e642ba3a,1a3dde4b-6f67-49db-ac6e-7578d0af0d95,9693a1d1-4b88-4d73-8138-b46b21e7a72c,5a3d193f-cb2b-40df-b401-d786b9e25ef8,CSO-2025-10-05,1,3709,0,0,MXN,excel_cso,Extraccion diaria de compras de gas natural para CCC Saltillo desde Consolidado CSO.xlsx.,Consolidado CSO.xlsx
05/11/2025,6bc2fbe4-3a34-4837-a3d8-8162e642ba3a,1a3dde4b-6f67-49db-ac6e-7578d0af0d95,9693a1d1-4b88-4d73-8138-b46b21e7a72c,5a3d193f-cb2b-40df-b401-d786b9e25ef8,CSO-2025-11-05,1,37000,0,0,MXN,excel_cso,Extraccion diaria de compras de gas natural para CCC Saltillo desde Consolidado CSO.xlsx.,Consolidado CSO.xlsx
05/12/2025,6bc2fbe4-3a34-4837-a3d8-8162e642ba3a,1a3dde4b-6f67-49db-ac6e-7578d0af0d95,9693a1d1-4b88-4d73-8138-b46b21e7a72c,5a3d193f-cb2b-40df-b401-d786b9e25ef8,CSO-2025-12-05,1,36000,0,0,MXN,excel_cso,Extraccion diaria de compras de gas natural para CCC Saltillo desde Consolidado CSO.xlsx.,Consolidado CSO.xlsx
06/01/2025,6bc2fbe4-3a34-4837-a3d8-8162e642ba3a,1a3dde4b-6f67-49db-ac6e-7578d0af0d95,9693a1d1-4b88-4d73-8138-b46b21e7a72c,5a3d193f-cb2b-40df-b401-d786b9e25ef8,CSO-2025-01-06,1,33000,0,0,MXN,excel_cso,Extraccion diaria de compras de gas natural para CCC Saltillo desde Consolidado CSO.xlsx.,Consolidado CSO.xlsx
06/02/2025,6bc2fbe4-3a34-4837-a3d8-8162e642ba3a,1a3dde4b-6f67-49db-ac6e-7578d0af0d95,9693a1d1-4b88-4d73-8138-b46b21e7a72c,5a3d193f-cb2b-40df-b401-d786b9e25ef8,CSO-2025-02-06,1,35000,0,0,MXN,excel_cso,Extraccion diaria de compras de gas natural para CCC Saltillo desde Consolidado CSO.xlsx.,Consolidado CSO.xlsx
06/03/2025,6bc2fbe4-3a34-4837-a3d8-8162e642ba3a,1a3dde4b-6f67-49db-ac6e-7578d0af0d95,9693a1d1-4b88-4d73-8138-b46b21e7a72c,5a3d193f-cb2b-40df-b401-d786b9e25ef8,CSO-2025-03-06,1,0,0,0,MXN,excel_cso,Extraccion diaria de compras de gas natural para CCC Saltillo desde Consolidado CSO.xlsx.,Consolidado CSO.xlsx
06/04/2025,6bc2fbe4-3a34-4837-a3d8-8162e642ba3a,1a3dde4b-6f67-49db-ac6e-7578d0af0d95,9693a1d1-4b88-4d73-8138-b46b21e7a72c,5a3d193f-cb2b-40df-b401-d786b9e25ef8,CSO-2025-04-06,1,34156,0,0,MXN,excel_cso,Extraccion diaria de compras de gas natural para CCC Saltillo desde Consolidado CSO.xlsx.,Consolidado CSO.xlsx
06/05/2025,6bc2fbe4-3a34-4837-a3d8-8162e642ba3a,1a3dde4b-6f67-49db-ac6e-7578d0af0d95,9693a1d1-4b88-4d73-8138-b46b21e7a72c,5a3d193f-cb2b-40df-b401-d786b9e25ef8,CSO-2025-05-06,1,36000,0,0,MXN,excel_cso,Extraccion diaria de compras de gas natural para CCC Saltillo desde Consolidado CSO.xlsx.,Consolidado CSO.xlsx
06/06/2025,6bc2fbe4-3a34-4837-a3d8-8162e642ba3a,1a3dde4b-6f67-49db-ac6e-7578d0af0d95,9693a1d1-4b88-4d73-8138-b46b21e7a72c,5a3d193f-cb2b-40df-b401-d786b9e25ef8,CSO-2025-06-06,1,40000,0,0,MXN,excel_cso,Extraccion diaria de compras de gas natural para CCC Saltillo desde Consolidado CSO.xlsx.,Consolidado CSO.xlsx
06/07/2025,6bc2fbe4-3a34-4837-a3d8-8162e642ba3a,1a3dde4b-6f67-49db-ac6e-7578d0af0d95,9693a1d1-4b88-4d73-8138-b46b21e7a72c,5a3d193f-cb2b-40df-b401-d786b9e25ef8,CSO-2025-07-06,1,29000,0,0,MXN,excel_cso,Extraccion diaria de compras de gas natural para CCC Saltillo desde Consolidado CSO.xlsx.,Consolidado CSO.xlsx
06/08/2025,6bc2fbe4-3a34-4837-a3d8-8162e642ba3a,1a3dde4b-6f67-49db-ac6e-7578d0af0d95,9693a1d1-4b88-4d73-8138-b46b21e7a72c,5a3d193f-cb2b-40df-b401-d786b9e25ef8,CSO-2025-08-06,1,39000,0,0,MXN,excel_cso,Extraccion diaria de compras de gas natural para CCC Saltillo desde Consolidado CSO.xlsx.,Consolidado CSO.xlsx
06/09/2025,6bc2fbe4-3a34-4837-a3d8-8162e642ba3a,1a3dde4b-6f67-49db-ac6e-7578d0af0d95,9693a1d1-4b88-4d73-8138-b46b21e7a72c,5a3d193f-cb2b-40df-b401-d786b9e25ef8,CSO-2025-09-06,1,24000,0,0,MXN,excel_cso,Extraccion diaria de compras de gas natural para CCC Saltillo desde Consolidado CSO.xlsx.,Consolidado CSO.xlsx
06/10/2025,6bc2fbe4-3a34-4837-a3d8-8162e642ba3a,1a3dde4b-6f67-49db-ac6e-7578d0af0d95,9693a1d1-4b88-4d73-8138-b46b21e7a72c,5a3d193f-cb2b-40df-b401-d786b9e25ef8,CSO-2025-10-06,1,29000,0,0,MXN,excel_cso,Extraccion diaria de compras de gas natural para CCC Saltillo desde Consolidado CSO.xlsx.,Consolidado CSO.xlsx
06/11/2025,6bc2fbe4-3a34-4837-a3d8-8162e642ba3a,1a3dde4b-6f67-49db-ac6e-7578d0af0d95,9693a1d1-4b88-4d73-8138-b46b21e7a72c,5a3d193f-cb2b-40df-b401-d786b9e25ef8,CSO-2025-11-06,1,36000,0,0,MXN,excel_cso,Extraccion diaria de compras de gas natural para CCC Saltillo desde Consolidado CSO.xlsx.,Consolidado CSO.xlsx
06/12/2025,6bc2fbe4-3a34-4837-a3d8-8162e642ba3a,1a3dde4b-6f67-49db-ac6e-7578d0af0d95,9693a1d1-4b88-4d73-8138-b46b21e7a72c,5a3d193f-cb2b-40df-b401-d786b9e25ef8,CSO-2025-12-06,1,28000,0,0,MXN,excel_cso,Extraccion diaria de compras de gas natural para CCC Saltillo desde Consolidado CSO.xlsx.,Consolidado CSO.xlsx
07/01/2025,6bc2fbe4-3a34-4837-a3d8-8162e642ba3a,1a3dde4b-6f67-49db-ac6e-7578d0af0d95,9693a1d1-4b88-4d73-8138-b46b21e7a72c,5a3d193f-cb2b-40df-b401-d786b9e25ef8,CSO-2025-01-07,1,46500,0,0,MXN,excel_cso,Extraccion diaria de compras de gas natural para CCC Saltillo desde Consolidado CSO.xlsx.,Consolidado CSO.xlsx
07/02/2025,6bc2fbe4-3a34-4837-a3d8-8162e642ba3a,1a3dde4b-6f67-49db-ac6e-7578d0af0d95,9693a1d1-4b88-4d73-8138-b46b21e7a72c,5a3d193f-cb2b-40df-b401-d786b9e25ef8,CSO-2025-02-07,1,35000,0,0,MXN,excel_cso,Extraccion diaria de compras de gas natural para CCC Saltillo desde Consolidado CSO.xlsx.,Consolidado CSO.xlsx
07/03/2025,6bc2fbe4-3a34-4837-a3d8-8162e642ba3a,1a3dde4b-6f67-49db-ac6e-7578d0af0d95,9693a1d1-4b88-4d73-8138-b46b21e7a72c,5a3d193f-cb2b-40df-b401-d786b9e25ef8,CSO-2025-03-07,1,0,0,0,MXN,excel_cso,Extraccion diaria de compras de gas natural para CCC Saltillo desde Consolidado CSO.xlsx.,Consolidado CSO.xlsx
07/04/2025,6bc2fbe4-3a34-4837-a3d8-8162e642ba3a,1a3dde4b-6f67-49db-ac6e-7578d0af0d95,9693a1d1-4b88-4d73-8138-b46b21e7a72c,5a3d193f-cb2b-40df-b401-d786b9e25ef8,CSO-2025-04-07,1,34000,0,0,MXN,excel_cso,Extraccion diaria de compras de gas natural para CCC Saltillo desde Consolidado CSO.xlsx.,Consolidado CSO.xlsx
07/05/2025,6bc2fbe4-3a34-4837-a3d8-8162e642ba3a,1a3dde4b-6f67-49db-ac6e-7578d0af0d95,9693a1d1-4b88-4d73-8138-b46b21e7a72c,5a3d193f-cb2b-40df-b401-d786b9e25ef8,CSO-2025-05-07,1,35000,0,0,MXN,excel_cso,Extraccion diaria de compras de gas natural para CCC Saltillo desde Consolidado CSO.xlsx.,Consolidado CSO.xlsx
07/06/2025,6bc2fbe4-3a34-4837-a3d8-8162e642ba3a,1a3dde4b-6f67-49db-ac6e-7578d0af0d95,9693a1d1-4b88-4d73-8138-b46b21e7a72c,5a3d193f-cb2b-40df-b401-d786b9e25ef8,CSO-2025-06-07,1,35000,0,0,MXN,excel_cso,Extraccion diaria de compras de gas natural para CCC Saltillo desde Consolidado CSO.xlsx.,Consolidado CSO.xlsx
07/07/2025,6bc2fbe4-3a34-4837-a3d8-8162e642ba3a,1a3dde4b-6f67-49db-ac6e-7578d0af0d95,9693a1d1-4b88-4d73-8138-b46b21e7a72c,5a3d193f-cb2b-40df-b401-d786b9e25ef8,CSO-2025-07-07,1,34000,0,0,MXN,excel_cso,Extraccion diaria de compras de gas natural para CCC Saltillo desde Consolidado CSO.xlsx.,Consolidado CSO.xlsx
07/08/2025,6bc2fbe4-3a34-4837-a3d8-8162e642ba3a,1a3dde4b-6f67-49db-ac6e-7578d0af0d95,9693a1d1-4b88-4d73-8138-b46b21e7a72c,5a3d193f-cb2b-40df-b401-d786b9e25ef8,CSO-2025-08-07,1,40000,0,0,MXN,excel_cso,Extraccion diaria de compras de gas natural para CCC Saltillo desde Consolidado CSO.xlsx.,Consolidado CSO.xlsx
07/09/2025,6bc2fbe4-3a34-4837-a3d8-8162e642ba3a,1a3dde4b-6f67-49db-ac6e-7578d0af0d95,9693a1d1-4b88-4d73-8138-b46b21e7a72c,5a3d193f-cb2b-40df-b401-d786b9e25ef8,CSO-2025-09-07,1,16000,0,0,MXN,excel_cso,Extraccion diaria de compras de gas natural para CCC Saltillo desde Consolidado CSO.xlsx.,Consolidado CSO.xlsx
07/10/2025,6bc2fbe4-3a34-4837-a3d8-8162e642ba3a,1a3dde4b-6f67-49db-ac6e-7578d0af0d95,9693a1d1-4b88-4d73-8138-b46b21e7a72c,5a3d193f-cb2b-40df-b401-d786b9e25ef8,CSO-2025-10-07,1,36000,0,0,MXN,excel_cso,Extraccion diaria de compras de gas natural para CCC Saltillo desde Consolidado CSO.xlsx.,Consolidado CSO.xlsx
07/11/2025,6bc2fbe4-3a34-4837-a3d8-8162e642ba3a,1a3dde4b-6f67-49db-ac6e-7578d0af0d95,9693a1d1-4b88-4d73-8138-b46b21e7a72c,5a3d193f-cb2b-40df-b401-d786b9e25ef8,CSO-2025-11-07,1,35000,0,0,MXN,excel_cso,Extraccion diaria de compras de gas natural para CCC Saltillo desde Consolidado CSO.xlsx.,Consolidado CSO.xlsx
07/12/2025,6bc2fbe4-3a34-4837-a3d8-8162e642ba3a,1a3dde4b-6f67-49db-ac6e-7578d0af0d95,9693a1d1-4b88-4d73-8138-b46b21e7a72c,5a3d193f-cb2b-40df-b401-d786b9e25ef8,CSO-2025-12-07,1,34000,0,0,MXN,excel_cso,Extraccion diaria de compras de gas natural para CCC Saltillo desde Consolidado CSO.xlsx.,Consolidado CSO.xlsx
08/01/2025,6bc2fbe4-3a34-4837-a3d8-8162e642ba3a,1a3dde4b-6f67-49db-ac6e-7578d0af0d95,9693a1d1-4b88-4d73-8138-b46b21e7a72c,5a3d193f-cb2b-40df-b401-d786b9e25ef8,CSO-2025-01-08,1,28409,0,0,MXN,excel_cso,Extraccion diaria de compras de gas natural para CCC Saltillo desde Consolidado CSO.xlsx.,Consolidado CSO.xlsx
08/02/2025,6bc2fbe4-3a34-4837-a3d8-8162e642ba3a,1a3dde4b-6f67-49db-ac6e-7578d0af0d95,9693a1d1-4b88-4d73-8138-b46b21e7a72c,5a3d193f-cb2b-40df-b401-d786b9e25ef8,CSO-2025-02-08,1,35000,0,0,MXN,excel_cso,Extraccion diaria de compras de gas natural para CCC Saltillo desde Consolidado CSO.xlsx.,Consolidado CSO.xlsx
08/03/2025,6bc2fbe4-3a34-4837-a3d8-8162e642ba3a,1a3dde4b-6f67-49db-ac6e-7578d0af0d95,9693a1d1-4b88-4d73-8138-b46b21e7a72c,5a3d193f-cb2b-40df-b401-d786b9e25ef8,CSO-2025-03-08,1,0,0,0,MXN,excel_cso,Extraccion diaria de compras de gas natural para CCC Saltillo desde Consolidado CSO.xlsx.,Consolidado CSO.xlsx
08/04/2025,6bc2fbe4-3a34-4837-a3d8-8162e642ba3a,1a3dde4b-6f67-49db-ac6e-7578d0af0d95,9693a1d1-4b88-4d73-8138-b46b21e7a72c,5a3d193f-cb2b-40df-b401-d786b9e25ef8,CSO-2025-04-08,1,33000,0,0,MXN,excel_cso,Extraccion diaria de compras de gas natural para CCC Saltillo desde Consolidado CSO.xlsx.,Consolidado CSO.xlsx
08/05/2025,6bc2fbe4-3a34-4837-a3d8-8162e642ba3a,1a3dde4b-6f67-49db-ac6e-7578d0af0d95,9693a1d1-4b88-4d73-8138-b46b21e7a72c,5a3d193f-cb2b-40df-b401-d786b9e25ef8,CSO-2025-05-08,1,35000,0,0,MXN,excel_cso,Extraccion diaria de compras de gas natural para CCC Saltillo desde Consolidado CSO.xlsx.,Consolidado CSO.xlsx
08/06/2025,6bc2fbe4-3a34-4837-a3d8-8162e642ba3a,1a3dde4b-6f67-49db-ac6e-7578d0af0d95,9693a1d1-4b88-4d73-8138-b46b21e7a72c,5a3d193f-cb2b-40df-b401-d786b9e25ef8,CSO-2025-06-08,1,17000,0,0,MXN,excel_cso,Extraccion diaria de compras de gas natural para CCC Saltillo desde Consolidado CSO.xlsx.,Consolidado CSO.xlsx
08/07/2025,6bc2fbe4-3a34-4837-a3d8-8162e642ba3a,1a3dde4b-6f67-49db-ac6e-7578d0af0d95,9693a1d1-4b88-4d73-8138-b46b21e7a72c,5a3d193f-cb2b-40df-b401-d786b9e25ef8,CSO-2025-07-08,1,35000,0,0,MXN,excel_cso,Extraccion diaria de compras de gas natural para CCC Saltillo desde Consolidado CSO.xlsx.,Consolidado CSO.xlsx
08/08/2025,6bc2fbe4-3a34-4837-a3d8-8162e642ba3a,1a3dde4b-6f67-49db-ac6e-7578d0af0d95,9693a1d1-4b88-4d73-8138-b46b21e7a72c,5a3d193f-cb2b-40df-b401-d786b9e25ef8,CSO-2025-08-08,1,38000,0,0,MXN,excel_cso,Extraccion diaria de compras de gas natural para CCC Saltillo desde Consolidado CSO.xlsx.,Consolidado CSO.xlsx
08/09/2025,6bc2fbe4-3a34-4837-a3d8-8162e642ba3a,1a3dde4b-6f67-49db-ac6e-7578d0af0d95,9693a1d1-4b88-4d73-8138-b46b21e7a72c,5a3d193f-cb2b-40df-b401-d786b9e25ef8,CSO-2025-09-08,1,27000,0,0,MXN,excel_cso,Extraccion diaria de compras de gas natural para CCC Saltillo desde Consolidado CSO.xlsx.,Consolidado CSO.xlsx
08/10/2025,6bc2fbe4-3a34-4837-a3d8-8162e642ba3a,1a3dde4b-6f67-49db-ac6e-7578d0af0d95,9693a1d1-4b88-4d73-8138-b46b21e7a72c,5a3d193f-cb2b-40df-b401-d786b9e25ef8,CSO-2025-10-08,1,41000,0,0,MXN,excel_cso,Extraccion diaria de compras de gas natural para CCC Saltillo desde Consolidado CSO.xlsx.,Consolidado CSO.xlsx
08/11/2025,6bc2fbe4-3a34-4837-a3d8-8162e642ba3a,1a3dde4b-6f67-49db-ac6e-7578d0af0d95,9693a1d1-4b88-4d73-8138-b46b21e7a72c,5a3d193f-cb2b-40df-b401-d786b9e25ef8,CSO-2025-11-08,1,33000,0,0,MXN,excel_cso,Extraccion diaria de compras de gas natural para CCC Saltillo desde Consolidado CSO.xlsx.,Consolidado CSO.xlsx
08/12/2025,6bc2fbe4-3a34-4837-a3d8-8162e642ba3a,1a3dde4b-6f67-49db-ac6e-7578d0af0d95,9693a1d1-4b88-4d73-8138-b46b21e7a72c,5a3d193f-cb2b-40df-b401-d786b9e25ef8,CSO-2025-12-08,1,34000,0,0,MXN,excel_cso,Extraccion diaria de compras de gas natural para CCC Saltillo desde Consolidado CSO.xlsx.,Consolidado CSO.xlsx
09/01/2025,6bc2fbe4-3a34-4837-a3d8-8162e642ba3a,1a3dde4b-6f67-49db-ac6e-7578d0af0d95,9693a1d1-4b88-4d73-8138-b46b21e7a72c,5a3d193f-cb2b-40df-b401-d786b9e25ef8,CSO-2025-01-09,1,8642,0,0,MXN,excel_cso,Extraccion diaria de compras de gas natural para CCC Saltillo desde Consolidado CSO.xlsx.,Consolidado CSO.xlsx
09/02/2025,6bc2fbe4-3a34-4837-a3d8-8162e642ba3a,1a3dde4b-6f67-49db-ac6e-7578d0af0d95,9693a1d1-4b88-4d73-8138-b46b21e7a72c,5a3d193f-cb2b-40df-b401-d786b9e25ef8,CSO-2025-02-09,1,35000,0,0,MXN,excel_cso,Extraccion diaria de compras de gas natural para CCC Saltillo desde Consolidado CSO.xlsx.,Consolidado CSO.xlsx
09/03/2025,6bc2fbe4-3a34-4837-a3d8-8162e642ba3a,1a3dde4b-6f67-49db-ac6e-7578d0af0d95,9693a1d1-4b88-4d73-8138-b46b21e7a72c,5a3d193f-cb2b-40df-b401-d786b9e25ef8,CSO-2025-03-09,1,0,0,0,MXN,excel_cso,Extraccion diaria de compras de gas natural para CCC Saltillo desde Consolidado CSO.xlsx.,Consolidado CSO.xlsx
09/04/2025,6bc2fbe4-3a34-4837-a3d8-8162e642ba3a,1a3dde4b-6f67-49db-ac6e-7578d0af0d95,9693a1d1-4b88-4d73-8138-b46b21e7a72c,5a3d193f-cb2b-40df-b401-d786b9e25ef8,CSO-2025-04-09,1,20000,0,0,MXN,excel_cso,Extraccion diaria de compras de gas natural para CCC Saltillo desde Consolidado CSO.xlsx.,Consolidado CSO.xlsx
09/05/2025,6bc2fbe4-3a34-4837-a3d8-8162e642ba3a,1a3dde4b-6f67-49db-ac6e-7578d0af0d95,9693a1d1-4b88-4d73-8138-b46b21e7a72c,5a3d193f-cb2b-40df-b401-d786b9e25ef8,CSO-2025-05-09,1,35000,0,0,MXN,excel_cso,Extraccion diaria de compras de gas natural para CCC Saltillo desde Consolidado CSO.xlsx.,Consolidado CSO.xlsx
09/06/2025,6bc2fbe4-3a34-4837-a3d8-8162e642ba3a,1a3dde4b-6f67-49db-ac6e-7578d0af0d95,9693a1d1-4b88-4d73-8138-b46b21e7a72c,5a3d193f-cb2b-40df-b401-d786b9e25ef8,CSO-2025-06-09,1,35000,0,0,MXN,excel_cso,Extraccion diaria de compras de gas natural para CCC Saltillo desde Consolidado CSO.xlsx.,Consolidado CSO.xlsx
09/07/2025,6bc2fbe4-3a34-4837-a3d8-8162e642ba3a,1a3dde4b-6f67-49db-ac6e-7578d0af0d95,9693a1d1-4b88-4d73-8138-b46b21e7a72c,5a3d193f-cb2b-40df-b401-d786b9e25ef8,CSO-2025-07-09,1,35000,0,0,MXN,excel_cso,Extraccion diaria de compras de gas natural para CCC Saltillo desde Consolidado CSO.xlsx.,Consolidado CSO.xlsx
09/08/2025,6bc2fbe4-3a34-4837-a3d8-8162e642ba3a,1a3dde4b-6f67-49db-ac6e-7578d0af0d95,9693a1d1-4b88-4d73-8138-b46b21e7a72c,5a3d193f-cb2b-40df-b401-d786b9e25ef8,CSO-2025-08-09,1,15000,0,0,MXN,excel_cso,Extraccion diaria de compras de gas natural para CCC Saltillo desde Consolidado CSO.xlsx.,Consolidado CSO.xlsx
09/09/2025,6bc2fbe4-3a34-4837-a3d8-8162e642ba3a,1a3dde4b-6f67-49db-ac6e-7578d0af0d95,9693a1d1-4b88-4d73-8138-b46b21e7a72c,5a3d193f-cb2b-40df-b401-d786b9e25ef8,CSO-2025-09-09,1,25323,0,0,MXN,excel_cso,Extraccion diaria de compras de gas natural para CCC Saltillo desde Consolidado CSO.xlsx.,Consolidado CSO.xlsx
09/10/2025,6bc2fbe4-3a34-4837-a3d8-8162e642ba3a,1a3dde4b-6f67-49db-ac6e-7578d0af0d95,9693a1d1-4b88-4d73-8138-b46b21e7a72c,5a3d193f-cb2b-40df-b401-d786b9e25ef8,CSO-2025-10-09,1,37000,0,0,MXN,excel_cso,Extraccion diaria de compras de gas natural para CCC Saltillo desde Consolidado CSO.xlsx.,Consolidado CSO.xlsx
09/11/2025,6bc2fbe4-3a34-4837-a3d8-8162e642ba3a,1a3dde4b-6f67-49db-ac6e-7578d0af0d95,9693a1d1-4b88-4d73-8138-b46b21e7a72c,5a3d193f-cb2b-40df-b401-d786b9e25ef8,CSO-2025-11-09,1,30000,0,0,MXN,excel_cso,Extraccion diaria de compras de gas natural para CCC Saltillo desde Consolidado CSO.xlsx.,Consolidado CSO.xlsx
09/12/2025,6bc2fbe4-3a34-4837-a3d8-8162e642ba3a,1a3dde4b-6f67-49db-ac6e-7578d0af0d95,9693a1d1-4b88-4d73-8138-b46b21e7a72c,5a3d193f-cb2b-40df-b401-d786b9e25ef8,CSO-2025-12-09,1,44000,0,0,MXN,excel_cso,Extraccion diaria de compras de gas natural para CCC Saltillo desde Consolidado CSO.xlsx.,Consolidado CSO.xlsx
10/01/2025,6bc2fbe4-3a34-4837-a3d8-8162e642ba3a,1a3dde4b-6f67-49db-ac6e-7578d0af0d95,9693a1d1-4b88-4d73-8138-b46b21e7a72c,5a3d193f-cb2b-40df-b401-d786b9e25ef8,CSO-2025-01-10,1,38000,0,0,MXN,excel_cso,Extraccion diaria de compras de gas natural para CCC Saltillo desde Consolidado CSO.xlsx.,Consolidado CSO.xlsx
10/02/2025,6bc2fbe4-3a34-4837-a3d8-8162e642ba3a,1a3dde4b-6f67-49db-ac6e-7578d0af0d95,9693a1d1-4b88-4d73-8138-b46b21e7a72c,5a3d193f-cb2b-40df-b401-d786b9e25ef8,CSO-2025-02-10,1,37000,0,0,MXN,excel_cso,Extraccion diaria de compras de gas natural para CCC Saltillo desde Consolidado CSO.xlsx.,Consolidado CSO.xlsx
10/03/2025,6bc2fbe4-3a34-4837-a3d8-8162e642ba3a,1a3dde4b-6f67-49db-ac6e-7578d0af0d95,9693a1d1-4b88-4d73-8138-b46b21e7a72c,5a3d193f-cb2b-40df-b401-d786b9e25ef8,CSO-2025-03-10,1,0,0,0,MXN,excel_cso,Extraccion diaria de compras de gas natural para CCC Saltillo desde Consolidado CSO.xlsx.,Consolidado CSO.xlsx
10/04/2025,6bc2fbe4-3a34-4837-a3d8-8162e642ba3a,1a3dde4b-6f67-49db-ac6e-7578d0af0d95,9693a1d1-4b88-4d73-8138-b46b21e7a72c,5a3d193f-cb2b-40df-b401-d786b9e25ef8,CSO-2025-04-10,1,34000,0,0,MXN,excel_cso,Extraccion diaria de compras de gas natural para CCC Saltillo desde Consolidado CSO.xlsx.,Consolidado CSO.xlsx
10/05/2025,6bc2fbe4-3a34-4837-a3d8-8162e642ba3a,1a3dde4b-6f67-49db-ac6e-7578d0af0d95,9693a1d1-4b88-4d73-8138-b46b21e7a72c,5a3d193f-cb2b-40df-b401-d786b9e25ef8,CSO-2025-05-10,1,35000,0,0,MXN,excel_cso,Extraccion diaria de compras de gas natural para CCC Saltillo desde Consolidado CSO.xlsx.,Consolidado CSO.xlsx
10/06/2025,6bc2fbe4-3a34-4837-a3d8-8162e642ba3a,1a3dde4b-6f67-49db-ac6e-7578d0af0d95,9693a1d1-4b88-4d73-8138-b46b21e7a72c,5a3d193f-cb2b-40df-b401-d786b9e25ef8,CSO-2025-06-10,1,45000,0,0,MXN,excel_cso,Extraccion diaria de compras de gas natural para CCC Saltillo desde Consolidado CSO.xlsx.,Consolidado CSO.xlsx
10/07/2025,6bc2fbe4-3a34-4837-a3d8-8162e642ba3a,1a3dde4b-6f67-49db-ac6e-7578d0af0d95,9693a1d1-4b88-4d73-8138-b46b21e7a72c,5a3d193f-cb2b-40df-b401-d786b9e25ef8,CSO-2025-07-10,1,37000,0,0,MXN,excel_cso,Extraccion diaria de compras de gas natural para CCC Saltillo desde Consolidado CSO.xlsx.,Consolidado CSO.xlsx
10/08/2025,6bc2fbe4-3a34-4837-a3d8-8162e642ba3a,1a3dde4b-6f67-49db-ac6e-7578d0af0d95,9693a1d1-4b88-4d73-8138-b46b21e7a72c,5a3d193f-cb2b-40df-b401-d786b9e25ef8,CSO-2025-08-10,1,21000,0,0,MXN,excel_cso,Extraccion diaria de compras de gas natural para CCC Saltillo desde Consolidado CSO.xlsx.,Consolidado CSO.xlsx
10/09/2025,6bc2fbe4-3a34-4837-a3d8-8162e642ba3a,1a3dde4b-6f67-49db-ac6e-7578d0af0d95,9693a1d1-4b88-4d73-8138-b46b21e7a72c,5a3d193f-cb2b-40df-b401-d786b9e25ef8,CSO-2025-09-10,1,33170,0,0,MXN,excel_cso,Extraccion diaria de compras de gas natural para CCC Saltillo desde Consolidado CSO.xlsx.,Consolidado CSO.xlsx
10/10/2025,6bc2fbe4-3a34-4837-a3d8-8162e642ba3a,1a3dde4b-6f67-49db-ac6e-7578d0af0d95,9693a1d1-4b88-4d73-8138-b46b21e7a72c,5a3d193f-cb2b-40df-b401-d786b9e25ef8,CSO-2025-10-10,1,38000,0,0,MXN,excel_cso,Extraccion diaria de compras de gas natural para CCC Saltillo desde Consolidado CSO.xlsx.,Consolidado CSO.xlsx
10/11/2025,6bc2fbe4-3a34-4837-a3d8-8162e642ba3a,1a3dde4b-6f67-49db-ac6e-7578d0af0d95,9693a1d1-4b88-4d73-8138-b46b21e7a72c,5a3d193f-cb2b-40df-b401-d786b9e25ef8,CSO-2025-11-10,1,37000,0,0,MXN,excel_cso,Extraccion diaria de compras de gas natural para CCC Saltillo desde Consolidado CSO.xlsx.,Consolidado CSO.xlsx
10/12/2025,6bc2fbe4-3a34-4837-a3d8-8162e642ba3a,1a3dde4b-6f67-49db-ac6e-7578d0af0d95,9693a1d1-4b88-4d73-8138-b46b21e7a72c,5a3d193f-cb2b-40df-b401-d786b9e25ef8,CSO-2025-12-10,1,37000,0,0,MXN,excel_cso,Extraccion diaria de compras de gas natural para CCC Saltillo desde Consolidado CSO.xlsx.,Consolidado CSO.xlsx
11/01/2025,6bc2fbe4-3a34-4837-a3d8-8162e642ba3a,1a3dde4b-6f67-49db-ac6e-7578d0af0d95,9693a1d1-4b88-4d73-8138-b46b21e7a72c,5a3d193f-cb2b-40df-b401-d786b9e25ef8,CSO-2025-01-11,1,31000,0,0,MXN,excel_cso,Extraccion diaria de compras de gas natural para CCC Saltillo desde Consolidado CSO.xlsx.,Consolidado CSO.xlsx
11/02/2025,6bc2fbe4-3a34-4837-a3d8-8162e642ba3a,1a3dde4b-6f67-49db-ac6e-7578d0af0d95,9693a1d1-4b88-4d73-8138-b46b21e7a72c,5a3d193f-cb2b-40df-b401-d786b9e25ef8,CSO-2025-02-11,1,36000,0,0,MXN,excel_cso,Extraccion diaria de compras de gas natural para CCC Saltillo desde Consolidado CSO.xlsx.,Consolidado CSO.xlsx
11/03/2025,6bc2fbe4-3a34-4837-a3d8-8162e642ba3a,1a3dde4b-6f67-49db-ac6e-7578d0af0d95,9693a1d1-4b88-4d73-8138-b46b21e7a72c,5a3d193f-cb2b-40df-b401-d786b9e25ef8,CSO-2025-03-11,1,0,0,0,MXN,excel_cso,Extraccion diaria de compras de gas natural para CCC Saltillo desde Consolidado CSO.xlsx.,Consolidado CSO.xlsx
11/04/2025,6bc2fbe4-3a34-4837-a3d8-8162e642ba3a,1a3dde4b-6f67-49db-ac6e-7578d0af0d95,9693a1d1-4b88-4d73-8138-b46b21e7a72c,5a3d193f-cb2b-40df-b401-d786b9e25ef8,CSO-2025-04-11,1,30000,0,0,MXN,excel_cso,Extraccion diaria de compras de gas natural para CCC Saltillo desde Consolidado CSO.xlsx.,Consolidado CSO.xlsx
11/05/2025,6bc2fbe4-3a34-4837-a3d8-8162e642ba3a,1a3dde4b-6f67-49db-ac6e-7578d0af0d95,9693a1d1-4b88-4d73-8138-b46b21e7a72c,5a3d193f-cb2b-40df-b401-d786b9e25ef8,CSO-2025-05-11,1,35000,0,0,MXN,excel_cso,Extraccion diaria de compras de gas natural para CCC Saltillo desde Consolidado CSO.xlsx.,Consolidado CSO.xlsx
11/06/2025,6bc2fbe4-3a34-4837-a3d8-8162e642ba3a,1a3dde4b-6f67-49db-ac6e-7578d0af0d95,9693a1d1-4b88-4d73-8138-b46b21e7a72c,5a3d193f-cb2b-40df-b401-d786b9e25ef8,CSO-2025-06-11,1,42000,0,0,MXN,excel_cso,Extraccion diaria de compras de gas natural para CCC Saltillo desde Consolidado CSO.xlsx.,Consolidado CSO.xlsx
11/07/2025,6bc2fbe4-3a34-4837-a3d8-8162e642ba3a,1a3dde4b-6f67-49db-ac6e-7578d0af0d95,9693a1d1-4b88-4d73-8138-b46b21e7a72c,5a3d193f-cb2b-40df-b401-d786b9e25ef8,CSO-2025-07-11,1,32000,0,0,MXN,excel_cso,Extraccion diaria de compras de gas natural para CCC Saltillo desde Consolidado CSO.xlsx.,Consolidado CSO.xlsx
11/08/2025,6bc2fbe4-3a34-4837-a3d8-8162e642ba3a,1a3dde4b-6f67-49db-ac6e-7578d0af0d95,9693a1d1-4b88-4d73-8138-b46b21e7a72c,5a3d193f-cb2b-40df-b401-d786b9e25ef8,CSO-2025-08-11,1,39000,0,0,MXN,excel_cso,Extraccion diaria de compras de gas natural para CCC Saltillo desde Consolidado CSO.xlsx.,Consolidado CSO.xlsx
11/09/2025,6bc2fbe4-3a34-4837-a3d8-8162e642ba3a,1a3dde4b-6f67-49db-ac6e-7578d0af0d95,9693a1d1-4b88-4d73-8138-b46b21e7a72c,5a3d193f-cb2b-40df-b401-d786b9e25ef8,CSO-2025-09-11,1,29000,0,0,MXN,excel_cso,Extraccion diaria de compras de gas natural para CCC Saltillo desde Consolidado CSO.xlsx.,Consolidado CSO.xlsx
11/10/2025,6bc2fbe4-3a34-4837-a3d8-8162e642ba3a,1a3dde4b-6f67-49db-ac6e-7578d0af0d95,9693a1d1-4b88-4d73-8138-b46b21e7a72c,5a3d193f-cb2b-40df-b401-d786b9e25ef8,CSO-2025-10-11,1,30000,0,0,MXN,excel_cso,Extraccion diaria de compras de gas natural para CCC Saltillo desde Consolidado CSO.xlsx.,Consolidado CSO.xlsx
11/11/2025,6bc2fbe4-3a34-4837-a3d8-8162e642ba3a,1a3dde4b-6f67-49db-ac6e-7578d0af0d95,9693a1d1-4b88-4d73-8138-b46b21e7a72c,5a3d193f-cb2b-40df-b401-d786b9e25ef8,CSO-2025-11-11,1,56000,0,0,MXN,excel_cso,Extraccion diaria de compras de gas natural para CCC Saltillo desde Consolidado CSO.xlsx.,Consolidado CSO.xlsx
11/12/2025,6bc2fbe4-3a34-4837-a3d8-8162e642ba3a,1a3dde4b-6f67-49db-ac6e-7578d0af0d95,9693a1d1-4b88-4d73-8138-b46b21e7a72c,5a3d193f-cb2b-40df-b401-d786b9e25ef8,CSO-2025-12-11,1,37000,0,0,MXN,excel_cso,Extraccion diaria de compras de gas natural para CCC Saltillo desde Consolidado CSO.xlsx.,Consolidado CSO.xlsx
12/01/2025,6bc2fbe4-3a34-4837-a3d8-8162e642ba3a,1a3dde4b-6f67-49db-ac6e-7578d0af0d95,9693a1d1-4b88-4d73-8138-b46b21e7a72c,5a3d193f-cb2b-40df-b401-d786b9e25ef8,CSO-2025-01-12,1,31000,0,0,MXN,excel_cso,Extraccion diaria de compras de gas natural para CCC Saltillo desde Consolidado CSO.xlsx.,Consolidado CSO.xlsx
12/02/2025,6bc2fbe4-3a34-4837-a3d8-8162e642ba3a,1a3dde4b-6f67-49db-ac6e-7578d0af0d95,9693a1d1-4b88-4d73-8138-b46b21e7a72c,5a3d193f-cb2b-40df-b401-d786b9e25ef8,CSO-2025-02-12,1,36000,0,0,MXN,excel_cso,Extraccion diaria de compras de gas natural para CCC Saltillo desde Consolidado CSO.xlsx.,Consolidado CSO.xlsx
12/03/2025,6bc2fbe4-3a34-4837-a3d8-8162e642ba3a,1a3dde4b-6f67-49db-ac6e-7578d0af0d95,9693a1d1-4b88-4d73-8138-b46b21e7a72c,5a3d193f-cb2b-40df-b401-d786b9e25ef8,CSO-2025-03-12,1,0,0,0,MXN,excel_cso,Extraccion diaria de compras de gas natural para CCC Saltillo desde Consolidado CSO.xlsx.,Consolidado CSO.xlsx
12/04/2025,6bc2fbe4-3a34-4837-a3d8-8162e642ba3a,1a3dde4b-6f67-49db-ac6e-7578d0af0d95,9693a1d1-4b88-4d73-8138-b46b21e7a72c,5a3d193f-cb2b-40df-b401-d786b9e25ef8,CSO-2025-04-12,1,50000,0,0,MXN,excel_cso,Extraccion diaria de compras de gas natural para CCC Saltillo desde Consolidado CSO.xlsx.,Consolidado CSO.xlsx
12/05/2025,6bc2fbe4-3a34-4837-a3d8-8162e642ba3a,1a3dde4b-6f67-49db-ac6e-7578d0af0d95,9693a1d1-4b88-4d73-8138-b46b21e7a72c,5a3d193f-cb2b-40df-b401-d786b9e25ef8,CSO-2025-05-12,1,35000,0,0,MXN,excel_cso,Extraccion diaria de compras de gas natural para CCC Saltillo desde Consolidado CSO.xlsx.,Consolidado CSO.xlsx
12/06/2025,6bc2fbe4-3a34-4837-a3d8-8162e642ba3a,1a3dde4b-6f67-49db-ac6e-7578d0af0d95,9693a1d1-4b88-4d73-8138-b46b21e7a72c,5a3d193f-cb2b-40df-b401-d786b9e25ef8,CSO-2025-06-12,1,42000,0,0,MXN,excel_cso,Extraccion diaria de compras de gas natural para CCC Saltillo desde Consolidado CSO.xlsx.,Consolidado CSO.xlsx
12/07/2025,6bc2fbe4-3a34-4837-a3d8-8162e642ba3a,1a3dde4b-6f67-49db-ac6e-7578d0af0d95,9693a1d1-4b88-4d73-8138-b46b21e7a72c,5a3d193f-cb2b-40df-b401-d786b9e25ef8,CSO-2025-07-12,1,36000,0,0,MXN,excel_cso,Extraccion diaria de compras de gas natural para CCC Saltillo desde Consolidado CSO.xlsx.,Consolidado CSO.xlsx
12/08/2025,6bc2fbe4-3a34-4837-a3d8-8162e642ba3a,1a3dde4b-6f67-49db-ac6e-7578d0af0d95,9693a1d1-4b88-4d73-8138-b46b21e7a72c,5a3d193f-cb2b-40df-b401-d786b9e25ef8,CSO-2025-08-12,1,39000,0,0,MXN,excel_cso,Extraccion diaria de compras de gas natural para CCC Saltillo desde Consolidado CSO.xlsx.,Consolidado CSO.xlsx
12/09/2025,6bc2fbe4-3a34-4837-a3d8-8162e642ba3a,1a3dde4b-6f67-49db-ac6e-7578d0af0d95,9693a1d1-4b88-4d73-8138-b46b21e7a72c,5a3d193f-cb2b-40df-b401-d786b9e25ef8,CSO-2025-09-12,1,36000,0,0,MXN,excel_cso,Extraccion diaria de compras de gas natural para CCC Saltillo desde Consolidado CSO.xlsx.,Consolidado CSO.xlsx
12/10/2025,6bc2fbe4-3a34-4837-a3d8-8162e642ba3a,1a3dde4b-6f67-49db-ac6e-7578d0af0d95,9693a1d1-4b88-4d73-8138-b46b21e7a72c,5a3d193f-cb2b-40df-b401-d786b9e25ef8,CSO-2025-10-12,1,25000,0,0,MXN,excel_cso,Extraccion diaria de compras de gas natural para CCC Saltillo desde Consolidado CSO.xlsx.,Consolidado CSO.xlsx
12/11/2025,6bc2fbe4-3a34-4837-a3d8-8162e642ba3a,1a3dde4b-6f67-49db-ac6e-7578d0af0d95,9693a1d1-4b88-4d73-8138-b46b21e7a72c,5a3d193f-cb2b-40df-b401-d786b9e25ef8,CSO-2025-11-12,1,37000,0,0,MXN,excel_cso,Extraccion diaria de compras de gas natural para CCC Saltillo desde Consolidado CSO.xlsx.,Consolidado CSO.xlsx
12/12/2025,6bc2fbe4-3a34-4837-a3d8-8162e642ba3a,1a3dde4b-6f67-49db-ac6e-7578d0af0d95,9693a1d1-4b88-4d73-8138-b46b21e7a72c,5a3d193f-cb2b-40df-b401-d786b9e25ef8,CSO-2025-12-12,1,13000,0,0,MXN,excel_cso,Extraccion diaria de compras de gas natural para CCC Saltillo desde Consolidado CSO.xlsx.,Consolidado CSO.xlsx
13/01/2025,6bc2fbe4-3a34-4837-a3d8-8162e642ba3a,1a3dde4b-6f67-49db-ac6e-7578d0af0d95,9693a1d1-4b88-4d73-8138-b46b21e7a72c,5a3d193f-cb2b-40df-b401-d786b9e25ef8,CSO-2025-01-13,1,41000,0,0,MXN,excel_cso,Extraccion diaria de compras de gas natural para CCC Saltillo desde Consolidado CSO.xlsx.,Consolidado CSO.xlsx
13/02/2025,6bc2fbe4-3a34-4837-a3d8-8162e642ba3a,1a3dde4b-6f67-49db-ac6e-7578d0af0d95,9693a1d1-4b88-4d73-8138-b46b21e7a72c,5a3d193f-cb2b-40df-b401-d786b9e25ef8,CSO-2025-02-13,1,36000,0,0,MXN,excel_cso,Extraccion diaria de compras de gas natural para CCC Saltillo desde Consolidado CSO.xlsx.,Consolidado CSO.xlsx
13/03/2025,6bc2fbe4-3a34-4837-a3d8-8162e642ba3a,1a3dde4b-6f67-49db-ac6e-7578d0af0d95,9693a1d1-4b88-4d73-8138-b46b21e7a72c,5a3d193f-cb2b-40df-b401-d786b9e25ef8,CSO-2025-03-13,1,0,0,0,MXN,excel_cso,Extraccion diaria de compras de gas natural para CCC Saltillo desde Consolidado CSO.xlsx.,Consolidado CSO.xlsx
13/04/2025,6bc2fbe4-3a34-4837-a3d8-8162e642ba3a,1a3dde4b-6f67-49db-ac6e-7578d0af0d95,9693a1d1-4b88-4d73-8138-b46b21e7a72c,5a3d193f-cb2b-40df-b401-d786b9e25ef8,CSO-2025-04-13,1,20000,0,0,MXN,excel_cso,Extraccion diaria de compras de gas natural para CCC Saltillo desde Consolidado CSO.xlsx.,Consolidado CSO.xlsx
13/05/2025,6bc2fbe4-3a34-4837-a3d8-8162e642ba3a,1a3dde4b-6f67-49db-ac6e-7578d0af0d95,9693a1d1-4b88-4d73-8138-b46b21e7a72c,5a3d193f-cb2b-40df-b401-d786b9e25ef8,CSO-2025-05-13,1,35000,0,0,MXN,excel_cso,Extraccion diaria de compras de gas natural para CCC Saltillo desde Consolidado CSO.xlsx.,Consolidado CSO.xlsx
13/06/2025,6bc2fbe4-3a34-4837-a3d8-8162e642ba3a,1a3dde4b-6f67-49db-ac6e-7578d0af0d95,9693a1d1-4b88-4d73-8138-b46b21e7a72c,5a3d193f-cb2b-40df-b401-d786b9e25ef8,CSO-2025-06-13,1,38000,0,0,MXN,excel_cso,Extraccion diaria de compras de gas natural para CCC Saltillo desde Consolidado CSO.xlsx.,Consolidado CSO.xlsx
13/07/2025,6bc2fbe4-3a34-4837-a3d8-8162e642ba3a,1a3dde4b-6f67-49db-ac6e-7578d0af0d95,9693a1d1-4b88-4d73-8138-b46b21e7a72c,5a3d193f-cb2b-40df-b401-d786b9e25ef8,CSO-2025-07-13,1,1000,0,0,MXN,excel_cso,Extraccion diaria de compras de gas natural para CCC Saltillo desde Consolidado CSO.xlsx.,Consolidado CSO.xlsx
13/08/2025,6bc2fbe4-3a34-4837-a3d8-8162e642ba3a,1a3dde4b-6f67-49db-ac6e-7578d0af0d95,9693a1d1-4b88-4d73-8138-b46b21e7a72c,5a3d193f-cb2b-40df-b401-d786b9e25ef8,CSO-2025-08-13,1,48000,0,0,MXN,excel_cso,Extraccion diaria de compras de gas natural para CCC Saltillo desde Consolidado CSO.xlsx.,Consolidado CSO.xlsx
13/09/2025,6bc2fbe4-3a34-4837-a3d8-8162e642ba3a,1a3dde4b-6f67-49db-ac6e-7578d0af0d95,9693a1d1-4b88-4d73-8138-b46b21e7a72c,5a3d193f-cb2b-40df-b401-d786b9e25ef8,CSO-2025-09-13,1,38000,0,0,MXN,excel_cso,Extraccion diaria de compras de gas natural para CCC Saltillo desde Consolidado CSO.xlsx.,Consolidado CSO.xlsx
13/10/2025,6bc2fbe4-3a34-4837-a3d8-8162e642ba3a,1a3dde4b-6f67-49db-ac6e-7578d0af0d95,9693a1d1-4b88-4d73-8138-b46b21e7a72c,5a3d193f-cb2b-40df-b401-d786b9e25ef8,CSO-2025-10-13,1,37000,0,0,MXN,excel_cso,Extraccion diaria de compras de gas natural para CCC Saltillo desde Consolidado CSO.xlsx.,Consolidado CSO.xlsx
13/11/2025,6bc2fbe4-3a34-4837-a3d8-8162e642ba3a,1a3dde4b-6f67-49db-ac6e-7578d0af0d95,9693a1d1-4b88-4d73-8138-b46b21e7a72c,5a3d193f-cb2b-40df-b401-d786b9e25ef8,CSO-2025-11-13,1,35000,0,0,MXN,excel_cso,Extraccion diaria de compras de gas natural para CCC Saltillo desde Consolidado CSO.xlsx.,Consolidado CSO.xlsx
13/12/2025,6bc2fbe4-3a34-4837-a3d8-8162e642ba3a,1a3dde4b-6f67-49db-ac6e-7578d0af0d95,9693a1d1-4b88-4d73-8138-b46b21e7a72c,5a3d193f-cb2b-40df-b401-d786b9e25ef8,CSO-2025-12-13,1,30000,0,0,MXN,excel_cso,Extraccion diaria de compras de gas natural para CCC Saltillo desde Consolidado CSO.xlsx.,Consolidado CSO.xlsx
14/01/2025,6bc2fbe4-3a34-4837-a3d8-8162e642ba3a,1a3dde4b-6f67-49db-ac6e-7578d0af0d95,9693a1d1-4b88-4d73-8138-b46b21e7a72c,5a3d193f-cb2b-40df-b401-d786b9e25ef8,CSO-2025-01-14,1,33000,0,0,MXN,excel_cso,Extraccion diaria de compras de gas natural para CCC Saltillo desde Consolidado CSO.xlsx.,Consolidado CSO.xlsx
14/02/2025,6bc2fbe4-3a34-4837-a3d8-8162e642ba3a,1a3dde4b-6f67-49db-ac6e-7578d0af0d95,9693a1d1-4b88-4d73-8138-b46b21e7a72c,5a3d193f-cb2b-40df-b401-d786b9e25ef8,CSO-2025-02-14,1,37000,0,0,MXN,excel_cso,Extraccion diaria de compras de gas natural para CCC Saltillo desde Consolidado CSO.xlsx.,Consolidado CSO.xlsx
14/03/2025,6bc2fbe4-3a34-4837-a3d8-8162e642ba3a,1a3dde4b-6f67-49db-ac6e-7578d0af0d95,9693a1d1-4b88-4d73-8138-b46b21e7a72c,5a3d193f-cb2b-40df-b401-d786b9e25ef8,CSO-2025-03-14,1,0,0,0,MXN,excel_cso,Extraccion diaria de compras de gas natural para CCC Saltillo desde Consolidado CSO.xlsx.,Consolidado CSO.xlsx
14/04/2025,6bc2fbe4-3a34-4837-a3d8-8162e642ba3a,1a3dde4b-6f67-49db-ac6e-7578d0af0d95,9693a1d1-4b88-4d73-8138-b46b21e7a72c,5a3d193f-cb2b-40df-b401-d786b9e25ef8,CSO-2025-04-14,1,30000,0,0,MXN,excel_cso,Extraccion diaria de compras de gas natural para CCC Saltillo desde Consolidado CSO.xlsx.,Consolidado CSO.xlsx
14/05/2025,6bc2fbe4-3a34-4837-a3d8-8162e642ba3a,1a3dde4b-6f67-49db-ac6e-7578d0af0d95,9693a1d1-4b88-4d73-8138-b46b21e7a72c,5a3d193f-cb2b-40df-b401-d786b9e25ef8,CSO-2025-05-14,1,35000,0,0,MXN,excel_cso,Extraccion diaria de compras de gas natural para CCC Saltillo desde Consolidado CSO.xlsx.,Consolidado CSO.xlsx
14/06/2025,6bc2fbe4-3a34-4837-a3d8-8162e642ba3a,1a3dde4b-6f67-49db-ac6e-7578d0af0d95,9693a1d1-4b88-4d73-8138-b46b21e7a72c,5a3d193f-cb2b-40df-b401-d786b9e25ef8,CSO-2025-06-14,1,35000,0,0,MXN,excel_cso,Extraccion diaria de compras de gas natural para CCC Saltillo desde Consolidado CSO.xlsx.,Consolidado CSO.xlsx
14/07/2025,6bc2fbe4-3a34-4837-a3d8-8162e642ba3a,1a3dde4b-6f67-49db-ac6e-7578d0af0d95,9693a1d1-4b88-4d73-8138-b46b21e7a72c,5a3d193f-cb2b-40df-b401-d786b9e25ef8,CSO-2025-07-14,1,27973,0,0,MXN,excel_cso,Extraccion diaria de compras de gas natural para CCC Saltillo desde Consolidado CSO.xlsx.,Consolidado CSO.xlsx
14/08/2025,6bc2fbe4-3a34-4837-a3d8-8162e642ba3a,1a3dde4b-6f67-49db-ac6e-7578d0af0d95,9693a1d1-4b88-4d73-8138-b46b21e7a72c,5a3d193f-cb2b-40df-b401-d786b9e25ef8,CSO-2025-08-14,1,40000,0,0,MXN,excel_cso,Extraccion diaria de compras de gas natural para CCC Saltillo desde Consolidado CSO.xlsx.,Consolidado CSO.xlsx
14/09/2025,6bc2fbe4-3a34-4837-a3d8-8162e642ba3a,1a3dde4b-6f67-49db-ac6e-7578d0af0d95,9693a1d1-4b88-4d73-8138-b46b21e7a72c,5a3d193f-cb2b-40df-b401-d786b9e25ef8,CSO-2025-09-14,1,19060,0,0,MXN,excel_cso,Extraccion diaria de compras de gas natural para CCC Saltillo desde Consolidado CSO.xlsx.,Consolidado CSO.xlsx
14/10/2025,6bc2fbe4-3a34-4837-a3d8-8162e642ba3a,1a3dde4b-6f67-49db-ac6e-7578d0af0d95,9693a1d1-4b88-4d73-8138-b46b21e7a72c,5a3d193f-cb2b-40df-b401-d786b9e25ef8,CSO-2025-10-14,1,38000,0,0,MXN,excel_cso,Extraccion diaria de compras de gas natural para CCC Saltillo desde Consolidado CSO.xlsx.,Consolidado CSO.xlsx
14/11/2025,6bc2fbe4-3a34-4837-a3d8-8162e642ba3a,1a3dde4b-6f67-49db-ac6e-7578d0af0d95,9693a1d1-4b88-4d73-8138-b46b21e7a72c,5a3d193f-cb2b-40df-b401-d786b9e25ef8,CSO-2025-11-14,1,40000,0,0,MXN,excel_cso,Extraccion diaria de compras de gas natural para CCC Saltillo desde Consolidado CSO.xlsx.,Consolidado CSO.xlsx
14/12/2025,6bc2fbe4-3a34-4837-a3d8-8162e642ba3a,1a3dde4b-6f67-49db-ac6e-7578d0af0d95,9693a1d1-4b88-4d73-8138-b46b21e7a72c,5a3d193f-cb2b-40df-b401-d786b9e25ef8,CSO-2025-12-14,1,20000,0,0,MXN,excel_cso,Extraccion diaria de compras de gas natural para CCC Saltillo desde Consolidado CSO.xlsx.,Consolidado CSO.xlsx
15/01/2025,6bc2fbe4-3a34-4837-a3d8-8162e642ba3a,1a3dde4b-6f67-49db-ac6e-7578d0af0d95,9693a1d1-4b88-4d73-8138-b46b21e7a72c,5a3d193f-cb2b-40df-b401-d786b9e25ef8,CSO-2025-01-15,1,42000,0,0,MXN,excel_cso,Extraccion diaria de compras de gas natural para CCC Saltillo desde Consolidado CSO.xlsx.,Consolidado CSO.xlsx
15/02/2025,6bc2fbe4-3a34-4837-a3d8-8162e642ba3a,1a3dde4b-6f67-49db-ac6e-7578d0af0d95,9693a1d1-4b88-4d73-8138-b46b21e7a72c,5a3d193f-cb2b-40df-b401-d786b9e25ef8,CSO-2025-02-15,1,27000,0,0,MXN,excel_cso,Extraccion diaria de compras de gas natural para CCC Saltillo desde Consolidado CSO.xlsx.,Consolidado CSO.xlsx
15/03/2025,6bc2fbe4-3a34-4837-a3d8-8162e642ba3a,1a3dde4b-6f67-49db-ac6e-7578d0af0d95,9693a1d1-4b88-4d73-8138-b46b21e7a72c,5a3d193f-cb2b-40df-b401-d786b9e25ef8,CSO-2025-03-15,1,0,0,0,MXN,excel_cso,Extraccion diaria de compras de gas natural para CCC Saltillo desde Consolidado CSO.xlsx.,Consolidado CSO.xlsx
15/04/2025,6bc2fbe4-3a34-4837-a3d8-8162e642ba3a,1a3dde4b-6f67-49db-ac6e-7578d0af0d95,9693a1d1-4b88-4d73-8138-b46b21e7a72c,5a3d193f-cb2b-40df-b401-d786b9e25ef8,CSO-2025-04-15,1,30000,0,0,MXN,excel_cso,Extraccion diaria de compras de gas natural para CCC Saltillo desde Consolidado CSO.xlsx.,Consolidado CSO.xlsx
15/05/2025,6bc2fbe4-3a34-4837-a3d8-8162e642ba3a,1a3dde4b-6f67-49db-ac6e-7578d0af0d95,9693a1d1-4b88-4d73-8138-b46b21e7a72c,5a3d193f-cb2b-40df-b401-d786b9e25ef8,CSO-2025-05-15,1,35000,0,0,MXN,excel_cso,Extraccion diaria de compras de gas natural para CCC Saltillo desde Consolidado CSO.xlsx.,Consolidado CSO.xlsx
15/06/2025,6bc2fbe4-3a34-4837-a3d8-8162e642ba3a,1a3dde4b-6f67-49db-ac6e-7578d0af0d95,9693a1d1-4b88-4d73-8138-b46b21e7a72c,5a3d193f-cb2b-40df-b401-d786b9e25ef8,CSO-2025-06-15,1,0,0,0,MXN,excel_cso,Extraccion diaria de compras de gas natural para CCC Saltillo desde Consolidado CSO.xlsx.,Consolidado CSO.xlsx
15/07/2025,6bc2fbe4-3a34-4837-a3d8-8162e642ba3a,1a3dde4b-6f67-49db-ac6e-7578d0af0d95,9693a1d1-4b88-4d73-8138-b46b21e7a72c,5a3d193f-cb2b-40df-b401-d786b9e25ef8,CSO-2025-07-15,1,47478,0,0,MXN,excel_cso,Extraccion diaria de compras de gas natural para CCC Saltillo desde Consolidado CSO.xlsx.,Consolidado CSO.xlsx
15/08/2025,6bc2fbe4-3a34-4837-a3d8-8162e642ba3a,1a3dde4b-6f67-49db-ac6e-7578d0af0d95,9693a1d1-4b88-4d73-8138-b46b21e7a72c,5a3d193f-cb2b-40df-b401-d786b9e25ef8,CSO-2025-08-15,1,39000,0,0,MXN,excel_cso,Extraccion diaria de compras de gas natural para CCC Saltillo desde Consolidado CSO.xlsx.,Consolidado CSO.xlsx
15/09/2025,6bc2fbe4-3a34-4837-a3d8-8162e642ba3a,1a3dde4b-6f67-49db-ac6e-7578d0af0d95,9693a1d1-4b88-4d73-8138-b46b21e7a72c,5a3d193f-cb2b-40df-b401-d786b9e25ef8,CSO-2025-09-15,1,35000,0,0,MXN,excel_cso,Extraccion diaria de compras de gas natural para CCC Saltillo desde Consolidado CSO.xlsx.,Consolidado CSO.xlsx
15/10/2025,6bc2fbe4-3a34-4837-a3d8-8162e642ba3a,1a3dde4b-6f67-49db-ac6e-7578d0af0d95,9693a1d1-4b88-4d73-8138-b46b21e7a72c,5a3d193f-cb2b-40df-b401-d786b9e25ef8,CSO-2025-10-15,1,33000,0,0,MXN,excel_cso,Extraccion diaria de compras de gas natural para CCC Saltillo desde Consolidado CSO.xlsx.,Consolidado CSO.xlsx
15/11/2025,6bc2fbe4-3a34-4837-a3d8-8162e642ba3a,1a3dde4b-6f67-49db-ac6e-7578d0af0d95,9693a1d1-4b88-4d73-8138-b46b21e7a72c,5a3d193f-cb2b-40df-b401-d786b9e25ef8,CSO-2025-11-15,1,40000,0,0,MXN,excel_cso,Extraccion diaria de compras de gas natural para CCC Saltillo desde Consolidado CSO.xlsx.,Consolidado CSO.xlsx
15/12/2025,6bc2fbe4-3a34-4837-a3d8-8162e642ba3a,1a3dde4b-6f67-49db-ac6e-7578d0af0d95,9693a1d1-4b88-4d73-8138-b46b21e7a72c,5a3d193f-cb2b-40df-b401-d786b9e25ef8,CSO-2025-12-15,1,33000,0,0,MXN,excel_cso,Extraccion diaria de compras de gas natural para CCC Saltillo desde Consolidado CSO.xlsx.,Consolidado CSO.xlsx
16/01/2025,6bc2fbe4-3a34-4837-a3d8-8162e642ba3a,1a3dde4b-6f67-49db-ac6e-7578d0af0d95,9693a1d1-4b88-4d73-8138-b46b21e7a72c,5a3d193f-cb2b-40df-b401-d786b9e25ef8,CSO-2025-01-16,1,36000,0,0,MXN,excel_cso,Extraccion diaria de compras de gas natural para CCC Saltillo desde Consolidado CSO.xlsx.,Consolidado CSO.xlsx
16/02/2025,6bc2fbe4-3a34-4837-a3d8-8162e642ba3a,1a3dde4b-6f67-49db-ac6e-7578d0af0d95,9693a1d1-4b88-4d73-8138-b46b21e7a72c,5a3d193f-cb2b-40df-b401-d786b9e25ef8,CSO-2025-02-16,1,5000,0,0,MXN,excel_cso,Extraccion diaria de compras de gas natural para CCC Saltillo desde Consolidado CSO.xlsx.,Consolidado CSO.xlsx
16/03/2025,6bc2fbe4-3a34-4837-a3d8-8162e642ba3a,1a3dde4b-6f67-49db-ac6e-7578d0af0d95,9693a1d1-4b88-4d73-8138-b46b21e7a72c,5a3d193f-cb2b-40df-b401-d786b9e25ef8,CSO-2025-03-16,1,0,0,0,MXN,excel_cso,Extraccion diaria de compras de gas natural para CCC Saltillo desde Consolidado CSO.xlsx.,Consolidado CSO.xlsx
16/04/2025,6bc2fbe4-3a34-4837-a3d8-8162e642ba3a,1a3dde4b-6f67-49db-ac6e-7578d0af0d95,9693a1d1-4b88-4d73-8138-b46b21e7a72c,5a3d193f-cb2b-40df-b401-d786b9e25ef8,CSO-2025-04-16,1,37000,0,0,MXN,excel_cso,Extraccion diaria de compras de gas natural para CCC Saltillo desde Consolidado CSO.xlsx.,Consolidado CSO.xlsx
16/05/2025,6bc2fbe4-3a34-4837-a3d8-8162e642ba3a,1a3dde4b-6f67-49db-ac6e-7578d0af0d95,9693a1d1-4b88-4d73-8138-b46b21e7a72c,5a3d193f-cb2b-40df-b401-d786b9e25ef8,CSO-2025-05-16,1,40000,0,0,MXN,excel_cso,Extraccion diaria de compras de gas natural para CCC Saltillo desde Consolidado CSO.xlsx.,Consolidado CSO.xlsx
16/06/2025,6bc2fbe4-3a34-4837-a3d8-8162e642ba3a,1a3dde4b-6f67-49db-ac6e-7578d0af0d95,9693a1d1-4b88-4d73-8138-b46b21e7a72c,5a3d193f-cb2b-40df-b401-d786b9e25ef8,CSO-2025-06-16,1,38000,0,0,MXN,excel_cso,Extraccion diaria de compras de gas natural para CCC Saltillo desde Consolidado CSO.xlsx.,Consolidado CSO.xlsx
16/07/2025,6bc2fbe4-3a34-4837-a3d8-8162e642ba3a,1a3dde4b-6f67-49db-ac6e-7578d0af0d95,9693a1d1-4b88-4d73-8138-b46b21e7a72c,5a3d193f-cb2b-40df-b401-d786b9e25ef8,CSO-2025-07-16,1,36000,0,0,MXN,excel_cso,Extraccion diaria de compras de gas natural para CCC Saltillo desde Consolidado CSO.xlsx.,Consolidado CSO.xlsx
16/08/2025,6bc2fbe4-3a34-4837-a3d8-8162e642ba3a,1a3dde4b-6f67-49db-ac6e-7578d0af0d95,9693a1d1-4b88-4d73-8138-b46b21e7a72c,5a3d193f-cb2b-40df-b401-d786b9e25ef8,CSO-2025-08-16,1,36000,0,0,MXN,excel_cso,Extraccion diaria de compras de gas natural para CCC Saltillo desde Consolidado CSO.xlsx.,Consolidado CSO.xlsx
16/09/2025,6bc2fbe4-3a34-4837-a3d8-8162e642ba3a,1a3dde4b-6f67-49db-ac6e-7578d0af0d95,9693a1d1-4b88-4d73-8138-b46b21e7a72c,5a3d193f-cb2b-40df-b401-d786b9e25ef8,CSO-2025-09-16,1,20000,0,0,MXN,excel_cso,Extraccion diaria de compras de gas natural para CCC Saltillo desde Consolidado CSO.xlsx.,Consolidado CSO.xlsx
16/10/2025,6bc2fbe4-3a34-4837-a3d8-8162e642ba3a,1a3dde4b-6f67-49db-ac6e-7578d0af0d95,9693a1d1-4b88-4d73-8138-b46b21e7a72c,5a3d193f-cb2b-40df-b401-d786b9e25ef8,CSO-2025-10-16,1,27000,0,0,MXN,excel_cso,Extraccion diaria de compras de gas natural para CCC Saltillo desde Consolidado CSO.xlsx.,Consolidado CSO.xlsx
16/11/2025,6bc2fbe4-3a34-4837-a3d8-8162e642ba3a,1a3dde4b-6f67-49db-ac6e-7578d0af0d95,9693a1d1-4b88-4d73-8138-b46b21e7a72c,5a3d193f-cb2b-40df-b401-d786b9e25ef8,CSO-2025-11-16,1,25000,0,0,MXN,excel_cso,Extraccion diaria de compras de gas natural para CCC Saltillo desde Consolidado CSO.xlsx.,Consolidado CSO.xlsx
16/12/2025,6bc2fbe4-3a34-4837-a3d8-8162e642ba3a,1a3dde4b-6f67-49db-ac6e-7578d0af0d95,9693a1d1-4b88-4d73-8138-b46b21e7a72c,5a3d193f-cb2b-40df-b401-d786b9e25ef8,CSO-2025-12-16,1,42000,0,0,MXN,excel_cso,Extraccion diaria de compras de gas natural para CCC Saltillo desde Consolidado CSO.xlsx.,Consolidado CSO.xlsx
17/01/2025,6bc2fbe4-3a34-4837-a3d8-8162e642ba3a,1a3dde4b-6f67-49db-ac6e-7578d0af0d95,9693a1d1-4b88-4d73-8138-b46b21e7a72c,5a3d193f-cb2b-40df-b401-d786b9e25ef8,CSO-2025-01-17,1,33000,0,0,MXN,excel_cso,Extraccion diaria de compras de gas natural para CCC Saltillo desde Consolidado CSO.xlsx.,Consolidado CSO.xlsx
17/02/2025,6bc2fbe4-3a34-4837-a3d8-8162e642ba3a,1a3dde4b-6f67-49db-ac6e-7578d0af0d95,9693a1d1-4b88-4d73-8138-b46b21e7a72c,5a3d193f-cb2b-40df-b401-d786b9e25ef8,CSO-2025-02-17,1,0,0,0,MXN,excel_cso,Extraccion diaria de compras de gas natural para CCC Saltillo desde Consolidado CSO.xlsx.,Consolidado CSO.xlsx
17/03/2025,6bc2fbe4-3a34-4837-a3d8-8162e642ba3a,1a3dde4b-6f67-49db-ac6e-7578d0af0d95,9693a1d1-4b88-4d73-8138-b46b21e7a72c,5a3d193f-cb2b-40df-b401-d786b9e25ef8,CSO-2025-03-17,1,0,0,0,MXN,excel_cso,Extraccion diaria de compras de gas natural para CCC Saltillo desde Consolidado CSO.xlsx.,Consolidado CSO.xlsx
17/04/2025,6bc2fbe4-3a34-4837-a3d8-8162e642ba3a,1a3dde4b-6f67-49db-ac6e-7578d0af0d95,9693a1d1-4b88-4d73-8138-b46b21e7a72c,5a3d193f-cb2b-40df-b401-d786b9e25ef8,CSO-2025-04-17,1,30000,0,0,MXN,excel_cso,Extraccion diaria de compras de gas natural para CCC Saltillo desde Consolidado CSO.xlsx.,Consolidado CSO.xlsx
17/05/2025,6bc2fbe4-3a34-4837-a3d8-8162e642ba3a,1a3dde4b-6f67-49db-ac6e-7578d0af0d95,9693a1d1-4b88-4d73-8138-b46b21e7a72c,5a3d193f-cb2b-40df-b401-d786b9e25ef8,CSO-2025-05-17,1,35000,0,0,MXN,excel_cso,Extraccion diaria de compras de gas natural para CCC Saltillo desde Consolidado CSO.xlsx.,Consolidado CSO.xlsx
17/06/2025,6bc2fbe4-3a34-4837-a3d8-8162e642ba3a,1a3dde4b-6f67-49db-ac6e-7578d0af0d95,9693a1d1-4b88-4d73-8138-b46b21e7a72c,5a3d193f-cb2b-40df-b401-d786b9e25ef8,CSO-2025-06-17,1,33000,0,0,MXN,excel_cso,Extraccion diaria de compras de gas natural para CCC Saltillo desde Consolidado CSO.xlsx.,Consolidado CSO.xlsx
17/07/2025,6bc2fbe4-3a34-4837-a3d8-8162e642ba3a,1a3dde4b-6f67-49db-ac6e-7578d0af0d95,9693a1d1-4b88-4d73-8138-b46b21e7a72c,5a3d193f-cb2b-40df-b401-d786b9e25ef8,CSO-2025-07-17,1,31811,0,0,MXN,excel_cso,Extraccion diaria de compras de gas natural para CCC Saltillo desde Consolidado CSO.xlsx.,Consolidado CSO.xlsx
17/08/2025,6bc2fbe4-3a34-4837-a3d8-8162e642ba3a,1a3dde4b-6f67-49db-ac6e-7578d0af0d95,9693a1d1-4b88-4d73-8138-b46b21e7a72c,5a3d193f-cb2b-40df-b401-d786b9e25ef8,CSO-2025-08-17,1,23000,0,0,MXN,excel_cso,Extraccion diaria de compras de gas natural para CCC Saltillo desde Consolidado CSO.xlsx.,Consolidado CSO.xlsx
17/09/2025,6bc2fbe4-3a34-4837-a3d8-8162e642ba3a,1a3dde4b-6f67-49db-ac6e-7578d0af0d95,9693a1d1-4b88-4d73-8138-b46b21e7a72c,5a3d193f-cb2b-40df-b401-d786b9e25ef8,CSO-2025-09-17,1,35000,0,0,MXN,excel_cso,Extraccion diaria de compras de gas natural para CCC Saltillo desde Consolidado CSO.xlsx.,Consolidado CSO.xlsx
17/10/2025,6bc2fbe4-3a34-4837-a3d8-8162e642ba3a,1a3dde4b-6f67-49db-ac6e-7578d0af0d95,9693a1d1-4b88-4d73-8138-b46b21e7a72c,5a3d193f-cb2b-40df-b401-d786b9e25ef8,CSO-2025-10-17,1,33000,0,0,MXN,excel_cso,Extraccion diaria de compras de gas natural para CCC Saltillo desde Consolidado CSO.xlsx.,Consolidado CSO.xlsx
17/11/2025,6bc2fbe4-3a34-4837-a3d8-8162e642ba3a,1a3dde4b-6f67-49db-ac6e-7578d0af0d95,9693a1d1-4b88-4d73-8138-b46b21e7a72c,5a3d193f-cb2b-40df-b401-d786b9e25ef8,CSO-2025-11-17,1,32000,0,0,MXN,excel_cso,Extraccion diaria de compras de gas natural para CCC Saltillo desde Consolidado CSO.xlsx.,Consolidado CSO.xlsx
17/12/2025,6bc2fbe4-3a34-4837-a3d8-8162e642ba3a,1a3dde4b-6f67-49db-ac6e-7578d0af0d95,9693a1d1-4b88-4d73-8138-b46b21e7a72c,5a3d193f-cb2b-40df-b401-d786b9e25ef8,CSO-2025-12-17,1,35000,0,0,MXN,excel_cso,Extraccion diaria de compras de gas natural para CCC Saltillo desde Consolidado CSO.xlsx.,Consolidado CSO.xlsx
18/01/2025,6bc2fbe4-3a34-4837-a3d8-8162e642ba3a,1a3dde4b-6f67-49db-ac6e-7578d0af0d95,9693a1d1-4b88-4d73-8138-b46b21e7a72c,5a3d193f-cb2b-40df-b401-d786b9e25ef8,CSO-2025-01-18,1,26000,0,0,MXN,excel_cso,Extraccion diaria de compras de gas natural para CCC Saltillo desde Consolidado CSO.xlsx.,Consolidado CSO.xlsx
18/02/2025,6bc2fbe4-3a34-4837-a3d8-8162e642ba3a,1a3dde4b-6f67-49db-ac6e-7578d0af0d95,9693a1d1-4b88-4d73-8138-b46b21e7a72c,5a3d193f-cb2b-40df-b401-d786b9e25ef8,CSO-2025-02-18,1,0,0,0,MXN,excel_cso,Extraccion diaria de compras de gas natural para CCC Saltillo desde Consolidado CSO.xlsx.,Consolidado CSO.xlsx
18/03/2025,6bc2fbe4-3a34-4837-a3d8-8162e642ba3a,1a3dde4b-6f67-49db-ac6e-7578d0af0d95,9693a1d1-4b88-4d73-8138-b46b21e7a72c,5a3d193f-cb2b-40df-b401-d786b9e25ef8,CSO-2025-03-18,1,0,0,0,MXN,excel_cso,Extraccion diaria de compras de gas natural para CCC Saltillo desde Consolidado CSO.xlsx.,Consolidado CSO.xlsx
18/04/2025,6bc2fbe4-3a34-4837-a3d8-8162e642ba3a,1a3dde4b-6f67-49db-ac6e-7578d0af0d95,9693a1d1-4b88-4d73-8138-b46b21e7a72c,5a3d193f-cb2b-40df-b401-d786b9e25ef8,CSO-2025-04-18,1,25000,0,0,MXN,excel_cso,Extraccion diaria de compras de gas natural para CCC Saltillo desde Consolidado CSO.xlsx.,Consolidado CSO.xlsx
18/05/2025,6bc2fbe4-3a34-4837-a3d8-8162e642ba3a,1a3dde4b-6f67-49db-ac6e-7578d0af0d95,9693a1d1-4b88-4d73-8138-b46b21e7a72c,5a3d193f-cb2b-40df-b401-d786b9e25ef8,CSO-2025-05-18,1,29000,0,0,MXN,excel_cso,Extraccion diaria de compras de gas natural para CCC Saltillo desde Consolidado CSO.xlsx.,Consolidado CSO.xlsx
18/06/2025,6bc2fbe4-3a34-4837-a3d8-8162e642ba3a,1a3dde4b-6f67-49db-ac6e-7578d0af0d95,9693a1d1-4b88-4d73-8138-b46b21e7a72c,5a3d193f-cb2b-40df-b401-d786b9e25ef8,CSO-2025-06-18,1,33500,0,0,MXN,excel_cso,Extraccion diaria de compras de gas natural para CCC Saltillo desde Consolidado CSO.xlsx.,Consolidado CSO.xlsx
18/07/2025,6bc2fbe4-3a34-4837-a3d8-8162e642ba3a,1a3dde4b-6f67-49db-ac6e-7578d0af0d95,9693a1d1-4b88-4d73-8138-b46b21e7a72c,5a3d193f-cb2b-40df-b401-d786b9e25ef8,CSO-2025-07-18,1,37000,0,0,MXN,excel_cso,Extraccion diaria de compras de gas natural para CCC Saltillo desde Consolidado CSO.xlsx.,Consolidado CSO.xlsx
18/08/2025,6bc2fbe4-3a34-4837-a3d8-8162e642ba3a,1a3dde4b-6f67-49db-ac6e-7578d0af0d95,9693a1d1-4b88-4d73-8138-b46b21e7a72c,5a3d193f-cb2b-40df-b401-d786b9e25ef8,CSO-2025-08-18,1,39000,0,0,MXN,excel_cso,Extraccion diaria de compras de gas natural para CCC Saltillo desde Consolidado CSO.xlsx.,Consolidado CSO.xlsx
18/09/2025,6bc2fbe4-3a34-4837-a3d8-8162e642ba3a,1a3dde4b-6f67-49db-ac6e-7578d0af0d95,9693a1d1-4b88-4d73-8138-b46b21e7a72c,5a3d193f-cb2b-40df-b401-d786b9e25ef8,CSO-2025-09-18,1,36000,0,0,MXN,excel_cso,Extraccion diaria de compras de gas natural para CCC Saltillo desde Consolidado CSO.xlsx.,Consolidado CSO.xlsx
18/10/2025,6bc2fbe4-3a34-4837-a3d8-8162e642ba3a,1a3dde4b-6f67-49db-ac6e-7578d0af0d95,9693a1d1-4b88-4d73-8138-b46b21e7a72c,5a3d193f-cb2b-40df-b401-d786b9e25ef8,CSO-2025-10-18,1,34000,0,0,MXN,excel_cso,Extraccion diaria de compras de gas natural para CCC Saltillo desde Consolidado CSO.xlsx.,Consolidado CSO.xlsx
18/11/2025,6bc2fbe4-3a34-4837-a3d8-8162e642ba3a,1a3dde4b-6f67-49db-ac6e-7578d0af0d95,9693a1d1-4b88-4d73-8138-b46b21e7a72c,5a3d193f-cb2b-40df-b401-d786b9e25ef8,CSO-2025-11-18,1,38600,0,0,MXN,excel_cso,Extraccion diaria de compras de gas natural para CCC Saltillo desde Consolidado CSO.xlsx.,Consolidado CSO.xlsx
18/12/2025,6bc2fbe4-3a34-4837-a3d8-8162e642ba3a,1a3dde4b-6f67-49db-ac6e-7578d0af0d95,9693a1d1-4b88-4d73-8138-b46b21e7a72c,5a3d193f-cb2b-40df-b401-d786b9e25ef8,CSO-2025-12-18,1,37000,0,0,MXN,excel_cso,Extraccion diaria de compras de gas natural para CCC Saltillo desde Consolidado CSO.xlsx.,Consolidado CSO.xlsx
19/01/2025,6bc2fbe4-3a34-4837-a3d8-8162e642ba3a,1a3dde4b-6f67-49db-ac6e-7578d0af0d95,9693a1d1-4b88-4d73-8138-b46b21e7a72c,5a3d193f-cb2b-40df-b401-d786b9e25ef8,CSO-2025-01-19,1,31000,0,0,MXN,excel_cso,Extraccion diaria de compras de gas natural para CCC Saltillo desde Consolidado CSO.xlsx.,Consolidado CSO.xlsx
19/02/2025,6bc2fbe4-3a34-4837-a3d8-8162e642ba3a,1a3dde4b-6f67-49db-ac6e-7578d0af0d95,9693a1d1-4b88-4d73-8138-b46b21e7a72c,5a3d193f-cb2b-40df-b401-d786b9e25ef8,CSO-2025-02-19,1,0,0,0,MXN,excel_cso,Extraccion diaria de compras de gas natural para CCC Saltillo desde Consolidado CSO.xlsx.,Consolidado CSO.xlsx
19/03/2025,6bc2fbe4-3a34-4837-a3d8-8162e642ba3a,1a3dde4b-6f67-49db-ac6e-7578d0af0d95,9693a1d1-4b88-4d73-8138-b46b21e7a72c,5a3d193f-cb2b-40df-b401-d786b9e25ef8,CSO-2025-03-19,1,0,0,0,MXN,excel_cso,Extraccion diaria de compras de gas natural para CCC Saltillo desde Consolidado CSO.xlsx.,Consolidado CSO.xlsx
19/04/2025,6bc2fbe4-3a34-4837-a3d8-8162e642ba3a,1a3dde4b-6f67-49db-ac6e-7578d0af0d95,9693a1d1-4b88-4d73-8138-b46b21e7a72c,5a3d193f-cb2b-40df-b401-d786b9e25ef8,CSO-2025-04-19,1,27000,0,0,MXN,excel_cso,Extraccion diaria de compras de gas natural para CCC Saltillo desde Consolidado CSO.xlsx.,Consolidado CSO.xlsx
19/05/2025,6bc2fbe4-3a34-4837-a3d8-8162e642ba3a,1a3dde4b-6f67-49db-ac6e-7578d0af0d95,9693a1d1-4b88-4d73-8138-b46b21e7a72c,5a3d193f-cb2b-40df-b401-d786b9e25ef8,CSO-2025-05-19,1,35000,0,0,MXN,excel_cso,Extraccion diaria de compras de gas natural para CCC Saltillo desde Consolidado CSO.xlsx.,Consolidado CSO.xlsx
19/06/2025,6bc2fbe4-3a34-4837-a3d8-8162e642ba3a,1a3dde4b-6f67-49db-ac6e-7578d0af0d95,9693a1d1-4b88-4d73-8138-b46b21e7a72c,5a3d193f-cb2b-40df-b401-d786b9e25ef8,CSO-2025-06-19,1,35000,0,0,MXN,excel_cso,Extraccion diaria de compras de gas natural para CCC Saltillo desde Consolidado CSO.xlsx.,Consolidado CSO.xlsx
19/07/2025,6bc2fbe4-3a34-4837-a3d8-8162e642ba3a,1a3dde4b-6f67-49db-ac6e-7578d0af0d95,9693a1d1-4b88-4d73-8138-b46b21e7a72c,5a3d193f-cb2b-40df-b401-d786b9e25ef8,CSO-2025-07-19,1,16000,0,0,MXN,excel_cso,Extraccion diaria de compras de gas natural para CCC Saltillo desde Consolidado CSO.xlsx.,Consolidado CSO.xlsx
19/08/2025,6bc2fbe4-3a34-4837-a3d8-8162e642ba3a,1a3dde4b-6f67-49db-ac6e-7578d0af0d95,9693a1d1-4b88-4d73-8138-b46b21e7a72c,5a3d193f-cb2b-40df-b401-d786b9e25ef8,CSO-2025-08-19,1,39000,0,0,MXN,excel_cso,Extraccion diaria de compras de gas natural para CCC Saltillo desde Consolidado CSO.xlsx.,Consolidado CSO.xlsx
19/09/2025,6bc2fbe4-3a34-4837-a3d8-8162e642ba3a,1a3dde4b-6f67-49db-ac6e-7578d0af0d95,9693a1d1-4b88-4d73-8138-b46b21e7a72c,5a3d193f-cb2b-40df-b401-d786b9e25ef8,CSO-2025-09-19,1,23097,0,0,MXN,excel_cso,Extraccion diaria de compras de gas natural para CCC Saltillo desde Consolidado CSO.xlsx.,Consolidado CSO.xlsx
19/10/2025,6bc2fbe4-3a34-4837-a3d8-8162e642ba3a,1a3dde4b-6f67-49db-ac6e-7578d0af0d95,9693a1d1-4b88-4d73-8138-b46b21e7a72c,5a3d193f-cb2b-40df-b401-d786b9e25ef8,CSO-2025-10-19,1,38000,0,0,MXN,excel_cso,Extraccion diaria de compras de gas natural para CCC Saltillo desde Consolidado CSO.xlsx.,Consolidado CSO.xlsx
19/11/2025,6bc2fbe4-3a34-4837-a3d8-8162e642ba3a,1a3dde4b-6f67-49db-ac6e-7578d0af0d95,9693a1d1-4b88-4d73-8138-b46b21e7a72c,5a3d193f-cb2b-40df-b401-d786b9e25ef8,CSO-2025-11-19,1,57000,0,0,MXN,excel_cso,Extraccion diaria de compras de gas natural para CCC Saltillo desde Consolidado CSO.xlsx.,Consolidado CSO.xlsx
19/12/2025,6bc2fbe4-3a34-4837-a3d8-8162e642ba3a,1a3dde4b-6f67-49db-ac6e-7578d0af0d95,9693a1d1-4b88-4d73-8138-b46b21e7a72c,5a3d193f-cb2b-40df-b401-d786b9e25ef8,CSO-2025-12-19,1,35000,0,0,MXN,excel_cso,Extraccion diaria de compras de gas natural para CCC Saltillo desde Consolidado CSO.xlsx.,Consolidado CSO.xlsx
20/01/2025,6bc2fbe4-3a34-4837-a3d8-8162e642ba3a,1a3dde4b-6f67-49db-ac6e-7578d0af0d95,9693a1d1-4b88-4d73-8138-b46b21e7a72c,5a3d193f-cb2b-40df-b401-d786b9e25ef8,CSO-2025-01-20,1,36000,0,0,MXN,excel_cso,Extraccion diaria de compras de gas natural para CCC Saltillo desde Consolidado CSO.xlsx.,Consolidado CSO.xlsx
20/02/2025,6bc2fbe4-3a34-4837-a3d8-8162e642ba3a,1a3dde4b-6f67-49db-ac6e-7578d0af0d95,9693a1d1-4b88-4d73-8138-b46b21e7a72c,5a3d193f-cb2b-40df-b401-d786b9e25ef8,CSO-2025-02-20,1,0,0,0,MXN,excel_cso,Extraccion diaria de compras de gas natural para CCC Saltillo desde Consolidado CSO.xlsx.,Consolidado CSO.xlsx
20/03/2025,6bc2fbe4-3a34-4837-a3d8-8162e642ba3a,1a3dde4b-6f67-49db-ac6e-7578d0af0d95,9693a1d1-4b88-4d73-8138-b46b21e7a72c,5a3d193f-cb2b-40df-b401-d786b9e25ef8,CSO-2025-03-20,1,0,0,0,MXN,excel_cso,Extraccion diaria de compras de gas natural para CCC Saltillo desde Consolidado CSO.xlsx.,Consolidado CSO.xlsx
20/04/2025,6bc2fbe4-3a34-4837-a3d8-8162e642ba3a,1a3dde4b-6f67-49db-ac6e-7578d0af0d95,9693a1d1-4b88-4d73-8138-b46b21e7a72c,5a3d193f-cb2b-40df-b401-d786b9e25ef8,CSO-2025-04-20,1,46500,0,0,MXN,excel_cso,Extraccion diaria de compras de gas natural para CCC Saltillo desde Consolidado CSO.xlsx.,Consolidado CSO.xlsx
20/05/2025,6bc2fbe4-3a34-4837-a3d8-8162e642ba3a,1a3dde4b-6f67-49db-ac6e-7578d0af0d95,9693a1d1-4b88-4d73-8138-b46b21e7a72c,5a3d193f-cb2b-40df-b401-d786b9e25ef8,CSO-2025-05-20,1,44000,0,0,MXN,excel_cso,Extraccion diaria de compras de gas natural para CCC Saltillo desde Consolidado CSO.xlsx.,Consolidado CSO.xlsx
20/06/2025,6bc2fbe4-3a34-4837-a3d8-8162e642ba3a,1a3dde4b-6f67-49db-ac6e-7578d0af0d95,9693a1d1-4b88-4d73-8138-b46b21e7a72c,5a3d193f-cb2b-40df-b401-d786b9e25ef8,CSO-2025-06-20,1,35000,0,0,MXN,excel_cso,Extraccion diaria de compras de gas natural para CCC Saltillo desde Consolidado CSO.xlsx.,Consolidado CSO.xlsx
20/07/2025,6bc2fbe4-3a34-4837-a3d8-8162e642ba3a,1a3dde4b-6f67-49db-ac6e-7578d0af0d95,9693a1d1-4b88-4d73-8138-b46b21e7a72c,5a3d193f-cb2b-40df-b401-d786b9e25ef8,CSO-2025-07-20,1,10000,0,0,MXN,excel_cso,Extraccion diaria de compras de gas natural para CCC Saltillo desde Consolidado CSO.xlsx.,Consolidado CSO.xlsx
20/08/2025,6bc2fbe4-3a34-4837-a3d8-8162e642ba3a,1a3dde4b-6f67-49db-ac6e-7578d0af0d95,9693a1d1-4b88-4d73-8138-b46b21e7a72c,5a3d193f-cb2b-40df-b401-d786b9e25ef8,CSO-2025-08-20,1,39000,0,0,MXN,excel_cso,Extraccion diaria de compras de gas natural para CCC Saltillo desde Consolidado CSO.xlsx.,Consolidado CSO.xlsx
20/09/2025,6bc2fbe4-3a34-4837-a3d8-8162e642ba3a,1a3dde4b-6f67-49db-ac6e-7578d0af0d95,9693a1d1-4b88-4d73-8138-b46b21e7a72c,5a3d193f-cb2b-40df-b401-d786b9e25ef8,CSO-2025-09-20,1,34000,0,0,MXN,excel_cso,Extraccion diaria de compras de gas natural para CCC Saltillo desde Consolidado CSO.xlsx.,Consolidado CSO.xlsx
20/10/2025,6bc2fbe4-3a34-4837-a3d8-8162e642ba3a,1a3dde4b-6f67-49db-ac6e-7578d0af0d95,9693a1d1-4b88-4d73-8138-b46b21e7a72c,5a3d193f-cb2b-40df-b401-d786b9e25ef8,CSO-2025-10-20,1,28000,0,0,MXN,excel_cso,Extraccion diaria de compras de gas natural para CCC Saltillo desde Consolidado CSO.xlsx.,Consolidado CSO.xlsx
20/11/2025,6bc2fbe4-3a34-4837-a3d8-8162e642ba3a,1a3dde4b-6f67-49db-ac6e-7578d0af0d95,9693a1d1-4b88-4d73-8138-b46b21e7a72c,5a3d193f-cb2b-40df-b401-d786b9e25ef8,CSO-2025-11-20,1,43000,0,0,MXN,excel_cso,Extraccion diaria de compras de gas natural para CCC Saltillo desde Consolidado CSO.xlsx.,Consolidado CSO.xlsx
20/12/2025,6bc2fbe4-3a34-4837-a3d8-8162e642ba3a,1a3dde4b-6f67-49db-ac6e-7578d0af0d95,9693a1d1-4b88-4d73-8138-b46b21e7a72c,5a3d193f-cb2b-40df-b401-d786b9e25ef8,CSO-2025-12-20,1,32000,0,0,MXN,excel_cso,Extraccion diaria de compras de gas natural para CCC Saltillo desde Consolidado CSO.xlsx.,Consolidado CSO.xlsx
21/01/2025,6bc2fbe4-3a34-4837-a3d8-8162e642ba3a,1a3dde4b-6f67-49db-ac6e-7578d0af0d95,9693a1d1-4b88-4d73-8138-b46b21e7a72c,5a3d193f-cb2b-40df-b401-d786b9e25ef8,CSO-2025-01-21,1,36000,0,0,MXN,excel_cso,Extraccion diaria de compras de gas natural para CCC Saltillo desde Consolidado CSO.xlsx.,Consolidado CSO.xlsx
21/02/2025,6bc2fbe4-3a34-4837-a3d8-8162e642ba3a,1a3dde4b-6f67-49db-ac6e-7578d0af0d95,9693a1d1-4b88-4d73-8138-b46b21e7a72c,5a3d193f-cb2b-40df-b401-d786b9e25ef8,CSO-2025-02-21,1,0,0,0,MXN,excel_cso,Extraccion diaria de compras de gas natural para CCC Saltillo desde Consolidado CSO.xlsx.,Consolidado CSO.xlsx
21/03/2025,6bc2fbe4-3a34-4837-a3d8-8162e642ba3a,1a3dde4b-6f67-49db-ac6e-7578d0af0d95,9693a1d1-4b88-4d73-8138-b46b21e7a72c,5a3d193f-cb2b-40df-b401-d786b9e25ef8,CSO-2025-03-21,1,0,0,0,MXN,excel_cso,Extraccion diaria de compras de gas natural para CCC Saltillo desde Consolidado CSO.xlsx.,Consolidado CSO.xlsx
21/04/2025,6bc2fbe4-3a34-4837-a3d8-8162e642ba3a,1a3dde4b-6f67-49db-ac6e-7578d0af0d95,9693a1d1-4b88-4d73-8138-b46b21e7a72c,5a3d193f-cb2b-40df-b401-d786b9e25ef8,CSO-2025-04-21,1,43624,0,0,MXN,excel_cso,Extraccion diaria de compras de gas natural para CCC Saltillo desde Consolidado CSO.xlsx.,Consolidado CSO.xlsx
21/05/2025,6bc2fbe4-3a34-4837-a3d8-8162e642ba3a,1a3dde4b-6f67-49db-ac6e-7578d0af0d95,9693a1d1-4b88-4d73-8138-b46b21e7a72c,5a3d193f-cb2b-40df-b401-d786b9e25ef8,CSO-2025-05-21,1,42000,0,0,MXN,excel_cso,Extraccion diaria de compras de gas natural para CCC Saltillo desde Consolidado CSO.xlsx.,Consolidado CSO.xlsx
21/06/2025,6bc2fbe4-3a34-4837-a3d8-8162e642ba3a,1a3dde4b-6f67-49db-ac6e-7578d0af0d95,9693a1d1-4b88-4d73-8138-b46b21e7a72c,5a3d193f-cb2b-40df-b401-d786b9e25ef8,CSO-2025-06-21,1,35000,0,0,MXN,excel_cso,Extraccion diaria de compras de gas natural para CCC Saltillo desde Consolidado CSO.xlsx.,Consolidado CSO.xlsx
21/07/2025,6bc2fbe4-3a34-4837-a3d8-8162e642ba3a,1a3dde4b-6f67-49db-ac6e-7578d0af0d95,9693a1d1-4b88-4d73-8138-b46b21e7a72c,5a3d193f-cb2b-40df-b401-d786b9e25ef8,CSO-2025-07-21,1,31000,0,0,MXN,excel_cso,Extraccion diaria de compras de gas natural para CCC Saltillo desde Consolidado CSO.xlsx.,Consolidado CSO.xlsx
21/08/2025,6bc2fbe4-3a34-4837-a3d8-8162e642ba3a,1a3dde4b-6f67-49db-ac6e-7578d0af0d95,9693a1d1-4b88-4d73-8138-b46b21e7a72c,5a3d193f-cb2b-40df-b401-d786b9e25ef8,CSO-2025-08-21,1,39000,0,0,MXN,excel_cso,Extraccion diaria de compras de gas natural para CCC Saltillo desde Consolidado CSO.xlsx.,Consolidado CSO.xlsx
21/09/2025,6bc2fbe4-3a34-4837-a3d8-8162e642ba3a,1a3dde4b-6f67-49db-ac6e-7578d0af0d95,9693a1d1-4b88-4d73-8138-b46b21e7a72c,5a3d193f-cb2b-40df-b401-d786b9e25ef8,CSO-2025-09-21,1,34000,0,0,MXN,excel_cso,Extraccion diaria de compras de gas natural para CCC Saltillo desde Consolidado CSO.xlsx.,Consolidado CSO.xlsx
21/10/2025,6bc2fbe4-3a34-4837-a3d8-8162e642ba3a,1a3dde4b-6f67-49db-ac6e-7578d0af0d95,9693a1d1-4b88-4d73-8138-b46b21e7a72c,5a3d193f-cb2b-40df-b401-d786b9e25ef8,CSO-2025-10-21,1,42000,0,0,MXN,excel_cso,Extraccion diaria de compras de gas natural para CCC Saltillo desde Consolidado CSO.xlsx.,Consolidado CSO.xlsx
21/11/2025,6bc2fbe4-3a34-4837-a3d8-8162e642ba3a,1a3dde4b-6f67-49db-ac6e-7578d0af0d95,9693a1d1-4b88-4d73-8138-b46b21e7a72c,5a3d193f-cb2b-40df-b401-d786b9e25ef8,CSO-2025-11-21,1,42000,0,0,MXN,excel_cso,Extraccion diaria de compras de gas natural para CCC Saltillo desde Consolidado CSO.xlsx.,Consolidado CSO.xlsx
21/12/2025,6bc2fbe4-3a34-4837-a3d8-8162e642ba3a,1a3dde4b-6f67-49db-ac6e-7578d0af0d95,9693a1d1-4b88-4d73-8138-b46b21e7a72c,5a3d193f-cb2b-40df-b401-d786b9e25ef8,CSO-2025-12-21,1,10000,0,0,MXN,excel_cso,Extraccion diaria de compras de gas natural para CCC Saltillo desde Consolidado CSO.xlsx.,Consolidado CSO.xlsx
22/01/2025,6bc2fbe4-3a34-4837-a3d8-8162e642ba3a,1a3dde4b-6f67-49db-ac6e-7578d0af0d95,9693a1d1-4b88-4d73-8138-b46b21e7a72c,5a3d193f-cb2b-40df-b401-d786b9e25ef8,CSO-2025-01-22,1,46081,0,0,MXN,excel_cso,Extraccion diaria de compras de gas natural para CCC Saltillo desde Consolidado CSO.xlsx.,Consolidado CSO.xlsx
22/02/2025,6bc2fbe4-3a34-4837-a3d8-8162e642ba3a,1a3dde4b-6f67-49db-ac6e-7578d0af0d95,9693a1d1-4b88-4d73-8138-b46b21e7a72c,5a3d193f-cb2b-40df-b401-d786b9e25ef8,CSO-2025-02-22,1,0,0,0,MXN,excel_cso,Extraccion diaria de compras de gas natural para CCC Saltillo desde Consolidado CSO.xlsx.,Consolidado CSO.xlsx
22/03/2025,6bc2fbe4-3a34-4837-a3d8-8162e642ba3a,1a3dde4b-6f67-49db-ac6e-7578d0af0d95,9693a1d1-4b88-4d73-8138-b46b21e7a72c,5a3d193f-cb2b-40df-b401-d786b9e25ef8,CSO-2025-03-22,1,0,0,0,MXN,excel_cso,Extraccion diaria de compras de gas natural para CCC Saltillo desde Consolidado CSO.xlsx.,Consolidado CSO.xlsx
22/04/2025,6bc2fbe4-3a34-4837-a3d8-8162e642ba3a,1a3dde4b-6f67-49db-ac6e-7578d0af0d95,9693a1d1-4b88-4d73-8138-b46b21e7a72c,5a3d193f-cb2b-40df-b401-d786b9e25ef8,CSO-2025-04-22,1,46500,0,0,MXN,excel_cso,Extraccion diaria de compras de gas natural para CCC Saltillo desde Consolidado CSO.xlsx.,Consolidado CSO.xlsx
22/05/2025,6bc2fbe4-3a34-4837-a3d8-8162e642ba3a,1a3dde4b-6f67-49db-ac6e-7578d0af0d95,9693a1d1-4b88-4d73-8138-b46b21e7a72c,5a3d193f-cb2b-40df-b401-d786b9e25ef8,CSO-2025-05-22,1,38000,0,0,MXN,excel_cso,Extraccion diaria de compras de gas natural para CCC Saltillo desde Consolidado CSO.xlsx.,Consolidado CSO.xlsx
22/06/2025,6bc2fbe4-3a34-4837-a3d8-8162e642ba3a,1a3dde4b-6f67-49db-ac6e-7578d0af0d95,9693a1d1-4b88-4d73-8138-b46b21e7a72c,5a3d193f-cb2b-40df-b401-d786b9e25ef8,CSO-2025-06-22,1,35000,0,0,MXN,excel_cso,Extraccion diaria de compras de gas natural para CCC Saltillo desde Consolidado CSO.xlsx.,Consolidado CSO.xlsx
22/07/2025,6bc2fbe4-3a34-4837-a3d8-8162e642ba3a,1a3dde4b-6f67-49db-ac6e-7578d0af0d95,9693a1d1-4b88-4d73-8138-b46b21e7a72c,5a3d193f-cb2b-40df-b401-d786b9e25ef8,CSO-2025-07-22,1,37000,0,0,MXN,excel_cso,Extraccion diaria de compras de gas natural para CCC Saltillo desde Consolidado CSO.xlsx.,Consolidado CSO.xlsx
22/08/2025,6bc2fbe4-3a34-4837-a3d8-8162e642ba3a,1a3dde4b-6f67-49db-ac6e-7578d0af0d95,9693a1d1-4b88-4d73-8138-b46b21e7a72c,5a3d193f-cb2b-40df-b401-d786b9e25ef8,CSO-2025-08-22,1,39000,0,0,MXN,excel_cso,Extraccion diaria de compras de gas natural para CCC Saltillo desde Consolidado CSO.xlsx.,Consolidado CSO.xlsx
22/09/2025,6bc2fbe4-3a34-4837-a3d8-8162e642ba3a,1a3dde4b-6f67-49db-ac6e-7578d0af0d95,9693a1d1-4b88-4d73-8138-b46b21e7a72c,5a3d193f-cb2b-40df-b401-d786b9e25ef8,CSO-2025-09-22,1,39000,0,0,MXN,excel_cso,Extraccion diaria de compras de gas natural para CCC Saltillo desde Consolidado CSO.xlsx.,Consolidado CSO.xlsx
22/10/2025,6bc2fbe4-3a34-4837-a3d8-8162e642ba3a,1a3dde4b-6f67-49db-ac6e-7578d0af0d95,9693a1d1-4b88-4d73-8138-b46b21e7a72c,5a3d193f-cb2b-40df-b401-d786b9e25ef8,CSO-2025-10-22,1,37000,0,0,MXN,excel_cso,Extraccion diaria de compras de gas natural para CCC Saltillo desde Consolidado CSO.xlsx.,Consolidado CSO.xlsx
22/11/2025,6bc2fbe4-3a34-4837-a3d8-8162e642ba3a,1a3dde4b-6f67-49db-ac6e-7578d0af0d95,9693a1d1-4b88-4d73-8138-b46b21e7a72c,5a3d193f-cb2b-40df-b401-d786b9e25ef8,CSO-2025-11-22,1,22500,0,0,MXN,excel_cso,Extraccion diaria de compras de gas natural para CCC Saltillo desde Consolidado CSO.xlsx.,Consolidado CSO.xlsx
23/01/2025,6bc2fbe4-3a34-4837-a3d8-8162e642ba3a,1a3dde4b-6f67-49db-ac6e-7578d0af0d95,9693a1d1-4b88-4d73-8138-b46b21e7a72c,5a3d193f-cb2b-40df-b401-d786b9e25ef8,CSO-2025-01-23,1,46500,0,0,MXN,excel_cso,Extraccion diaria de compras de gas natural para CCC Saltillo desde Consolidado CSO.xlsx.,Consolidado CSO.xlsx
23/02/2025,6bc2fbe4-3a34-4837-a3d8-8162e642ba3a,1a3dde4b-6f67-49db-ac6e-7578d0af0d95,9693a1d1-4b88-4d73-8138-b46b21e7a72c,5a3d193f-cb2b-40df-b401-d786b9e25ef8,CSO-2025-02-23,1,0,0,0,MXN,excel_cso,Extraccion diaria de compras de gas natural para CCC Saltillo desde Consolidado CSO.xlsx.,Consolidado CSO.xlsx
23/03/2025,6bc2fbe4-3a34-4837-a3d8-8162e642ba3a,1a3dde4b-6f67-49db-ac6e-7578d0af0d95,9693a1d1-4b88-4d73-8138-b46b21e7a72c,5a3d193f-cb2b-40df-b401-d786b9e25ef8,CSO-2025-03-23,1,11000,0,0,MXN,excel_cso,Extraccion diaria de compras de gas natural para CCC Saltillo desde Consolidado CSO.xlsx.,Consolidado CSO.xlsx
23/04/2025,6bc2fbe4-3a34-4837-a3d8-8162e642ba3a,1a3dde4b-6f67-49db-ac6e-7578d0af0d95,9693a1d1-4b88-4d73-8138-b46b21e7a72c,5a3d193f-cb2b-40df-b401-d786b9e25ef8,CSO-2025-04-23,1,45800,0,0,MXN,excel_cso,Extraccion diaria de compras de gas natural para CCC Saltillo desde Consolidado CSO.xlsx.,Consolidado CSO.xlsx
23/05/2025,6bc2fbe4-3a34-4837-a3d8-8162e642ba3a,1a3dde4b-6f67-49db-ac6e-7578d0af0d95,9693a1d1-4b88-4d73-8138-b46b21e7a72c,5a3d193f-cb2b-40df-b401-d786b9e25ef8,CSO-2025-05-23,1,40000,0,0,MXN,excel_cso,Extraccion diaria de compras de gas natural para CCC Saltillo desde Consolidado CSO.xlsx.,Consolidado CSO.xlsx
23/06/2025,6bc2fbe4-3a34-4837-a3d8-8162e642ba3a,1a3dde4b-6f67-49db-ac6e-7578d0af0d95,9693a1d1-4b88-4d73-8138-b46b21e7a72c,5a3d193f-cb2b-40df-b401-d786b9e25ef8,CSO-2025-06-23,1,45000,0,0,MXN,excel_cso,Extraccion diaria de compras de gas natural para CCC Saltillo desde Consolidado CSO.xlsx.,Consolidado CSO.xlsx
23/07/2025,6bc2fbe4-3a34-4837-a3d8-8162e642ba3a,1a3dde4b-6f67-49db-ac6e-7578d0af0d95,9693a1d1-4b88-4d73-8138-b46b21e7a72c,5a3d193f-cb2b-40df-b401-d786b9e25ef8,CSO-2025-07-23,1,34000,0,0,MXN,excel_cso,Extraccion diaria de compras de gas natural para CCC Saltillo desde Consolidado CSO.xlsx.,Consolidado CSO.xlsx
23/08/2025,6bc2fbe4-3a34-4837-a3d8-8162e642ba3a,1a3dde4b-6f67-49db-ac6e-7578d0af0d95,9693a1d1-4b88-4d73-8138-b46b21e7a72c,5a3d193f-cb2b-40df-b401-d786b9e25ef8,CSO-2025-08-23,1,35000,0,0,MXN,excel_cso,Extraccion diaria de compras de gas natural para CCC Saltillo desde Consolidado CSO.xlsx.,Consolidado CSO.xlsx
23/09/2025,6bc2fbe4-3a34-4837-a3d8-8162e642ba3a,1a3dde4b-6f67-49db-ac6e-7578d0af0d95,9693a1d1-4b88-4d73-8138-b46b21e7a72c,5a3d193f-cb2b-40df-b401-d786b9e25ef8,CSO-2025-09-23,1,36000,0,0,MXN,excel_cso,Extraccion diaria de compras de gas natural para CCC Saltillo desde Consolidado CSO.xlsx.,Consolidado CSO.xlsx
23/10/2025,6bc2fbe4-3a34-4837-a3d8-8162e642ba3a,1a3dde4b-6f67-49db-ac6e-7578d0af0d95,9693a1d1-4b88-4d73-8138-b46b21e7a72c,5a3d193f-cb2b-40df-b401-d786b9e25ef8,CSO-2025-10-23,1,30000,0,0,MXN,excel_cso,Extraccion diaria de compras de gas natural para CCC Saltillo desde Consolidado CSO.xlsx.,Consolidado CSO.xlsx
23/11/2025,6bc2fbe4-3a34-4837-a3d8-8162e642ba3a,1a3dde4b-6f67-49db-ac6e-7578d0af0d95,9693a1d1-4b88-4d73-8138-b46b21e7a72c,5a3d193f-cb2b-40df-b401-d786b9e25ef8,CSO-2025-11-23,1,7000,0,0,MXN,excel_cso,Extraccion diaria de compras de gas natural para CCC Saltillo desde Consolidado CSO.xlsx.,Consolidado CSO.xlsx
24/01/2025,6bc2fbe4-3a34-4837-a3d8-8162e642ba3a,1a3dde4b-6f67-49db-ac6e-7578d0af0d95,9693a1d1-4b88-4d73-8138-b46b21e7a72c,5a3d193f-cb2b-40df-b401-d786b9e25ef8,CSO-2025-01-24,1,43707,0,0,MXN,excel_cso,Extraccion diaria de compras de gas natural para CCC Saltillo desde Consolidado CSO.xlsx.,Consolidado CSO.xlsx
24/02/2025,6bc2fbe4-3a34-4837-a3d8-8162e642ba3a,1a3dde4b-6f67-49db-ac6e-7578d0af0d95,9693a1d1-4b88-4d73-8138-b46b21e7a72c,5a3d193f-cb2b-40df-b401-d786b9e25ef8,CSO-2025-02-24,1,0,0,0,MXN,excel_cso,Extraccion diaria de compras de gas natural para CCC Saltillo desde Consolidado CSO.xlsx.,Consolidado CSO.xlsx
24/03/2025,6bc2fbe4-3a34-4837-a3d8-8162e642ba3a,1a3dde4b-6f67-49db-ac6e-7578d0af0d95,9693a1d1-4b88-4d73-8138-b46b21e7a72c,5a3d193f-cb2b-40df-b401-d786b9e25ef8,CSO-2025-03-24,1,0,0,0,MXN,excel_cso,Extraccion diaria de compras de gas natural para CCC Saltillo desde Consolidado CSO.xlsx.,Consolidado CSO.xlsx
24/04/2025,6bc2fbe4-3a34-4837-a3d8-8162e642ba3a,1a3dde4b-6f67-49db-ac6e-7578d0af0d95,9693a1d1-4b88-4d73-8138-b46b21e7a72c,5a3d193f-cb2b-40df-b401-d786b9e25ef8,CSO-2025-04-24,1,32000,0,0,MXN,excel_cso,Extraccion diaria de compras de gas natural para CCC Saltillo desde Consolidado CSO.xlsx.,Consolidado CSO.xlsx
24/05/2025,6bc2fbe4-3a34-4837-a3d8-8162e642ba3a,1a3dde4b-6f67-49db-ac6e-7578d0af0d95,9693a1d1-4b88-4d73-8138-b46b21e7a72c,5a3d193f-cb2b-40df-b401-d786b9e25ef8,CSO-2025-05-24,1,20000,0,0,MXN,excel_cso,Extraccion diaria de compras de gas natural para CCC Saltillo desde Consolidado CSO.xlsx.,Consolidado CSO.xlsx
24/06/2025,6bc2fbe4-3a34-4837-a3d8-8162e642ba3a,1a3dde4b-6f67-49db-ac6e-7578d0af0d95,9693a1d1-4b88-4d73-8138-b46b21e7a72c,5a3d193f-cb2b-40df-b401-d786b9e25ef8,CSO-2025-06-24,1,35000,0,0,MXN,excel_cso,Extraccion diaria de compras de gas natural para CCC Saltillo desde Consolidado CSO.xlsx.,Consolidado CSO.xlsx
24/07/2025,6bc2fbe4-3a34-4837-a3d8-8162e642ba3a,1a3dde4b-6f67-49db-ac6e-7578d0af0d95,9693a1d1-4b88-4d73-8138-b46b21e7a72c,5a3d193f-cb2b-40df-b401-d786b9e25ef8,CSO-2025-07-24,1,34000,0,0,MXN,excel_cso,Extraccion diaria de compras de gas natural para CCC Saltillo desde Consolidado CSO.xlsx.,Consolidado CSO.xlsx
24/08/2025,6bc2fbe4-3a34-4837-a3d8-8162e642ba3a,1a3dde4b-6f67-49db-ac6e-7578d0af0d95,9693a1d1-4b88-4d73-8138-b46b21e7a72c,5a3d193f-cb2b-40df-b401-d786b9e25ef8,CSO-2025-08-24,1,23699,0,0,MXN,excel_cso,Extraccion diaria de compras de gas natural para CCC Saltillo desde Consolidado CSO.xlsx.,Consolidado CSO.xlsx
24/09/2025,6bc2fbe4-3a34-4837-a3d8-8162e642ba3a,1a3dde4b-6f67-49db-ac6e-7578d0af0d95,9693a1d1-4b88-4d73-8138-b46b21e7a72c,5a3d193f-cb2b-40df-b401-d786b9e25ef8,CSO-2025-09-24,1,36000,0,0,MXN,excel_cso,Extraccion diaria de compras de gas natural para CCC Saltillo desde Consolidado CSO.xlsx.,Consolidado CSO.xlsx
24/10/2025,6bc2fbe4-3a34-4837-a3d8-8162e642ba3a,1a3dde4b-6f67-49db-ac6e-7578d0af0d95,9693a1d1-4b88-4d73-8138-b46b21e7a72c,5a3d193f-cb2b-40df-b401-d786b9e25ef8,CSO-2025-10-24,1,20000,0,0,MXN,excel_cso,Extraccion diaria de compras de gas natural para CCC Saltillo desde Consolidado CSO.xlsx.,Consolidado CSO.xlsx
24/11/2025,6bc2fbe4-3a34-4837-a3d8-8162e642ba3a,1a3dde4b-6f67-49db-ac6e-7578d0af0d95,9693a1d1-4b88-4d73-8138-b46b21e7a72c,5a3d193f-cb2b-40df-b401-d786b9e25ef8,CSO-2025-11-24,1,37000,0,0,MXN,excel_cso,Extraccion diaria de compras de gas natural para CCC Saltillo desde Consolidado CSO.xlsx.,Consolidado CSO.xlsx
25/01/2025,6bc2fbe4-3a34-4837-a3d8-8162e642ba3a,1a3dde4b-6f67-49db-ac6e-7578d0af0d95,9693a1d1-4b88-4d73-8138-b46b21e7a72c,5a3d193f-cb2b-40df-b401-d786b9e25ef8,CSO-2025-01-25,1,43321,0,0,MXN,excel_cso,Extraccion diaria de compras de gas natural para CCC Saltillo desde Consolidado CSO.xlsx.,Consolidado CSO.xlsx
25/02/2025,6bc2fbe4-3a34-4837-a3d8-8162e642ba3a,1a3dde4b-6f67-49db-ac6e-7578d0af0d95,9693a1d1-4b88-4d73-8138-b46b21e7a72c,5a3d193f-cb2b-40df-b401-d786b9e25ef8,CSO-2025-02-25,1,0,0,0,MXN,excel_cso,Extraccion diaria de compras de gas natural para CCC Saltillo desde Consolidado CSO.xlsx.,Consolidado CSO.xlsx
25/03/2025,6bc2fbe4-3a34-4837-a3d8-8162e642ba3a,1a3dde4b-6f67-49db-ac6e-7578d0af0d95,9693a1d1-4b88-4d73-8138-b46b21e7a72c,5a3d193f-cb2b-40df-b401-d786b9e25ef8,CSO-2025-03-25,1,0,0,0,MXN,excel_cso,Extraccion diaria de compras de gas natural para CCC Saltillo desde Consolidado CSO.xlsx.,Consolidado CSO.xlsx
25/04/2025,6bc2fbe4-3a34-4837-a3d8-8162e642ba3a,1a3dde4b-6f67-49db-ac6e-7578d0af0d95,9693a1d1-4b88-4d73-8138-b46b21e7a72c,5a3d193f-cb2b-40df-b401-d786b9e25ef8,CSO-2025-04-25,1,46033,0,0,MXN,excel_cso,Extraccion diaria de compras de gas natural para CCC Saltillo desde Consolidado CSO.xlsx.,Consolidado CSO.xlsx
25/05/2025,6bc2fbe4-3a34-4837-a3d8-8162e642ba3a,1a3dde4b-6f67-49db-ac6e-7578d0af0d95,9693a1d1-4b88-4d73-8138-b46b21e7a72c,5a3d193f-cb2b-40df-b401-d786b9e25ef8,CSO-2025-05-25,1,20000,0,0,MXN,excel_cso,Extraccion diaria de compras de gas natural para CCC Saltillo desde Consolidado CSO.xlsx.,Consolidado CSO.xlsx
25/06/2025,6bc2fbe4-3a34-4837-a3d8-8162e642ba3a,1a3dde4b-6f67-49db-ac6e-7578d0af0d95,9693a1d1-4b88-4d73-8138-b46b21e7a72c,5a3d193f-cb2b-40df-b401-d786b9e25ef8,CSO-2025-06-25,1,20000,0,0,MXN,excel_cso,Extraccion diaria de compras de gas natural para CCC Saltillo desde Consolidado CSO.xlsx.,Consolidado CSO.xlsx
25/07/2025,6bc2fbe4-3a34-4837-a3d8-8162e642ba3a,1a3dde4b-6f67-49db-ac6e-7578d0af0d95,9693a1d1-4b88-4d73-8138-b46b21e7a72c,5a3d193f-cb2b-40df-b401-d786b9e25ef8,CSO-2025-07-25,1,33000,0,0,MXN,excel_cso,Extraccion diaria de compras de gas natural para CCC Saltillo desde Consolidado CSO.xlsx.,Consolidado CSO.xlsx
25/08/2025,6bc2fbe4-3a34-4837-a3d8-8162e642ba3a,1a3dde4b-6f67-49db-ac6e-7578d0af0d95,9693a1d1-4b88-4d73-8138-b46b21e7a72c,5a3d193f-cb2b-40df-b401-d786b9e25ef8,CSO-2025-08-25,1,47000,0,0,MXN,excel_cso,Extraccion diaria de compras de gas natural para CCC Saltillo desde Consolidado CSO.xlsx.,Consolidado CSO.xlsx
25/09/2025,6bc2fbe4-3a34-4837-a3d8-8162e642ba3a,1a3dde4b-6f67-49db-ac6e-7578d0af0d95,9693a1d1-4b88-4d73-8138-b46b21e7a72c,5a3d193f-cb2b-40df-b401-d786b9e25ef8,CSO-2025-09-25,1,30742,0,0,MXN,excel_cso,Extraccion diaria de compras de gas natural para CCC Saltillo desde Consolidado CSO.xlsx.,Consolidado CSO.xlsx
25/10/2025,6bc2fbe4-3a34-4837-a3d8-8162e642ba3a,1a3dde4b-6f67-49db-ac6e-7578d0af0d95,9693a1d1-4b88-4d73-8138-b46b21e7a72c,5a3d193f-cb2b-40df-b401-d786b9e25ef8,CSO-2025-10-25,1,28275,0,0,MXN,excel_cso,Extraccion diaria de compras de gas natural para CCC Saltillo desde Consolidado CSO.xlsx.,Consolidado CSO.xlsx
25/11/2025,6bc2fbe4-3a34-4837-a3d8-8162e642ba3a,1a3dde4b-6f67-49db-ac6e-7578d0af0d95,9693a1d1-4b88-4d73-8138-b46b21e7a72c,5a3d193f-cb2b-40df-b401-d786b9e25ef8,CSO-2025-11-25,1,37000,0,0,MXN,excel_cso,Extraccion diaria de compras de gas natural para CCC Saltillo desde Consolidado CSO.xlsx.,Consolidado CSO.xlsx
26/01/2025,6bc2fbe4-3a34-4837-a3d8-8162e642ba3a,1a3dde4b-6f67-49db-ac6e-7578d0af0d95,9693a1d1-4b88-4d73-8138-b46b21e7a72c,5a3d193f-cb2b-40df-b401-d786b9e25ef8,CSO-2025-01-26,1,35000,0,0,MXN,excel_cso,Extraccion diaria de compras de gas natural para CCC Saltillo desde Consolidado CSO.xlsx.,Consolidado CSO.xlsx
26/02/2025,6bc2fbe4-3a34-4837-a3d8-8162e642ba3a,1a3dde4b-6f67-49db-ac6e-7578d0af0d95,9693a1d1-4b88-4d73-8138-b46b21e7a72c,5a3d193f-cb2b-40df-b401-d786b9e25ef8,CSO-2025-02-26,1,0,0,0,MXN,excel_cso,Extraccion diaria de compras de gas natural para CCC Saltillo desde Consolidado CSO.xlsx.,Consolidado CSO.xlsx
26/03/2025,6bc2fbe4-3a34-4837-a3d8-8162e642ba3a,1a3dde4b-6f67-49db-ac6e-7578d0af0d95,9693a1d1-4b88-4d73-8138-b46b21e7a72c,5a3d193f-cb2b-40df-b401-d786b9e25ef8,CSO-2025-03-26,1,700,0,0,MXN,excel_cso,Extraccion diaria de compras de gas natural para CCC Saltillo desde Consolidado CSO.xlsx.,Consolidado CSO.xlsx
26/04/2025,6bc2fbe4-3a34-4837-a3d8-8162e642ba3a,1a3dde4b-6f67-49db-ac6e-7578d0af0d95,9693a1d1-4b88-4d73-8138-b46b21e7a72c,5a3d193f-cb2b-40df-b401-d786b9e25ef8,CSO-2025-04-26,1,46500,0,0,MXN,excel_cso,Extraccion diaria de compras de gas natural para CCC Saltillo desde Consolidado CSO.xlsx.,Consolidado CSO.xlsx
26/05/2025,6bc2fbe4-3a34-4837-a3d8-8162e642ba3a,1a3dde4b-6f67-49db-ac6e-7578d0af0d95,9693a1d1-4b88-4d73-8138-b46b21e7a72c,5a3d193f-cb2b-40df-b401-d786b9e25ef8,CSO-2025-05-26,1,45000,0,0,MXN,excel_cso,Extraccion diaria de compras de gas natural para CCC Saltillo desde Consolidado CSO.xlsx.,Consolidado CSO.xlsx
26/06/2025,6bc2fbe4-3a34-4837-a3d8-8162e642ba3a,1a3dde4b-6f67-49db-ac6e-7578d0af0d95,9693a1d1-4b88-4d73-8138-b46b21e7a72c,5a3d193f-cb2b-40df-b401-d786b9e25ef8,CSO-2025-06-26,1,30000,0,0,MXN,excel_cso,Extraccion diaria de compras de gas natural para CCC Saltillo desde Consolidado CSO.xlsx.,Consolidado CSO.xlsx
26/07/2025,6bc2fbe4-3a34-4837-a3d8-8162e642ba3a,1a3dde4b-6f67-49db-ac6e-7578d0af0d95,9693a1d1-4b88-4d73-8138-b46b21e7a72c,5a3d193f-cb2b-40df-b401-d786b9e25ef8,CSO-2025-07-26,1,33000,0,0,MXN,excel_cso,Extraccion diaria de compras de gas natural para CCC Saltillo desde Consolidado CSO.xlsx.,Consolidado CSO.xlsx
26/08/2025,6bc2fbe4-3a34-4837-a3d8-8162e642ba3a,1a3dde4b-6f67-49db-ac6e-7578d0af0d95,9693a1d1-4b88-4d73-8138-b46b21e7a72c,5a3d193f-cb2b-40df-b401-d786b9e25ef8,CSO-2025-08-26,1,39000,0,0,MXN,excel_cso,Extraccion diaria de compras de gas natural para CCC Saltillo desde Consolidado CSO.xlsx.,Consolidado CSO.xlsx
26/09/2025,6bc2fbe4-3a34-4837-a3d8-8162e642ba3a,1a3dde4b-6f67-49db-ac6e-7578d0af0d95,9693a1d1-4b88-4d73-8138-b46b21e7a72c,5a3d193f-cb2b-40df-b401-d786b9e25ef8,CSO-2025-09-26,1,38000,0,0,MXN,excel_cso,Extraccion diaria de compras de gas natural para CCC Saltillo desde Consolidado CSO.xlsx.,Consolidado CSO.xlsx
26/10/2025,6bc2fbe4-3a34-4837-a3d8-8162e642ba3a,1a3dde4b-6f67-49db-ac6e-7578d0af0d95,9693a1d1-4b88-4d73-8138-b46b21e7a72c,5a3d193f-cb2b-40df-b401-d786b9e25ef8,CSO-2025-10-26,1,30000,0,0,MXN,excel_cso,Extraccion diaria de compras de gas natural para CCC Saltillo desde Consolidado CSO.xlsx.,Consolidado CSO.xlsx
26/11/2025,6bc2fbe4-3a34-4837-a3d8-8162e642ba3a,1a3dde4b-6f67-49db-ac6e-7578d0af0d95,9693a1d1-4b88-4d73-8138-b46b21e7a72c,5a3d193f-cb2b-40df-b401-d786b9e25ef8,CSO-2025-11-26,1,37000,0,0,MXN,excel_cso,Extraccion diaria de compras de gas natural para CCC Saltillo desde Consolidado CSO.xlsx.,Consolidado CSO.xlsx
27/01/2025,6bc2fbe4-3a34-4837-a3d8-8162e642ba3a,1a3dde4b-6f67-49db-ac6e-7578d0af0d95,9693a1d1-4b88-4d73-8138-b46b21e7a72c,5a3d193f-cb2b-40df-b401-d786b9e25ef8,CSO-2025-01-27,1,27000,0,0,MXN,excel_cso,Extraccion diaria de compras de gas natural para CCC Saltillo desde Consolidado CSO.xlsx.,Consolidado CSO.xlsx
27/02/2025,6bc2fbe4-3a34-4837-a3d8-8162e642ba3a,1a3dde4b-6f67-49db-ac6e-7578d0af0d95,9693a1d1-4b88-4d73-8138-b46b21e7a72c,5a3d193f-cb2b-40df-b401-d786b9e25ef8,CSO-2025-02-27,1,0,0,0,MXN,excel_cso,Extraccion diaria de compras de gas natural para CCC Saltillo desde Consolidado CSO.xlsx.,Consolidado CSO.xlsx
27/03/2025,6bc2fbe4-3a34-4837-a3d8-8162e642ba3a,1a3dde4b-6f67-49db-ac6e-7578d0af0d95,9693a1d1-4b88-4d73-8138-b46b21e7a72c,5a3d193f-cb2b-40df-b401-d786b9e25ef8,CSO-2025-03-27,1,2000,0,0,MXN,excel_cso,Extraccion diaria de compras de gas natural para CCC Saltillo desde Consolidado CSO.xlsx.,Consolidado CSO.xlsx
27/04/2025,6bc2fbe4-3a34-4837-a3d8-8162e642ba3a,1a3dde4b-6f67-49db-ac6e-7578d0af0d95,9693a1d1-4b88-4d73-8138-b46b21e7a72c,5a3d193f-cb2b-40df-b401-d786b9e25ef8,CSO-2025-04-27,1,35000,0,0,MXN,excel_cso,Extraccion diaria de compras de gas natural para CCC Saltillo desde Consolidado CSO.xlsx.,Consolidado CSO.xlsx
27/05/2025,6bc2fbe4-3a34-4837-a3d8-8162e642ba3a,1a3dde4b-6f67-49db-ac6e-7578d0af0d95,9693a1d1-4b88-4d73-8138-b46b21e7a72c,5a3d193f-cb2b-40df-b401-d786b9e25ef8,CSO-2025-05-27,1,43000,0,0,MXN,excel_cso,Extraccion diaria de compras de gas natural para CCC Saltillo desde Consolidado CSO.xlsx.,Consolidado CSO.xlsx
27/06/2025,6bc2fbe4-3a34-4837-a3d8-8162e642ba3a,1a3dde4b-6f67-49db-ac6e-7578d0af0d95,9693a1d1-4b88-4d73-8138-b46b21e7a72c,5a3d193f-cb2b-40df-b401-d786b9e25ef8,CSO-2025-06-27,1,30000,0,0,MXN,excel_cso,Extraccion diaria de compras de gas natural para CCC Saltillo desde Consolidado CSO.xlsx.,Consolidado CSO.xlsx
27/07/2025,6bc2fbe4-3a34-4837-a3d8-8162e642ba3a,1a3dde4b-6f67-49db-ac6e-7578d0af0d95,9693a1d1-4b88-4d73-8138-b46b21e7a72c,5a3d193f-cb2b-40df-b401-d786b9e25ef8,CSO-2025-07-27,1,17000,0,0,MXN,excel_cso,Extraccion diaria de compras de gas natural para CCC Saltillo desde Consolidado CSO.xlsx.,Consolidado CSO.xlsx
27/08/2025,6bc2fbe4-3a34-4837-a3d8-8162e642ba3a,1a3dde4b-6f67-49db-ac6e-7578d0af0d95,9693a1d1-4b88-4d73-8138-b46b21e7a72c,5a3d193f-cb2b-40df-b401-d786b9e25ef8,CSO-2025-08-27,1,30000,0,0,MXN,excel_cso,Extraccion diaria de compras de gas natural para CCC Saltillo desde Consolidado CSO.xlsx.,Consolidado CSO.xlsx
27/09/2025,6bc2fbe4-3a34-4837-a3d8-8162e642ba3a,1a3dde4b-6f67-49db-ac6e-7578d0af0d95,9693a1d1-4b88-4d73-8138-b46b21e7a72c,5a3d193f-cb2b-40df-b401-d786b9e25ef8,CSO-2025-09-27,1,38000,0,0,MXN,excel_cso,Extraccion diaria de compras de gas natural para CCC Saltillo desde Consolidado CSO.xlsx.,Consolidado CSO.xlsx
27/10/2025,6bc2fbe4-3a34-4837-a3d8-8162e642ba3a,1a3dde4b-6f67-49db-ac6e-7578d0af0d95,9693a1d1-4b88-4d73-8138-b46b21e7a72c,5a3d193f-cb2b-40df-b401-d786b9e25ef8,CSO-2025-10-27,1,19952,0,0,MXN,excel_cso,Extraccion diaria de compras de gas natural para CCC Saltillo desde Consolidado CSO.xlsx.,Consolidado CSO.xlsx
27/11/2025,6bc2fbe4-3a34-4837-a3d8-8162e642ba3a,1a3dde4b-6f67-49db-ac6e-7578d0af0d95,9693a1d1-4b88-4d73-8138-b46b21e7a72c,5a3d193f-cb2b-40df-b401-d786b9e25ef8,CSO-2025-11-27,1,37000,0,0,MXN,excel_cso,Extraccion diaria de compras de gas natural para CCC Saltillo desde Consolidado CSO.xlsx.,Consolidado CSO.xlsx
28/01/2025,6bc2fbe4-3a34-4837-a3d8-8162e642ba3a,1a3dde4b-6f67-49db-ac6e-7578d0af0d95,9693a1d1-4b88-4d73-8138-b46b21e7a72c,5a3d193f-cb2b-40df-b401-d786b9e25ef8,CSO-2025-01-28,1,0,0,0,MXN,excel_cso,Extraccion diaria de compras de gas natural para CCC Saltillo desde Consolidado CSO.xlsx.,Consolidado CSO.xlsx
28/02/2025,6bc2fbe4-3a34-4837-a3d8-8162e642ba3a,1a3dde4b-6f67-49db-ac6e-7578d0af0d95,9693a1d1-4b88-4d73-8138-b46b21e7a72c,5a3d193f-cb2b-40df-b401-d786b9e25ef8,CSO-2025-02-28,1,0,0,0,MXN,excel_cso,Extraccion diaria de compras de gas natural para CCC Saltillo desde Consolidado CSO.xlsx.,Consolidado CSO.xlsx
28/03/2025,6bc2fbe4-3a34-4837-a3d8-8162e642ba3a,1a3dde4b-6f67-49db-ac6e-7578d0af0d95,9693a1d1-4b88-4d73-8138-b46b21e7a72c,5a3d193f-cb2b-40df-b401-d786b9e25ef8,CSO-2025-03-28,1,7000,0,0,MXN,excel_cso,Extraccion diaria de compras de gas natural para CCC Saltillo desde Consolidado CSO.xlsx.,Consolidado CSO.xlsx
28/04/2025,6bc2fbe4-3a34-4837-a3d8-8162e642ba3a,1a3dde4b-6f67-49db-ac6e-7578d0af0d95,9693a1d1-4b88-4d73-8138-b46b21e7a72c,5a3d193f-cb2b-40df-b401-d786b9e25ef8,CSO-2025-04-28,1,41000,0,0,MXN,excel_cso,Extraccion diaria de compras de gas natural para CCC Saltillo desde Consolidado CSO.xlsx.,Consolidado CSO.xlsx
28/05/2025,6bc2fbe4-3a34-4837-a3d8-8162e642ba3a,1a3dde4b-6f67-49db-ac6e-7578d0af0d95,9693a1d1-4b88-4d73-8138-b46b21e7a72c,5a3d193f-cb2b-40df-b401-d786b9e25ef8,CSO-2025-05-28,1,35000,0,0,MXN,excel_cso,Extraccion diaria de compras de gas natural para CCC Saltillo desde Consolidado CSO.xlsx.,Consolidado CSO.xlsx
28/06/2025,6bc2fbe4-3a34-4837-a3d8-8162e642ba3a,1a3dde4b-6f67-49db-ac6e-7578d0af0d95,9693a1d1-4b88-4d73-8138-b46b21e7a72c,5a3d193f-cb2b-40df-b401-d786b9e25ef8,CSO-2025-06-28,1,28000,0,0,MXN,excel_cso,Extraccion diaria de compras de gas natural para CCC Saltillo desde Consolidado CSO.xlsx.,Consolidado CSO.xlsx
28/07/2025,6bc2fbe4-3a34-4837-a3d8-8162e642ba3a,1a3dde4b-6f67-49db-ac6e-7578d0af0d95,9693a1d1-4b88-4d73-8138-b46b21e7a72c,5a3d193f-cb2b-40df-b401-d786b9e25ef8,CSO-2025-07-28,1,34000,0,0,MXN,excel_cso,Extraccion diaria de compras de gas natural para CCC Saltillo desde Consolidado CSO.xlsx.,Consolidado CSO.xlsx
28/08/2025,6bc2fbe4-3a34-4837-a3d8-8162e642ba3a,1a3dde4b-6f67-49db-ac6e-7578d0af0d95,9693a1d1-4b88-4d73-8138-b46b21e7a72c,5a3d193f-cb2b-40df-b401-d786b9e25ef8,CSO-2025-08-28,1,38000,0,0,MXN,excel_cso,Extraccion diaria de compras de gas natural para CCC Saltillo desde Consolidado CSO.xlsx.,Consolidado CSO.xlsx
28/09/2025,6bc2fbe4-3a34-4837-a3d8-8162e642ba3a,1a3dde4b-6f67-49db-ac6e-7578d0af0d95,9693a1d1-4b88-4d73-8138-b46b21e7a72c,5a3d193f-cb2b-40df-b401-d786b9e25ef8,CSO-2025-09-28,1,32000,0,0,MXN,excel_cso,Extraccion diaria de compras de gas natural para CCC Saltillo desde Consolidado CSO.xlsx.,Consolidado CSO.xlsx
28/10/2025,6bc2fbe4-3a34-4837-a3d8-8162e642ba3a,1a3dde4b-6f67-49db-ac6e-7578d0af0d95,9693a1d1-4b88-4d73-8138-b46b21e7a72c,5a3d193f-cb2b-40df-b401-d786b9e25ef8,CSO-2025-10-28,1,38000,0,0,MXN,excel_cso,Extraccion diaria de compras de gas natural para CCC Saltillo desde Consolidado CSO.xlsx.,Consolidado CSO.xlsx
28/11/2025,6bc2fbe4-3a34-4837-a3d8-8162e642ba3a,1a3dde4b-6f67-49db-ac6e-7578d0af0d95,9693a1d1-4b88-4d73-8138-b46b21e7a72c,5a3d193f-cb2b-40df-b401-d786b9e25ef8,CSO-2025-11-28,1,37000,0,0,MXN,excel_cso,Extraccion diaria de compras de gas natural para CCC Saltillo desde Consolidado CSO.xlsx.,Consolidado CSO.xlsx
29/01/2025,6bc2fbe4-3a34-4837-a3d8-8162e642ba3a,1a3dde4b-6f67-49db-ac6e-7578d0af0d95,9693a1d1-4b88-4d73-8138-b46b21e7a72c,5a3d193f-cb2b-40df-b401-d786b9e25ef8,CSO-2025-01-29,1,0,0,0,MXN,excel_cso,Extraccion diaria de compras de gas natural para CCC Saltillo desde Consolidado CSO.xlsx.,Consolidado CSO.xlsx
29/03/2025,6bc2fbe4-3a34-4837-a3d8-8162e642ba3a,1a3dde4b-6f67-49db-ac6e-7578d0af0d95,9693a1d1-4b88-4d73-8138-b46b21e7a72c,5a3d193f-cb2b-40df-b401-d786b9e25ef8,CSO-2025-03-29,1,5000,0,0,MXN,excel_cso,Extraccion diaria de compras de gas natural para CCC Saltillo desde Consolidado CSO.xlsx.,Consolidado CSO.xlsx
29/04/2025,6bc2fbe4-3a34-4837-a3d8-8162e642ba3a,1a3dde4b-6f67-49db-ac6e-7578d0af0d95,9693a1d1-4b88-4d73-8138-b46b21e7a72c,5a3d193f-cb2b-40df-b401-d786b9e25ef8,CSO-2025-04-29,1,31000,0,0,MXN,excel_cso,Extraccion diaria de compras de gas natural para CCC Saltillo desde Consolidado CSO.xlsx.,Consolidado CSO.xlsx
29/05/2025,6bc2fbe4-3a34-4837-a3d8-8162e642ba3a,1a3dde4b-6f67-49db-ac6e-7578d0af0d95,9693a1d1-4b88-4d73-8138-b46b21e7a72c,5a3d193f-cb2b-40df-b401-d786b9e25ef8,CSO-2025-05-29,1,18000,0,0,MXN,excel_cso,Extraccion diaria de compras de gas natural para CCC Saltillo desde Consolidado CSO.xlsx.,Consolidado CSO.xlsx
29/06/2025,6bc2fbe4-3a34-4837-a3d8-8162e642ba3a,1a3dde4b-6f67-49db-ac6e-7578d0af0d95,9693a1d1-4b88-4d73-8138-b46b21e7a72c,5a3d193f-cb2b-40df-b401-d786b9e25ef8,CSO-2025-06-29,1,33000,0,0,MXN,excel_cso,Extraccion diaria de compras de gas natural para CCC Saltillo desde Consolidado CSO.xlsx.,Consolidado CSO.xlsx
29/07/2025,6bc2fbe4-3a34-4837-a3d8-8162e642ba3a,1a3dde4b-6f67-49db-ac6e-7578d0af0d95,9693a1d1-4b88-4d73-8138-b46b21e7a72c,5a3d193f-cb2b-40df-b401-d786b9e25ef8,CSO-2025-07-29,1,39000,0,0,MXN,excel_cso,Extraccion diaria de compras de gas natural para CCC Saltillo desde Consolidado CSO.xlsx.,Consolidado CSO.xlsx
29/08/2025,6bc2fbe4-3a34-4837-a3d8-8162e642ba3a,1a3dde4b-6f67-49db-ac6e-7578d0af0d95,9693a1d1-4b88-4d73-8138-b46b21e7a72c,5a3d193f-cb2b-40df-b401-d786b9e25ef8,CSO-2025-08-29,1,42215,0,0,MXN,excel_cso,Extraccion diaria de compras de gas natural para CCC Saltillo desde Consolidado CSO.xlsx.,Consolidado CSO.xlsx
29/09/2025,6bc2fbe4-3a34-4837-a3d8-8162e642ba3a,1a3dde4b-6f67-49db-ac6e-7578d0af0d95,9693a1d1-4b88-4d73-8138-b46b21e7a72c,5a3d193f-cb2b-40df-b401-d786b9e25ef8,CSO-2025-09-29,1,38000,0,0,MXN,excel_cso,Extraccion diaria de compras de gas natural para CCC Saltillo desde Consolidado CSO.xlsx.,Consolidado CSO.xlsx
29/10/2025,6bc2fbe4-3a34-4837-a3d8-8162e642ba3a,1a3dde4b-6f67-49db-ac6e-7578d0af0d95,9693a1d1-4b88-4d73-8138-b46b21e7a72c,5a3d193f-cb2b-40df-b401-d786b9e25ef8,CSO-2025-10-29,1,27000,0,0,MXN,excel_cso,Extraccion diaria de compras de gas natural para CCC Saltillo desde Consolidado CSO.xlsx.,Consolidado CSO.xlsx
29/11/2025,6bc2fbe4-3a34-4837-a3d8-8162e642ba3a,1a3dde4b-6f67-49db-ac6e-7578d0af0d95,9693a1d1-4b88-4d73-8138-b46b21e7a72c,5a3d193f-cb2b-40df-b401-d786b9e25ef8,CSO-2025-11-29,1,37000,0,0,MXN,excel_cso,Extraccion diaria de compras de gas natural para CCC Saltillo desde Consolidado CSO.xlsx.,Consolidado CSO.xlsx
30/01/2025,6bc2fbe4-3a34-4837-a3d8-8162e642ba3a,1a3dde4b-6f67-49db-ac6e-7578d0af0d95,9693a1d1-4b88-4d73-8138-b46b21e7a72c,5a3d193f-cb2b-40df-b401-d786b9e25ef8,CSO-2025-01-30,1,0,0,0,MXN,excel_cso,Extraccion diaria de compras de gas natural para CCC Saltillo desde Consolidado CSO.xlsx.,Consolidado CSO.xlsx
30/03/2025,6bc2fbe4-3a34-4837-a3d8-8162e642ba3a,1a3dde4b-6f67-49db-ac6e-7578d0af0d95,9693a1d1-4b88-4d73-8138-b46b21e7a72c,5a3d193f-cb2b-40df-b401-d786b9e25ef8,CSO-2025-03-30,1,25000,0,0,MXN,excel_cso,Extraccion diaria de compras de gas natural para CCC Saltillo desde Consolidado CSO.xlsx.,Consolidado CSO.xlsx
30/04/2025,6bc2fbe4-3a34-4837-a3d8-8162e642ba3a,1a3dde4b-6f67-49db-ac6e-7578d0af0d95,9693a1d1-4b88-4d73-8138-b46b21e7a72c,5a3d193f-cb2b-40df-b401-d786b9e25ef8,CSO-2025-04-30,1,34000,0,0,MXN,excel_cso,Extraccion diaria de compras de gas natural para CCC Saltillo desde Consolidado CSO.xlsx.,Consolidado CSO.xlsx
30/05/2025,6bc2fbe4-3a34-4837-a3d8-8162e642ba3a,1a3dde4b-6f67-49db-ac6e-7578d0af0d95,9693a1d1-4b88-4d73-8138-b46b21e7a72c,5a3d193f-cb2b-40df-b401-d786b9e25ef8,CSO-2025-05-30,1,33000,0,0,MXN,excel_cso,Extraccion diaria de compras de gas natural para CCC Saltillo desde Consolidado CSO.xlsx.,Consolidado CSO.xlsx
30/06/2025,6bc2fbe4-3a34-4837-a3d8-8162e642ba3a,1a3dde4b-6f67-49db-ac6e-7578d0af0d95,9693a1d1-4b88-4d73-8138-b46b21e7a72c,5a3d193f-cb2b-40df-b401-d786b9e25ef8,CSO-2025-06-30,1,33000,0,0,MXN,excel_cso,Extraccion diaria de compras de gas natural para CCC Saltillo desde Consolidado CSO.xlsx.,Consolidado CSO.xlsx
30/07/2025,6bc2fbe4-3a34-4837-a3d8-8162e642ba3a,1a3dde4b-6f67-49db-ac6e-7578d0af0d95,9693a1d1-4b88-4d73-8138-b46b21e7a72c,5a3d193f-cb2b-40df-b401-d786b9e25ef8,CSO-2025-07-30,1,35000,0,0,MXN,excel_cso,Extraccion diaria de compras de gas natural para CCC Saltillo desde Consolidado CSO.xlsx.,Consolidado CSO.xlsx
30/08/2025,6bc2fbe4-3a34-4837-a3d8-8162e642ba3a,1a3dde4b-6f67-49db-ac6e-7578d0af0d95,9693a1d1-4b88-4d73-8138-b46b21e7a72c,5a3d193f-cb2b-40df-b401-d786b9e25ef8,CSO-2025-08-30,1,35215,0,0,MXN,excel_cso,Extraccion diaria de compras de gas natural para CCC Saltillo desde Consolidado CSO.xlsx.,Consolidado CSO.xlsx
30/09/2025,6bc2fbe4-3a34-4837-a3d8-8162e642ba3a,1a3dde4b-6f67-49db-ac6e-7578d0af0d95,9693a1d1-4b88-4d73-8138-b46b21e7a72c,5a3d193f-cb2b-40df-b401-d786b9e25ef8,CSO-2025-09-30,1,28000,0,0,MXN,excel_cso,Extraccion diaria de compras de gas natural para CCC Saltillo desde Consolidado CSO.xlsx.,Consolidado CSO.xlsx
30/10/2025,6bc2fbe4-3a34-4837-a3d8-8162e642ba3a,1a3dde4b-6f67-49db-ac6e-7578d0af0d95,9693a1d1-4b88-4d73-8138-b46b21e7a72c,5a3d193f-cb2b-40df-b401-d786b9e25ef8,CSO-2025-10-30,1,12000,0,0,MXN,excel_cso,Extraccion diaria de compras de gas natural para CCC Saltillo desde Consolidado CSO.xlsx.,Consolidado CSO.xlsx
30/11/2025,6bc2fbe4-3a34-4837-a3d8-8162e642ba3a,1a3dde4b-6f67-49db-ac6e-7578d0af0d95,9693a1d1-4b88-4d73-8138-b46b21e7a72c,5a3d193f-cb2b-40df-b401-d786b9e25ef8,CSO-2025-11-30,1,18000,0,0,MXN,excel_cso,Extraccion diaria de compras de gas natural para CCC Saltillo desde Consolidado CSO.xlsx.,Consolidado CSO.xlsx
30/12/2025,6bc2fbe4-3a34-4837-a3d8-8162e642ba3a,1a3dde4b-6f67-49db-ac6e-7578d0af0d95,9693a1d1-4b88-4d73-8138-b46b21e7a72c,5a3d193f-cb2b-40df-b401-d786b9e25ef8,CSO-2025-12-30,1,5000,0,0,MXN,excel_cso,Extraccion diaria de compras de gas natural para CCC Saltillo desde Consolidado CSO.xlsx.,Consolidado CSO.xlsx
31/01/2025,6bc2fbe4-3a34-4837-a3d8-8162e642ba3a,1a3dde4b-6f67-49db-ac6e-7578d0af0d95,9693a1d1-4b88-4d73-8138-b46b21e7a72c,5a3d193f-cb2b-40df-b401-d786b9e25ef8,CSO-2025-01-31,1,0,0,0,MXN,excel_cso,Extraccion diaria de compras de gas natural para CCC Saltillo desde Consolidado CSO.xlsx.,Consolidado CSO.xlsx
31/03/2025,6bc2fbe4-3a34-4837-a3d8-8162e642ba3a,1a3dde4b-6f67-49db-ac6e-7578d0af0d95,9693a1d1-4b88-4d73-8138-b46b21e7a72c,5a3d193f-cb2b-40df-b401-d786b9e25ef8,CSO-2025-03-31,1,38000,0,0,MXN,excel_cso,Extraccion diaria de compras de gas natural para CCC Saltillo desde Consolidado CSO.xlsx.,Consolidado CSO.xlsx
31/05/2025,6bc2fbe4-3a34-4837-a3d8-8162e642ba3a,1a3dde4b-6f67-49db-ac6e-7578d0af0d95,9693a1d1-4b88-4d73-8138-b46b21e7a72c,5a3d193f-cb2b-40df-b401-d786b9e25ef8,CSO-2025-05-31,1,35000,0,0,MXN,excel_cso,Extraccion diaria de compras de gas natural para CCC Saltillo desde Consolidado CSO.xlsx.,Consolidado CSO.xlsx
31/07/2025,6bc2fbe4-3a34-4837-a3d8-8162e642ba3a,1a3dde4b-6f67-49db-ac6e-7578d0af0d95,9693a1d1-4b88-4d73-8138-b46b21e7a72c,5a3d193f-cb2b-40df-b401-d786b9e25ef8,CSO-2025-07-31,1,37000,0,0,MXN,excel_cso,Extraccion diaria de compras de gas natural para CCC Saltillo desde Consolidado CSO.xlsx.,Consolidado CSO.xlsx
31/08/2025,6bc2fbe4-3a34-4837-a3d8-8162e642ba3a,1a3dde4b-6f67-49db-ac6e-7578d0af0d95,9693a1d1-4b88-4d73-8138-b46b21e7a72c,5a3d193f-cb2b-40df-b401-d786b9e25ef8,CSO-2025-08-31,1,13000,0,0,MXN,excel_cso,Extraccion diaria de compras de gas natural para CCC Saltillo desde Consolidado CSO.xlsx.,Consolidado CSO.xlsx
31/10/2025,6bc2fbe4-3a34-4837-a3d8-8162e642ba3a,1a3dde4b-6f67-49db-ac6e-7578d0af0d95,9693a1d1-4b88-4d73-8138-b46b21e7a72c,5a3d193f-cb2b-40df-b401-d786b9e25ef8,CSO-2025-10-31,1,35000,0,0,MXN,excel_cso,Extraccion diaria de compras de gas natural para CCC Saltillo desde Consolidado CSO.xlsx.,Consolidado CSO.xlsx
01/01/2026,6bc2fbe4-3a34-4837-a3d8-8162e642ba3a,1a3dde4b-6f67-49db-ac6e-7578d0af0d95,9693a1d1-4b88-4d73-8138-b46b21e7a72c,5a3d193f-cb2b-40df-b401-d786b9e25ef8,CSO-2026-01-01,1,0,0,0,MXN,excel_cso,Extraccion diaria de compras de gas natural para CCC Saltillo desde Consolidado CSO.xlsx.,Consolidado CSO.xlsx
01/02/2026,6bc2fbe4-3a34-4837-a3d8-8162e642ba3a,1a3dde4b-6f67-49db-ac6e-7578d0af0d95,9693a1d1-4b88-4d73-8138-b46b21e7a72c,5a3d193f-cb2b-40df-b401-d786b9e25ef8,CSO-2026-02-01,1,33000,0,0,MXN,excel_cso,Extraccion diaria de compras de gas natural para CCC Saltillo desde Consolidado CSO.xlsx.,Consolidado CSO.xlsx
01/03/2026,6bc2fbe4-3a34-4837-a3d8-8162e642ba3a,1a3dde4b-6f67-49db-ac6e-7578d0af0d95,9693a1d1-4b88-4d73-8138-b46b21e7a72c,5a3d193f-cb2b-40df-b401-d786b9e25ef8,CSO-2026-03-01,1,0,0,0,MXN,excel_cso,Extraccion diaria de compras de gas natural para CCC Saltillo desde Consolidado CSO.xlsx.,Consolidado CSO.xlsx
01/04/2026,6bc2fbe4-3a34-4837-a3d8-8162e642ba3a,1a3dde4b-6f67-49db-ac6e-7578d0af0d95,9693a1d1-4b88-4d73-8138-b46b21e7a72c,5a3d193f-cb2b-40df-b401-d786b9e25ef8,CSO-2026-04-01,1,34000,0,0,MXN,excel_cso,Extraccion diaria de compras de gas natural para CCC Saltillo desde Consolidado CSO.xlsx.,Consolidado CSO.xlsx
01/05/2026,6bc2fbe4-3a34-4837-a3d8-8162e642ba3a,1a3dde4b-6f67-49db-ac6e-7578d0af0d95,9693a1d1-4b88-4d73-8138-b46b21e7a72c,5a3d193f-cb2b-40df-b401-d786b9e25ef8,CSO-2026-05-01,1,35000,0,0,MXN,excel_cso,Extraccion diaria de compras de gas natural para CCC Saltillo desde Consolidado CSO.xlsx.,Consolidado CSO.xlsx
02/01/2026,6bc2fbe4-3a34-4837-a3d8-8162e642ba3a,1a3dde4b-6f67-49db-ac6e-7578d0af0d95,9693a1d1-4b88-4d73-8138-b46b21e7a72c,5a3d193f-cb2b-40df-b401-d786b9e25ef8,CSO-2026-01-02,1,0,0,0,MXN,excel_cso,Extraccion diaria de compras de gas natural para CCC Saltillo desde Consolidado CSO.xlsx.,Consolidado CSO.xlsx
02/02/2026,6bc2fbe4-3a34-4837-a3d8-8162e642ba3a,1a3dde4b-6f67-49db-ac6e-7578d0af0d95,9693a1d1-4b88-4d73-8138-b46b21e7a72c,5a3d193f-cb2b-40df-b401-d786b9e25ef8,CSO-2026-02-02,1,32000,0,0,MXN,excel_cso,Extraccion diaria de compras de gas natural para CCC Saltillo desde Consolidado CSO.xlsx.,Consolidado CSO.xlsx
02/03/2026,6bc2fbe4-3a34-4837-a3d8-8162e642ba3a,1a3dde4b-6f67-49db-ac6e-7578d0af0d95,9693a1d1-4b88-4d73-8138-b46b21e7a72c,5a3d193f-cb2b-40df-b401-d786b9e25ef8,CSO-2026-03-02,1,41000,0,0,MXN,excel_cso,Extraccion diaria de compras de gas natural para CCC Saltillo desde Consolidado CSO.xlsx.,Consolidado CSO.xlsx
02/04/2026,6bc2fbe4-3a34-4837-a3d8-8162e642ba3a,1a3dde4b-6f67-49db-ac6e-7578d0af0d95,9693a1d1-4b88-4d73-8138-b46b21e7a72c,5a3d193f-cb2b-40df-b401-d786b9e25ef8,CSO-2026-04-02,1,25000,0,0,MXN,excel_cso,Extraccion diaria de compras de gas natural para CCC Saltillo desde Consolidado CSO.xlsx.,Consolidado CSO.xlsx
02/05/2026,6bc2fbe4-3a34-4837-a3d8-8162e642ba3a,1a3dde4b-6f67-49db-ac6e-7578d0af0d95,9693a1d1-4b88-4d73-8138-b46b21e7a72c,5a3d193f-cb2b-40df-b401-d786b9e25ef8,CSO-2026-05-02,1,24455,0,0,MXN,excel_cso,Extraccion diaria de compras de gas natural para CCC Saltillo desde Consolidado CSO.xlsx.,Consolidado CSO.xlsx
03/01/2026,6bc2fbe4-3a34-4837-a3d8-8162e642ba3a,1a3dde4b-6f67-49db-ac6e-7578d0af0d95,9693a1d1-4b88-4d73-8138-b46b21e7a72c,5a3d193f-cb2b-40df-b401-d786b9e25ef8,CSO-2026-01-03,1,0,0,0,MXN,excel_cso,Extraccion diaria de compras de gas natural para CCC Saltillo desde Consolidado CSO.xlsx.,Consolidado CSO.xlsx
03/02/2026,6bc2fbe4-3a34-4837-a3d8-8162e642ba3a,1a3dde4b-6f67-49db-ac6e-7578d0af0d95,9693a1d1-4b88-4d73-8138-b46b21e7a72c,5a3d193f-cb2b-40df-b401-d786b9e25ef8,CSO-2026-02-03,1,32000,0,0,MXN,excel_cso,Extraccion diaria de compras de gas natural para CCC Saltillo desde Consolidado CSO.xlsx.,Consolidado CSO.xlsx
03/03/2026,6bc2fbe4-3a34-4837-a3d8-8162e642ba3a,1a3dde4b-6f67-49db-ac6e-7578d0af0d95,9693a1d1-4b88-4d73-8138-b46b21e7a72c,5a3d193f-cb2b-40df-b401-d786b9e25ef8,CSO-2026-03-03,1,35000,0,0,MXN,excel_cso,Extraccion diaria de compras de gas natural para CCC Saltillo desde Consolidado CSO.xlsx.,Consolidado CSO.xlsx
03/04/2026,6bc2fbe4-3a34-4837-a3d8-8162e642ba3a,1a3dde4b-6f67-49db-ac6e-7578d0af0d95,9693a1d1-4b88-4d73-8138-b46b21e7a72c,5a3d193f-cb2b-40df-b401-d786b9e25ef8,CSO-2026-04-03,1,5000,0,0,MXN,excel_cso,Extraccion diaria de compras de gas natural para CCC Saltillo desde Consolidado CSO.xlsx.,Consolidado CSO.xlsx
03/05/2026,6bc2fbe4-3a34-4837-a3d8-8162e642ba3a,1a3dde4b-6f67-49db-ac6e-7578d0af0d95,9693a1d1-4b88-4d73-8138-b46b21e7a72c,5a3d193f-cb2b-40df-b401-d786b9e25ef8,CSO-2026-05-03,1,24000,0,0,MXN,excel_cso,Extraccion diaria de compras de gas natural para CCC Saltillo desde Consolidado CSO.xlsx.,Consolidado CSO.xlsx
04/01/2026,6bc2fbe4-3a34-4837-a3d8-8162e642ba3a,1a3dde4b-6f67-49db-ac6e-7578d0af0d95,9693a1d1-4b88-4d73-8138-b46b21e7a72c,5a3d193f-cb2b-40df-b401-d786b9e25ef8,CSO-2026-01-04,1,5000,0,0,MXN,excel_cso,Extraccion diaria de compras de gas natural para CCC Saltillo desde Consolidado CSO.xlsx.,Consolidado CSO.xlsx
04/02/2026,6bc2fbe4-3a34-4837-a3d8-8162e642ba3a,1a3dde4b-6f67-49db-ac6e-7578d0af0d95,9693a1d1-4b88-4d73-8138-b46b21e7a72c,5a3d193f-cb2b-40df-b401-d786b9e25ef8,CSO-2026-02-04,1,35000,0,0,MXN,excel_cso,Extraccion diaria de compras de gas natural para CCC Saltillo desde Consolidado CSO.xlsx.,Consolidado CSO.xlsx
04/03/2026,6bc2fbe4-3a34-4837-a3d8-8162e642ba3a,1a3dde4b-6f67-49db-ac6e-7578d0af0d95,9693a1d1-4b88-4d73-8138-b46b21e7a72c,5a3d193f-cb2b-40df-b401-d786b9e25ef8,CSO-2026-03-04,1,35000,0,0,MXN,excel_cso,Extraccion diaria de compras de gas natural para CCC Saltillo desde Consolidado CSO.xlsx.,Consolidado CSO.xlsx
04/04/2026,6bc2fbe4-3a34-4837-a3d8-8162e642ba3a,1a3dde4b-6f67-49db-ac6e-7578d0af0d95,9693a1d1-4b88-4d73-8138-b46b21e7a72c,5a3d193f-cb2b-40df-b401-d786b9e25ef8,CSO-2026-04-04,1,15000,0,0,MXN,excel_cso,Extraccion diaria de compras de gas natural para CCC Saltillo desde Consolidado CSO.xlsx.,Consolidado CSO.xlsx
04/05/2026,6bc2fbe4-3a34-4837-a3d8-8162e642ba3a,1a3dde4b-6f67-49db-ac6e-7578d0af0d95,9693a1d1-4b88-4d73-8138-b46b21e7a72c,5a3d193f-cb2b-40df-b401-d786b9e25ef8,CSO-2026-05-04,1,35000,0,0,MXN,excel_cso,Extraccion diaria de compras de gas natural para CCC Saltillo desde Consolidado CSO.xlsx.,Consolidado CSO.xlsx
05/01/2026,6bc2fbe4-3a34-4837-a3d8-8162e642ba3a,1a3dde4b-6f67-49db-ac6e-7578d0af0d95,9693a1d1-4b88-4d73-8138-b46b21e7a72c,5a3d193f-cb2b-40df-b401-d786b9e25ef8,CSO-2026-01-05,1,15000,0,0,MXN,excel_cso,Extraccion diaria de compras de gas natural para CCC Saltillo desde Consolidado CSO.xlsx.,Consolidado CSO.xlsx
05/02/2026,6bc2fbe4-3a34-4837-a3d8-8162e642ba3a,1a3dde4b-6f67-49db-ac6e-7578d0af0d95,9693a1d1-4b88-4d73-8138-b46b21e7a72c,5a3d193f-cb2b-40df-b401-d786b9e25ef8,CSO-2026-02-05,1,36000,0,0,MXN,excel_cso,Extraccion diaria de compras de gas natural para CCC Saltillo desde Consolidado CSO.xlsx.,Consolidado CSO.xlsx
05/03/2026,6bc2fbe4-3a34-4837-a3d8-8162e642ba3a,1a3dde4b-6f67-49db-ac6e-7578d0af0d95,9693a1d1-4b88-4d73-8138-b46b21e7a72c,5a3d193f-cb2b-40df-b401-d786b9e25ef8,CSO-2026-03-05,1,35000,0,0,MXN,excel_cso,Extraccion diaria de compras de gas natural para CCC Saltillo desde Consolidado CSO.xlsx.,Consolidado CSO.xlsx
05/04/2026,6bc2fbe4-3a34-4837-a3d8-8162e642ba3a,1a3dde4b-6f67-49db-ac6e-7578d0af0d95,9693a1d1-4b88-4d73-8138-b46b21e7a72c,5a3d193f-cb2b-40df-b401-d786b9e25ef8,CSO-2026-04-05,1,10000,0,0,MXN,excel_cso,Extraccion diaria de compras de gas natural para CCC Saltillo desde Consolidado CSO.xlsx.,Consolidado CSO.xlsx
05/05/2026,6bc2fbe4-3a34-4837-a3d8-8162e642ba3a,1a3dde4b-6f67-49db-ac6e-7578d0af0d95,9693a1d1-4b88-4d73-8138-b46b21e7a72c,5a3d193f-cb2b-40df-b401-d786b9e25ef8,CSO-2026-05-05,1,25000,0,0,MXN,excel_cso,Extraccion diaria de compras de gas natural para CCC Saltillo desde Consolidado CSO.xlsx.,Consolidado CSO.xlsx
06/01/2026,6bc2fbe4-3a34-4837-a3d8-8162e642ba3a,1a3dde4b-6f67-49db-ac6e-7578d0af0d95,9693a1d1-4b88-4d73-8138-b46b21e7a72c,5a3d193f-cb2b-40df-b401-d786b9e25ef8,CSO-2026-01-06,1,42000,0,0,MXN,excel_cso,Extraccion diaria de compras de gas natural para CCC Saltillo desde Consolidado CSO.xlsx.,Consolidado CSO.xlsx
06/02/2026,6bc2fbe4-3a34-4837-a3d8-8162e642ba3a,1a3dde4b-6f67-49db-ac6e-7578d0af0d95,9693a1d1-4b88-4d73-8138-b46b21e7a72c,5a3d193f-cb2b-40df-b401-d786b9e25ef8,CSO-2026-02-06,1,47000,0,0,MXN,excel_cso,Extraccion diaria de compras de gas natural para CCC Saltillo desde Consolidado CSO.xlsx.,Consolidado CSO.xlsx
06/03/2026,6bc2fbe4-3a34-4837-a3d8-8162e642ba3a,1a3dde4b-6f67-49db-ac6e-7578d0af0d95,9693a1d1-4b88-4d73-8138-b46b21e7a72c,5a3d193f-cb2b-40df-b401-d786b9e25ef8,CSO-2026-03-06,1,35000,0,0,MXN,excel_cso,Extraccion diaria de compras de gas natural para CCC Saltillo desde Consolidado CSO.xlsx.,Consolidado CSO.xlsx
06/04/2026,6bc2fbe4-3a34-4837-a3d8-8162e642ba3a,1a3dde4b-6f67-49db-ac6e-7578d0af0d95,9693a1d1-4b88-4d73-8138-b46b21e7a72c,5a3d193f-cb2b-40df-b401-d786b9e25ef8,CSO-2026-04-06,1,30000,0,0,MXN,excel_cso,Extraccion diaria de compras de gas natural para CCC Saltillo desde Consolidado CSO.xlsx.,Consolidado CSO.xlsx
06/05/2026,6bc2fbe4-3a34-4837-a3d8-8162e642ba3a,1a3dde4b-6f67-49db-ac6e-7578d0af0d95,9693a1d1-4b88-4d73-8138-b46b21e7a72c,5a3d193f-cb2b-40df-b401-d786b9e25ef8,CSO-2026-05-06,1,34000,0,0,MXN,excel_cso,Extraccion diaria de compras de gas natural para CCC Saltillo desde Consolidado CSO.xlsx.,Consolidado CSO.xlsx
07/01/2026,6bc2fbe4-3a34-4837-a3d8-8162e642ba3a,1a3dde4b-6f67-49db-ac6e-7578d0af0d95,9693a1d1-4b88-4d73-8138-b46b21e7a72c,5a3d193f-cb2b-40df-b401-d786b9e25ef8,CSO-2026-01-07,1,32000,0,0,MXN,excel_cso,Extraccion diaria de compras de gas natural para CCC Saltillo desde Consolidado CSO.xlsx.,Consolidado CSO.xlsx
07/02/2026,6bc2fbe4-3a34-4837-a3d8-8162e642ba3a,1a3dde4b-6f67-49db-ac6e-7578d0af0d95,9693a1d1-4b88-4d73-8138-b46b21e7a72c,5a3d193f-cb2b-40df-b401-d786b9e25ef8,CSO-2026-02-07,1,35000,0,0,MXN,excel_cso,Extraccion diaria de compras de gas natural para CCC Saltillo desde Consolidado CSO.xlsx.,Consolidado CSO.xlsx
07/03/2026,6bc2fbe4-3a34-4837-a3d8-8162e642ba3a,1a3dde4b-6f67-49db-ac6e-7578d0af0d95,9693a1d1-4b88-4d73-8138-b46b21e7a72c,5a3d193f-cb2b-40df-b401-d786b9e25ef8,CSO-2026-03-07,1,33000,0,0,MXN,excel_cso,Extraccion diaria de compras de gas natural para CCC Saltillo desde Consolidado CSO.xlsx.,Consolidado CSO.xlsx
07/04/2026,6bc2fbe4-3a34-4837-a3d8-8162e642ba3a,1a3dde4b-6f67-49db-ac6e-7578d0af0d95,9693a1d1-4b88-4d73-8138-b46b21e7a72c,5a3d193f-cb2b-40df-b401-d786b9e25ef8,CSO-2026-04-07,1,35000,0,0,MXN,excel_cso,Extraccion diaria de compras de gas natural para CCC Saltillo desde Consolidado CSO.xlsx.,Consolidado CSO.xlsx
07/05/2026,6bc2fbe4-3a34-4837-a3d8-8162e642ba3a,1a3dde4b-6f67-49db-ac6e-7578d0af0d95,9693a1d1-4b88-4d73-8138-b46b21e7a72c,5a3d193f-cb2b-40df-b401-d786b9e25ef8,CSO-2026-05-07,1,35000,0,0,MXN,excel_cso,Extraccion diaria de compras de gas natural para CCC Saltillo desde Consolidado CSO.xlsx.,Consolidado CSO.xlsx
08/01/2026,6bc2fbe4-3a34-4837-a3d8-8162e642ba3a,1a3dde4b-6f67-49db-ac6e-7578d0af0d95,9693a1d1-4b88-4d73-8138-b46b21e7a72c,5a3d193f-cb2b-40df-b401-d786b9e25ef8,CSO-2026-01-08,1,42000,0,0,MXN,excel_cso,Extraccion diaria de compras de gas natural para CCC Saltillo desde Consolidado CSO.xlsx.,Consolidado CSO.xlsx
08/02/2026,6bc2fbe4-3a34-4837-a3d8-8162e642ba3a,1a3dde4b-6f67-49db-ac6e-7578d0af0d95,9693a1d1-4b88-4d73-8138-b46b21e7a72c,5a3d193f-cb2b-40df-b401-d786b9e25ef8,CSO-2026-02-08,1,5047,0,0,MXN,excel_cso,Extraccion diaria de compras de gas natural para CCC Saltillo desde Consolidado CSO.xlsx.,Consolidado CSO.xlsx
08/03/2026,6bc2fbe4-3a34-4837-a3d8-8162e642ba3a,1a3dde4b-6f67-49db-ac6e-7578d0af0d95,9693a1d1-4b88-4d73-8138-b46b21e7a72c,5a3d193f-cb2b-40df-b401-d786b9e25ef8,CSO-2026-03-08,1,23000,0,0,MXN,excel_cso,Extraccion diaria de compras de gas natural para CCC Saltillo desde Consolidado CSO.xlsx.,Consolidado CSO.xlsx
08/04/2026,6bc2fbe4-3a34-4837-a3d8-8162e642ba3a,1a3dde4b-6f67-49db-ac6e-7578d0af0d95,9693a1d1-4b88-4d73-8138-b46b21e7a72c,5a3d193f-cb2b-40df-b401-d786b9e25ef8,CSO-2026-04-08,1,38000,0,0,MXN,excel_cso,Extraccion diaria de compras de gas natural para CCC Saltillo desde Consolidado CSO.xlsx.,Consolidado CSO.xlsx
08/05/2026,6bc2fbe4-3a34-4837-a3d8-8162e642ba3a,1a3dde4b-6f67-49db-ac6e-7578d0af0d95,9693a1d1-4b88-4d73-8138-b46b21e7a72c,5a3d193f-cb2b-40df-b401-d786b9e25ef8,CSO-2026-05-08,1,35000,0,0,MXN,excel_cso,Extraccion diaria de compras de gas natural para CCC Saltillo desde Consolidado CSO.xlsx.,Consolidado CSO.xlsx
09/01/2026,6bc2fbe4-3a34-4837-a3d8-8162e642ba3a,1a3dde4b-6f67-49db-ac6e-7578d0af0d95,9693a1d1-4b88-4d73-8138-b46b21e7a72c,5a3d193f-cb2b-40df-b401-d786b9e25ef8,CSO-2026-01-09,1,44000,0,0,MXN,excel_cso,Extraccion diaria de compras de gas natural para CCC Saltillo desde Consolidado CSO.xlsx.,Consolidado CSO.xlsx
09/02/2026,6bc2fbe4-3a34-4837-a3d8-8162e642ba3a,1a3dde4b-6f67-49db-ac6e-7578d0af0d95,9693a1d1-4b88-4d73-8138-b46b21e7a72c,5a3d193f-cb2b-40df-b401-d786b9e25ef8,CSO-2026-02-09,1,37000,0,0,MXN,excel_cso,Extraccion diaria de compras de gas natural para CCC Saltillo desde Consolidado CSO.xlsx.,Consolidado CSO.xlsx
09/03/2026,6bc2fbe4-3a34-4837-a3d8-8162e642ba3a,1a3dde4b-6f67-49db-ac6e-7578d0af0d95,9693a1d1-4b88-4d73-8138-b46b21e7a72c,5a3d193f-cb2b-40df-b401-d786b9e25ef8,CSO-2026-03-09,1,35000,0,0,MXN,excel_cso,Extraccion diaria de compras de gas natural para CCC Saltillo desde Consolidado CSO.xlsx.,Consolidado CSO.xlsx
09/04/2026,6bc2fbe4-3a34-4837-a3d8-8162e642ba3a,1a3dde4b-6f67-49db-ac6e-7578d0af0d95,9693a1d1-4b88-4d73-8138-b46b21e7a72c,5a3d193f-cb2b-40df-b401-d786b9e25ef8,CSO-2026-04-09,1,40000,0,0,MXN,excel_cso,Extraccion diaria de compras de gas natural para CCC Saltillo desde Consolidado CSO.xlsx.,Consolidado CSO.xlsx
09/05/2026,6bc2fbe4-3a34-4837-a3d8-8162e642ba3a,1a3dde4b-6f67-49db-ac6e-7578d0af0d95,9693a1d1-4b88-4d73-8138-b46b21e7a72c,5a3d193f-cb2b-40df-b401-d786b9e25ef8,CSO-2026-05-09,1,37000,0,0,MXN,excel_cso,Extraccion diaria de compras de gas natural para CCC Saltillo desde Consolidado CSO.xlsx.,Consolidado CSO.xlsx
10/01/2026,6bc2fbe4-3a34-4837-a3d8-8162e642ba3a,1a3dde4b-6f67-49db-ac6e-7578d0af0d95,9693a1d1-4b88-4d73-8138-b46b21e7a72c,5a3d193f-cb2b-40df-b401-d786b9e25ef8,CSO-2026-01-10,1,32000,0,0,MXN,excel_cso,Extraccion diaria de compras de gas natural para CCC Saltillo desde Consolidado CSO.xlsx.,Consolidado CSO.xlsx
10/02/2026,6bc2fbe4-3a34-4837-a3d8-8162e642ba3a,1a3dde4b-6f67-49db-ac6e-7578d0af0d95,9693a1d1-4b88-4d73-8138-b46b21e7a72c,5a3d193f-cb2b-40df-b401-d786b9e25ef8,CSO-2026-02-10,1,37000,0,0,MXN,excel_cso,Extraccion diaria de compras de gas natural para CCC Saltillo desde Consolidado CSO.xlsx.,Consolidado CSO.xlsx
10/03/2026,6bc2fbe4-3a34-4837-a3d8-8162e642ba3a,1a3dde4b-6f67-49db-ac6e-7578d0af0d95,9693a1d1-4b88-4d73-8138-b46b21e7a72c,5a3d193f-cb2b-40df-b401-d786b9e25ef8,CSO-2026-03-10,1,34000,0,0,MXN,excel_cso,Extraccion diaria de compras de gas natural para CCC Saltillo desde Consolidado CSO.xlsx.,Consolidado CSO.xlsx
10/04/2026,6bc2fbe4-3a34-4837-a3d8-8162e642ba3a,1a3dde4b-6f67-49db-ac6e-7578d0af0d95,9693a1d1-4b88-4d73-8138-b46b21e7a72c,5a3d193f-cb2b-40df-b401-d786b9e25ef8,CSO-2026-04-10,1,26000,0,0,MXN,excel_cso,Extraccion diaria de compras de gas natural para CCC Saltillo desde Consolidado CSO.xlsx.,Consolidado CSO.xlsx
10/05/2026,6bc2fbe4-3a34-4837-a3d8-8162e642ba3a,1a3dde4b-6f67-49db-ac6e-7578d0af0d95,9693a1d1-4b88-4d73-8138-b46b21e7a72c,5a3d193f-cb2b-40df-b401-d786b9e25ef8,CSO-2026-05-10,1,32000,0,0,MXN,excel_cso,Extraccion diaria de compras de gas natural para CCC Saltillo desde Consolidado CSO.xlsx.,Consolidado CSO.xlsx
11/01/2026,6bc2fbe4-3a34-4837-a3d8-8162e642ba3a,1a3dde4b-6f67-49db-ac6e-7578d0af0d95,9693a1d1-4b88-4d73-8138-b46b21e7a72c,5a3d193f-cb2b-40df-b401-d786b9e25ef8,CSO-2026-01-11,1,5000,0,0,MXN,excel_cso,Extraccion diaria de compras de gas natural para CCC Saltillo desde Consolidado CSO.xlsx.,Consolidado CSO.xlsx
11/02/2026,6bc2fbe4-3a34-4837-a3d8-8162e642ba3a,1a3dde4b-6f67-49db-ac6e-7578d0af0d95,9693a1d1-4b88-4d73-8138-b46b21e7a72c,5a3d193f-cb2b-40df-b401-d786b9e25ef8,CSO-2026-02-11,1,41000,0,0,MXN,excel_cso,Extraccion diaria de compras de gas natural para CCC Saltillo desde Consolidado CSO.xlsx.,Consolidado CSO.xlsx
11/03/2026,6bc2fbe4-3a34-4837-a3d8-8162e642ba3a,1a3dde4b-6f67-49db-ac6e-7578d0af0d95,9693a1d1-4b88-4d73-8138-b46b21e7a72c,5a3d193f-cb2b-40df-b401-d786b9e25ef8,CSO-2026-03-11,1,34000,0,0,MXN,excel_cso,Extraccion diaria de compras de gas natural para CCC Saltillo desde Consolidado CSO.xlsx.,Consolidado CSO.xlsx
11/04/2026,6bc2fbe4-3a34-4837-a3d8-8162e642ba3a,1a3dde4b-6f67-49db-ac6e-7578d0af0d95,9693a1d1-4b88-4d73-8138-b46b21e7a72c,5a3d193f-cb2b-40df-b401-d786b9e25ef8,CSO-2026-04-11,1,35000,0,0,MXN,excel_cso,Extraccion diaria de compras de gas natural para CCC Saltillo desde Consolidado CSO.xlsx.,Consolidado CSO.xlsx
11/05/2026,6bc2fbe4-3a34-4837-a3d8-8162e642ba3a,1a3dde4b-6f67-49db-ac6e-7578d0af0d95,9693a1d1-4b88-4d73-8138-b46b21e7a72c,5a3d193f-cb2b-40df-b401-d786b9e25ef8,CSO-2026-05-11,1,35000,0,0,MXN,excel_cso,Extraccion diaria de compras de gas natural para CCC Saltillo desde Consolidado CSO.xlsx.,Consolidado CSO.xlsx
12/01/2026,6bc2fbe4-3a34-4837-a3d8-8162e642ba3a,1a3dde4b-6f67-49db-ac6e-7578d0af0d95,9693a1d1-4b88-4d73-8138-b46b21e7a72c,5a3d193f-cb2b-40df-b401-d786b9e25ef8,CSO-2026-01-12,1,35000,0,0,MXN,excel_cso,Extraccion diaria de compras de gas natural para CCC Saltillo desde Consolidado CSO.xlsx.,Consolidado CSO.xlsx
12/02/2026,6bc2fbe4-3a34-4837-a3d8-8162e642ba3a,1a3dde4b-6f67-49db-ac6e-7578d0af0d95,9693a1d1-4b88-4d73-8138-b46b21e7a72c,5a3d193f-cb2b-40df-b401-d786b9e25ef8,CSO-2026-02-12,1,36000,0,0,MXN,excel_cso,Extraccion diaria de compras de gas natural para CCC Saltillo desde Consolidado CSO.xlsx.,Consolidado CSO.xlsx
12/03/2026,6bc2fbe4-3a34-4837-a3d8-8162e642ba3a,1a3dde4b-6f67-49db-ac6e-7578d0af0d95,9693a1d1-4b88-4d73-8138-b46b21e7a72c,5a3d193f-cb2b-40df-b401-d786b9e25ef8,CSO-2026-03-12,1,18062,0,0,MXN,excel_cso,Extraccion diaria de compras de gas natural para CCC Saltillo desde Consolidado CSO.xlsx.,Consolidado CSO.xlsx
12/04/2026,6bc2fbe4-3a34-4837-a3d8-8162e642ba3a,1a3dde4b-6f67-49db-ac6e-7578d0af0d95,9693a1d1-4b88-4d73-8138-b46b21e7a72c,5a3d193f-cb2b-40df-b401-d786b9e25ef8,CSO-2026-04-12,1,15000,0,0,MXN,excel_cso,Extraccion diaria de compras de gas natural para CCC Saltillo desde Consolidado CSO.xlsx.,Consolidado CSO.xlsx
12/05/2026,6bc2fbe4-3a34-4837-a3d8-8162e642ba3a,1a3dde4b-6f67-49db-ac6e-7578d0af0d95,9693a1d1-4b88-4d73-8138-b46b21e7a72c,5a3d193f-cb2b-40df-b401-d786b9e25ef8,CSO-2026-05-12,1,35000,0,0,MXN,excel_cso,Extraccion diaria de compras de gas natural para CCC Saltillo desde Consolidado CSO.xlsx.,Consolidado CSO.xlsx
13/01/2026,6bc2fbe4-3a34-4837-a3d8-8162e642ba3a,1a3dde4b-6f67-49db-ac6e-7578d0af0d95,9693a1d1-4b88-4d73-8138-b46b21e7a72c,5a3d193f-cb2b-40df-b401-d786b9e25ef8,CSO-2026-01-13,1,47000,0,0,MXN,excel_cso,Extraccion diaria de compras de gas natural para CCC Saltillo desde Consolidado CSO.xlsx.,Consolidado CSO.xlsx
13/02/2026,6bc2fbe4-3a34-4837-a3d8-8162e642ba3a,1a3dde4b-6f67-49db-ac6e-7578d0af0d95,9693a1d1-4b88-4d73-8138-b46b21e7a72c,5a3d193f-cb2b-40df-b401-d786b9e25ef8,CSO-2026-02-13,1,14000,0,0,MXN,excel_cso,Extraccion diaria de compras de gas natural para CCC Saltillo desde Consolidado CSO.xlsx.,Consolidado CSO.xlsx
13/03/2026,6bc2fbe4-3a34-4837-a3d8-8162e642ba3a,1a3dde4b-6f67-49db-ac6e-7578d0af0d95,9693a1d1-4b88-4d73-8138-b46b21e7a72c,5a3d193f-cb2b-40df-b401-d786b9e25ef8,CSO-2026-03-13,1,35000,0,0,MXN,excel_cso,Extraccion diaria de compras de gas natural para CCC Saltillo desde Consolidado CSO.xlsx.,Consolidado CSO.xlsx
13/04/2026,6bc2fbe4-3a34-4837-a3d8-8162e642ba3a,1a3dde4b-6f67-49db-ac6e-7578d0af0d95,9693a1d1-4b88-4d73-8138-b46b21e7a72c,5a3d193f-cb2b-40df-b401-d786b9e25ef8,CSO-2026-04-13,1,35000,0,0,MXN,excel_cso,Extraccion diaria de compras de gas natural para CCC Saltillo desde Consolidado CSO.xlsx.,Consolidado CSO.xlsx
13/05/2026,6bc2fbe4-3a34-4837-a3d8-8162e642ba3a,1a3dde4b-6f67-49db-ac6e-7578d0af0d95,9693a1d1-4b88-4d73-8138-b46b21e7a72c,5a3d193f-cb2b-40df-b401-d786b9e25ef8,CSO-2026-05-13,1,21925,0,0,MXN,excel_cso,Extraccion diaria de compras de gas natural para CCC Saltillo desde Consolidado CSO.xlsx.,Consolidado CSO.xlsx
14/01/2026,6bc2fbe4-3a34-4837-a3d8-8162e642ba3a,1a3dde4b-6f67-49db-ac6e-7578d0af0d95,9693a1d1-4b88-4d73-8138-b46b21e7a72c,5a3d193f-cb2b-40df-b401-d786b9e25ef8,CSO-2026-01-14,1,40000,0,0,MXN,excel_cso,Extraccion diaria de compras de gas natural para CCC Saltillo desde Consolidado CSO.xlsx.,Consolidado CSO.xlsx
14/02/2026,6bc2fbe4-3a34-4837-a3d8-8162e642ba3a,1a3dde4b-6f67-49db-ac6e-7578d0af0d95,9693a1d1-4b88-4d73-8138-b46b21e7a72c,5a3d193f-cb2b-40df-b401-d786b9e25ef8,CSO-2026-02-14,1,0,0,0,MXN,excel_cso,Extraccion diaria de compras de gas natural para CCC Saltillo desde Consolidado CSO.xlsx.,Consolidado CSO.xlsx
14/03/2026,6bc2fbe4-3a34-4837-a3d8-8162e642ba3a,1a3dde4b-6f67-49db-ac6e-7578d0af0d95,9693a1d1-4b88-4d73-8138-b46b21e7a72c,5a3d193f-cb2b-40df-b401-d786b9e25ef8,CSO-2026-03-14,1,35000,0,0,MXN,excel_cso,Extraccion diaria de compras de gas natural para CCC Saltillo desde Consolidado CSO.xlsx.,Consolidado CSO.xlsx
14/04/2026,6bc2fbe4-3a34-4837-a3d8-8162e642ba3a,1a3dde4b-6f67-49db-ac6e-7578d0af0d95,9693a1d1-4b88-4d73-8138-b46b21e7a72c,5a3d193f-cb2b-40df-b401-d786b9e25ef8,CSO-2026-04-14,1,35000,0,0,MXN,excel_cso,Extraccion diaria de compras de gas natural para CCC Saltillo desde Consolidado CSO.xlsx.,Consolidado CSO.xlsx
14/05/2026,6bc2fbe4-3a34-4837-a3d8-8162e642ba3a,1a3dde4b-6f67-49db-ac6e-7578d0af0d95,9693a1d1-4b88-4d73-8138-b46b21e7a72c,5a3d193f-cb2b-40df-b401-d786b9e25ef8,CSO-2026-05-14,1,27000,0,0,MXN,excel_cso,Extraccion diaria de compras de gas natural para CCC Saltillo desde Consolidado CSO.xlsx.,Consolidado CSO.xlsx
15/01/2026,6bc2fbe4-3a34-4837-a3d8-8162e642ba3a,1a3dde4b-6f67-49db-ac6e-7578d0af0d95,9693a1d1-4b88-4d73-8138-b46b21e7a72c,5a3d193f-cb2b-40df-b401-d786b9e25ef8,CSO-2026-01-15,1,40000,0,0,MXN,excel_cso,Extraccion diaria de compras de gas natural para CCC Saltillo desde Consolidado CSO.xlsx.,Consolidado CSO.xlsx
15/02/2026,6bc2fbe4-3a34-4837-a3d8-8162e642ba3a,1a3dde4b-6f67-49db-ac6e-7578d0af0d95,9693a1d1-4b88-4d73-8138-b46b21e7a72c,5a3d193f-cb2b-40df-b401-d786b9e25ef8,CSO-2026-02-15,1,0,0,0,MXN,excel_cso,Extraccion diaria de compras de gas natural para CCC Saltillo desde Consolidado CSO.xlsx.,Consolidado CSO.xlsx
15/03/2026,6bc2fbe4-3a34-4837-a3d8-8162e642ba3a,1a3dde4b-6f67-49db-ac6e-7578d0af0d95,9693a1d1-4b88-4d73-8138-b46b21e7a72c,5a3d193f-cb2b-40df-b401-d786b9e25ef8,CSO-2026-03-15,1,15000,0,0,MXN,excel_cso,Extraccion diaria de compras de gas natural para CCC Saltillo desde Consolidado CSO.xlsx.,Consolidado CSO.xlsx
15/04/2026,6bc2fbe4-3a34-4837-a3d8-8162e642ba3a,1a3dde4b-6f67-49db-ac6e-7578d0af0d95,9693a1d1-4b88-4d73-8138-b46b21e7a72c,5a3d193f-cb2b-40df-b401-d786b9e25ef8,CSO-2026-04-15,1,20000,0,0,MXN,excel_cso,Extraccion diaria de compras de gas natural para CCC Saltillo desde Consolidado CSO.xlsx.,Consolidado CSO.xlsx
15/05/2026,6bc2fbe4-3a34-4837-a3d8-8162e642ba3a,1a3dde4b-6f67-49db-ac6e-7578d0af0d95,9693a1d1-4b88-4d73-8138-b46b21e7a72c,5a3d193f-cb2b-40df-b401-d786b9e25ef8,CSO-2026-05-15,1,35000,0,0,MXN,excel_cso,Extraccion diaria de compras de gas natural para CCC Saltillo desde Consolidado CSO.xlsx.,Consolidado CSO.xlsx
16/01/2026,6bc2fbe4-3a34-4837-a3d8-8162e642ba3a,1a3dde4b-6f67-49db-ac6e-7578d0af0d95,9693a1d1-4b88-4d73-8138-b46b21e7a72c,5a3d193f-cb2b-40df-b401-d786b9e25ef8,CSO-2026-01-16,1,39000,0,0,MXN,excel_cso,Extraccion diaria de compras de gas natural para CCC Saltillo desde Consolidado CSO.xlsx.,Consolidado CSO.xlsx
16/02/2026,6bc2fbe4-3a34-4837-a3d8-8162e642ba3a,1a3dde4b-6f67-49db-ac6e-7578d0af0d95,9693a1d1-4b88-4d73-8138-b46b21e7a72c,5a3d193f-cb2b-40df-b401-d786b9e25ef8,CSO-2026-02-16,1,0,0,0,MXN,excel_cso,Extraccion diaria de compras de gas natural para CCC Saltillo desde Consolidado CSO.xlsx.,Consolidado CSO.xlsx
16/03/2026,6bc2fbe4-3a34-4837-a3d8-8162e642ba3a,1a3dde4b-6f67-49db-ac6e-7578d0af0d95,9693a1d1-4b88-4d73-8138-b46b21e7a72c,5a3d193f-cb2b-40df-b401-d786b9e25ef8,CSO-2026-03-16,1,25000,0,0,MXN,excel_cso,Extraccion diaria de compras de gas natural para CCC Saltillo desde Consolidado CSO.xlsx.,Consolidado CSO.xlsx
16/04/2026,6bc2fbe4-3a34-4837-a3d8-8162e642ba3a,1a3dde4b-6f67-49db-ac6e-7578d0af0d95,9693a1d1-4b88-4d73-8138-b46b21e7a72c,5a3d193f-cb2b-40df-b401-d786b9e25ef8,CSO-2026-04-16,1,30000,0,0,MXN,excel_cso,Extraccion diaria de compras de gas natural para CCC Saltillo desde Consolidado CSO.xlsx.,Consolidado CSO.xlsx
16/05/2026,6bc2fbe4-3a34-4837-a3d8-8162e642ba3a,1a3dde4b-6f67-49db-ac6e-7578d0af0d95,9693a1d1-4b88-4d73-8138-b46b21e7a72c,5a3d193f-cb2b-40df-b401-d786b9e25ef8,CSO-2026-05-16,1,32000,0,0,MXN,excel_cso,Extraccion diaria de compras de gas natural para CCC Saltillo desde Consolidado CSO.xlsx.,Consolidado CSO.xlsx
17/01/2026,6bc2fbe4-3a34-4837-a3d8-8162e642ba3a,1a3dde4b-6f67-49db-ac6e-7578d0af0d95,9693a1d1-4b88-4d73-8138-b46b21e7a72c,5a3d193f-cb2b-40df-b401-d786b9e25ef8,CSO-2026-01-17,1,37000,0,0,MXN,excel_cso,Extraccion diaria de compras de gas natural para CCC Saltillo desde Consolidado CSO.xlsx.,Consolidado CSO.xlsx
17/02/2026,6bc2fbe4-3a34-4837-a3d8-8162e642ba3a,1a3dde4b-6f67-49db-ac6e-7578d0af0d95,9693a1d1-4b88-4d73-8138-b46b21e7a72c,5a3d193f-cb2b-40df-b401-d786b9e25ef8,CSO-2026-02-17,1,0,0,0,MXN,excel_cso,Extraccion diaria de compras de gas natural para CCC Saltillo desde Consolidado CSO.xlsx.,Consolidado CSO.xlsx
17/03/2026,6bc2fbe4-3a34-4837-a3d8-8162e642ba3a,1a3dde4b-6f67-49db-ac6e-7578d0af0d95,9693a1d1-4b88-4d73-8138-b46b21e7a72c,5a3d193f-cb2b-40df-b401-d786b9e25ef8,CSO-2026-03-17,1,30000,0,0,MXN,excel_cso,Extraccion diaria de compras de gas natural para CCC Saltillo desde Consolidado CSO.xlsx.,Consolidado CSO.xlsx
17/04/2026,6bc2fbe4-3a34-4837-a3d8-8162e642ba3a,1a3dde4b-6f67-49db-ac6e-7578d0af0d95,9693a1d1-4b88-4d73-8138-b46b21e7a72c,5a3d193f-cb2b-40df-b401-d786b9e25ef8,CSO-2026-04-17,1,35000,0,0,MXN,excel_cso,Extraccion diaria de compras de gas natural para CCC Saltillo desde Consolidado CSO.xlsx.,Consolidado CSO.xlsx
17/05/2026,6bc2fbe4-3a34-4837-a3d8-8162e642ba3a,1a3dde4b-6f67-49db-ac6e-7578d0af0d95,9693a1d1-4b88-4d73-8138-b46b21e7a72c,5a3d193f-cb2b-40df-b401-d786b9e25ef8,CSO-2026-05-17,1,38000,0,0,MXN,excel_cso,Extraccion diaria de compras de gas natural para CCC Saltillo desde Consolidado CSO.xlsx.,Consolidado CSO.xlsx
18/01/2026,6bc2fbe4-3a34-4837-a3d8-8162e642ba3a,1a3dde4b-6f67-49db-ac6e-7578d0af0d95,9693a1d1-4b88-4d73-8138-b46b21e7a72c,5a3d193f-cb2b-40df-b401-d786b9e25ef8,CSO-2026-01-18,1,33000,0,0,MXN,excel_cso,Extraccion diaria de compras de gas natural para CCC Saltillo desde Consolidado CSO.xlsx.,Consolidado CSO.xlsx
18/02/2026,6bc2fbe4-3a34-4837-a3d8-8162e642ba3a,1a3dde4b-6f67-49db-ac6e-7578d0af0d95,9693a1d1-4b88-4d73-8138-b46b21e7a72c,5a3d193f-cb2b-40df-b401-d786b9e25ef8,CSO-2026-02-18,1,33000,0,0,MXN,excel_cso,Extraccion diaria de compras de gas natural para CCC Saltillo desde Consolidado CSO.xlsx.,Consolidado CSO.xlsx
18/03/2026,6bc2fbe4-3a34-4837-a3d8-8162e642ba3a,1a3dde4b-6f67-49db-ac6e-7578d0af0d95,9693a1d1-4b88-4d73-8138-b46b21e7a72c,5a3d193f-cb2b-40df-b401-d786b9e25ef8,CSO-2026-03-18,1,35000,0,0,MXN,excel_cso,Extraccion diaria de compras de gas natural para CCC Saltillo desde Consolidado CSO.xlsx.,Consolidado CSO.xlsx
18/04/2026,6bc2fbe4-3a34-4837-a3d8-8162e642ba3a,1a3dde4b-6f67-49db-ac6e-7578d0af0d95,9693a1d1-4b88-4d73-8138-b46b21e7a72c,5a3d193f-cb2b-40df-b401-d786b9e25ef8,CSO-2026-04-18,1,33000,0,0,MXN,excel_cso,Extraccion diaria de compras de gas natural para CCC Saltillo desde Consolidado CSO.xlsx.,Consolidado CSO.xlsx
18/05/2026,6bc2fbe4-3a34-4837-a3d8-8162e642ba3a,1a3dde4b-6f67-49db-ac6e-7578d0af0d95,9693a1d1-4b88-4d73-8138-b46b21e7a72c,5a3d193f-cb2b-40df-b401-d786b9e25ef8,CSO-2026-05-18,1,35000,0,0,MXN,excel_cso,Extraccion diaria de compras de gas natural para CCC Saltillo desde Consolidado CSO.xlsx.,Consolidado CSO.xlsx
19/01/2026,6bc2fbe4-3a34-4837-a3d8-8162e642ba3a,1a3dde4b-6f67-49db-ac6e-7578d0af0d95,9693a1d1-4b88-4d73-8138-b46b21e7a72c,5a3d193f-cb2b-40df-b401-d786b9e25ef8,CSO-2026-01-19,1,43000,0,0,MXN,excel_cso,Extraccion diaria de compras de gas natural para CCC Saltillo desde Consolidado CSO.xlsx.,Consolidado CSO.xlsx
19/02/2026,6bc2fbe4-3a34-4837-a3d8-8162e642ba3a,1a3dde4b-6f67-49db-ac6e-7578d0af0d95,9693a1d1-4b88-4d73-8138-b46b21e7a72c,5a3d193f-cb2b-40df-b401-d786b9e25ef8,CSO-2026-02-19,1,40000,0,0,MXN,excel_cso,Extraccion diaria de compras de gas natural para CCC Saltillo desde Consolidado CSO.xlsx.,Consolidado CSO.xlsx
19/03/2026,6bc2fbe4-3a34-4837-a3d8-8162e642ba3a,1a3dde4b-6f67-49db-ac6e-7578d0af0d95,9693a1d1-4b88-4d73-8138-b46b21e7a72c,5a3d193f-cb2b-40df-b401-d786b9e25ef8,CSO-2026-03-19,1,20600,0,0,MXN,excel_cso,Extraccion diaria de compras de gas natural para CCC Saltillo desde Consolidado CSO.xlsx.,Consolidado CSO.xlsx
19/04/2026,6bc2fbe4-3a34-4837-a3d8-8162e642ba3a,1a3dde4b-6f67-49db-ac6e-7578d0af0d95,9693a1d1-4b88-4d73-8138-b46b21e7a72c,5a3d193f-cb2b-40df-b401-d786b9e25ef8,CSO-2026-04-19,1,16000,0,0,MXN,excel_cso,Extraccion diaria de compras de gas natural para CCC Saltillo desde Consolidado CSO.xlsx.,Consolidado CSO.xlsx
19/05/2026,6bc2fbe4-3a34-4837-a3d8-8162e642ba3a,1a3dde4b-6f67-49db-ac6e-7578d0af0d95,9693a1d1-4b88-4d73-8138-b46b21e7a72c,5a3d193f-cb2b-40df-b401-d786b9e25ef8,CSO-2026-05-19,1,35000,0,0,MXN,excel_cso,Extraccion diaria de compras de gas natural para CCC Saltillo desde Consolidado CSO.xlsx.,Consolidado CSO.xlsx
20/01/2026,6bc2fbe4-3a34-4837-a3d8-8162e642ba3a,1a3dde4b-6f67-49db-ac6e-7578d0af0d95,9693a1d1-4b88-4d73-8138-b46b21e7a72c,5a3d193f-cb2b-40df-b401-d786b9e25ef8,CSO-2026-01-20,1,24000,0,0,MXN,excel_cso,Extraccion diaria de compras de gas natural para CCC Saltillo desde Consolidado CSO.xlsx.,Consolidado CSO.xlsx
20/02/2026,6bc2fbe4-3a34-4837-a3d8-8162e642ba3a,1a3dde4b-6f67-49db-ac6e-7578d0af0d95,9693a1d1-4b88-4d73-8138-b46b21e7a72c,5a3d193f-cb2b-40df-b401-d786b9e25ef8,CSO-2026-02-20,1,35000,0,0,MXN,excel_cso,Extraccion diaria de compras de gas natural para CCC Saltillo desde Consolidado CSO.xlsx.,Consolidado CSO.xlsx
20/03/2026,6bc2fbe4-3a34-4837-a3d8-8162e642ba3a,1a3dde4b-6f67-49db-ac6e-7578d0af0d95,9693a1d1-4b88-4d73-8138-b46b21e7a72c,5a3d193f-cb2b-40df-b401-d786b9e25ef8,CSO-2026-03-20,1,35000,0,0,MXN,excel_cso,Extraccion diaria de compras de gas natural para CCC Saltillo desde Consolidado CSO.xlsx.,Consolidado CSO.xlsx
20/04/2026,6bc2fbe4-3a34-4837-a3d8-8162e642ba3a,1a3dde4b-6f67-49db-ac6e-7578d0af0d95,9693a1d1-4b88-4d73-8138-b46b21e7a72c,5a3d193f-cb2b-40df-b401-d786b9e25ef8,CSO-2026-04-20,1,40000,0,0,MXN,excel_cso,Extraccion diaria de compras de gas natural para CCC Saltillo desde Consolidado CSO.xlsx.,Consolidado CSO.xlsx
20/05/2026,6bc2fbe4-3a34-4837-a3d8-8162e642ba3a,1a3dde4b-6f67-49db-ac6e-7578d0af0d95,9693a1d1-4b88-4d73-8138-b46b21e7a72c,5a3d193f-cb2b-40df-b401-d786b9e25ef8,CSO-2026-05-20,1,36000,0,0,MXN,excel_cso,Extraccion diaria de compras de gas natural para CCC Saltillo desde Consolidado CSO.xlsx.,Consolidado CSO.xlsx
21/01/2026,6bc2fbe4-3a34-4837-a3d8-8162e642ba3a,1a3dde4b-6f67-49db-ac6e-7578d0af0d95,9693a1d1-4b88-4d73-8138-b46b21e7a72c,5a3d193f-cb2b-40df-b401-d786b9e25ef8,CSO-2026-01-21,1,39000,0,0,MXN,excel_cso,Extraccion diaria de compras de gas natural para CCC Saltillo desde Consolidado CSO.xlsx.,Consolidado CSO.xlsx
21/02/2026,6bc2fbe4-3a34-4837-a3d8-8162e642ba3a,1a3dde4b-6f67-49db-ac6e-7578d0af0d95,9693a1d1-4b88-4d73-8138-b46b21e7a72c,5a3d193f-cb2b-40df-b401-d786b9e25ef8,CSO-2026-02-21,1,41000,0,0,MXN,excel_cso,Extraccion diaria de compras de gas natural para CCC Saltillo desde Consolidado CSO.xlsx.,Consolidado CSO.xlsx
21/03/2026,6bc2fbe4-3a34-4837-a3d8-8162e642ba3a,1a3dde4b-6f67-49db-ac6e-7578d0af0d95,9693a1d1-4b88-4d73-8138-b46b21e7a72c,5a3d193f-cb2b-40df-b401-d786b9e25ef8,CSO-2026-03-21,1,33000,0,0,MXN,excel_cso,Extraccion diaria de compras de gas natural para CCC Saltillo desde Consolidado CSO.xlsx.,Consolidado CSO.xlsx
21/04/2026,6bc2fbe4-3a34-4837-a3d8-8162e642ba3a,1a3dde4b-6f67-49db-ac6e-7578d0af0d95,9693a1d1-4b88-4d73-8138-b46b21e7a72c,5a3d193f-cb2b-40df-b401-d786b9e25ef8,CSO-2026-04-21,1,35000,0,0,MXN,excel_cso,Extraccion diaria de compras de gas natural para CCC Saltillo desde Consolidado CSO.xlsx.,Consolidado CSO.xlsx
21/05/2026,6bc2fbe4-3a34-4837-a3d8-8162e642ba3a,1a3dde4b-6f67-49db-ac6e-7578d0af0d95,9693a1d1-4b88-4d73-8138-b46b21e7a72c,5a3d193f-cb2b-40df-b401-d786b9e25ef8,CSO-2026-05-21,1,36000,0,0,MXN,excel_cso,Extraccion diaria de compras de gas natural para CCC Saltillo desde Consolidado CSO.xlsx.,Consolidado CSO.xlsx
22/01/2026,6bc2fbe4-3a34-4837-a3d8-8162e642ba3a,1a3dde4b-6f67-49db-ac6e-7578d0af0d95,9693a1d1-4b88-4d73-8138-b46b21e7a72c,5a3d193f-cb2b-40df-b401-d786b9e25ef8,CSO-2026-01-22,1,40000,0,0,MXN,excel_cso,Extraccion diaria de compras de gas natural para CCC Saltillo desde Consolidado CSO.xlsx.,Consolidado CSO.xlsx
22/02/2026,6bc2fbe4-3a34-4837-a3d8-8162e642ba3a,1a3dde4b-6f67-49db-ac6e-7578d0af0d95,9693a1d1-4b88-4d73-8138-b46b21e7a72c,5a3d193f-cb2b-40df-b401-d786b9e25ef8,CSO-2026-02-22,1,28000,0,0,MXN,excel_cso,Extraccion diaria de compras de gas natural para CCC Saltillo desde Consolidado CSO.xlsx.,Consolidado CSO.xlsx
22/03/2026,6bc2fbe4-3a34-4837-a3d8-8162e642ba3a,1a3dde4b-6f67-49db-ac6e-7578d0af0d95,9693a1d1-4b88-4d73-8138-b46b21e7a72c,5a3d193f-cb2b-40df-b401-d786b9e25ef8,CSO-2026-03-22,1,24000,0,0,MXN,excel_cso,Extraccion diaria de compras de gas natural para CCC Saltillo desde Consolidado CSO.xlsx.,Consolidado CSO.xlsx
22/04/2026,6bc2fbe4-3a34-4837-a3d8-8162e642ba3a,1a3dde4b-6f67-49db-ac6e-7578d0af0d95,9693a1d1-4b88-4d73-8138-b46b21e7a72c,5a3d193f-cb2b-40df-b401-d786b9e25ef8,CSO-2026-04-22,1,25000,0,0,MXN,excel_cso,Extraccion diaria de compras de gas natural para CCC Saltillo desde Consolidado CSO.xlsx.,Consolidado CSO.xlsx
22/05/2026,6bc2fbe4-3a34-4837-a3d8-8162e642ba3a,1a3dde4b-6f67-49db-ac6e-7578d0af0d95,9693a1d1-4b88-4d73-8138-b46b21e7a72c,5a3d193f-cb2b-40df-b401-d786b9e25ef8,CSO-2026-05-22,1,36000,0,0,MXN,excel_cso,Extraccion diaria de compras de gas natural para CCC Saltillo desde Consolidado CSO.xlsx.,Consolidado CSO.xlsx
23/01/2026,6bc2fbe4-3a34-4837-a3d8-8162e642ba3a,1a3dde4b-6f67-49db-ac6e-7578d0af0d95,9693a1d1-4b88-4d73-8138-b46b21e7a72c,5a3d193f-cb2b-40df-b401-d786b9e25ef8,CSO-2026-01-23,1,41000,0,0,MXN,excel_cso,Extraccion diaria de compras de gas natural para CCC Saltillo desde Consolidado CSO.xlsx.,Consolidado CSO.xlsx
23/02/2026,6bc2fbe4-3a34-4837-a3d8-8162e642ba3a,1a3dde4b-6f67-49db-ac6e-7578d0af0d95,9693a1d1-4b88-4d73-8138-b46b21e7a72c,5a3d193f-cb2b-40df-b401-d786b9e25ef8,CSO-2026-02-23,1,55000,0,0,MXN,excel_cso,Extraccion diaria de compras de gas natural para CCC Saltillo desde Consolidado CSO.xlsx.,Consolidado CSO.xlsx
23/03/2026,6bc2fbe4-3a34-4837-a3d8-8162e642ba3a,1a3dde4b-6f67-49db-ac6e-7578d0af0d95,9693a1d1-4b88-4d73-8138-b46b21e7a72c,5a3d193f-cb2b-40df-b401-d786b9e25ef8,CSO-2026-03-23,1,35000,0,0,MXN,excel_cso,Extraccion diaria de compras de gas natural para CCC Saltillo desde Consolidado CSO.xlsx.,Consolidado CSO.xlsx
23/04/2026,6bc2fbe4-3a34-4837-a3d8-8162e642ba3a,1a3dde4b-6f67-49db-ac6e-7578d0af0d95,9693a1d1-4b88-4d73-8138-b46b21e7a72c,5a3d193f-cb2b-40df-b401-d786b9e25ef8,CSO-2026-04-23,1,36000,0,0,MXN,excel_cso,Extraccion diaria de compras de gas natural para CCC Saltillo desde Consolidado CSO.xlsx.,Consolidado CSO.xlsx
23/05/2026,6bc2fbe4-3a34-4837-a3d8-8162e642ba3a,1a3dde4b-6f67-49db-ac6e-7578d0af0d95,9693a1d1-4b88-4d73-8138-b46b21e7a72c,5a3d193f-cb2b-40df-b401-d786b9e25ef8,CSO-2026-05-23,1,25000,0,0,MXN,excel_cso,Extraccion diaria de compras de gas natural para CCC Saltillo desde Consolidado CSO.xlsx.,Consolidado CSO.xlsx
24/01/2026,6bc2fbe4-3a34-4837-a3d8-8162e642ba3a,1a3dde4b-6f67-49db-ac6e-7578d0af0d95,9693a1d1-4b88-4d73-8138-b46b21e7a72c,5a3d193f-cb2b-40df-b401-d786b9e25ef8,CSO-2026-01-24,1,26978,0,0,MXN,excel_cso,Extraccion diaria de compras de gas natural para CCC Saltillo desde Consolidado CSO.xlsx.,Consolidado CSO.xlsx
24/02/2026,6bc2fbe4-3a34-4837-a3d8-8162e642ba3a,1a3dde4b-6f67-49db-ac6e-7578d0af0d95,9693a1d1-4b88-4d73-8138-b46b21e7a72c,5a3d193f-cb2b-40df-b401-d786b9e25ef8,CSO-2026-02-24,1,35000,0,0,MXN,excel_cso,Extraccion diaria de compras de gas natural para CCC Saltillo desde Consolidado CSO.xlsx.,Consolidado CSO.xlsx
24/03/2026,6bc2fbe4-3a34-4837-a3d8-8162e642ba3a,1a3dde4b-6f67-49db-ac6e-7578d0af0d95,9693a1d1-4b88-4d73-8138-b46b21e7a72c,5a3d193f-cb2b-40df-b401-d786b9e25ef8,CSO-2026-03-24,1,35000,0,0,MXN,excel_cso,Extraccion diaria de compras de gas natural para CCC Saltillo desde Consolidado CSO.xlsx.,Consolidado CSO.xlsx
24/04/2026,6bc2fbe4-3a34-4837-a3d8-8162e642ba3a,1a3dde4b-6f67-49db-ac6e-7578d0af0d95,9693a1d1-4b88-4d73-8138-b46b21e7a72c,5a3d193f-cb2b-40df-b401-d786b9e25ef8,CSO-2026-04-24,1,36000,0,0,MXN,excel_cso,Extraccion diaria de compras de gas natural para CCC Saltillo desde Consolidado CSO.xlsx.,Consolidado CSO.xlsx
24/05/2026,6bc2fbe4-3a34-4837-a3d8-8162e642ba3a,1a3dde4b-6f67-49db-ac6e-7578d0af0d95,9693a1d1-4b88-4d73-8138-b46b21e7a72c,5a3d193f-cb2b-40df-b401-d786b9e25ef8,CSO-2026-05-24,1,28000,0,0,MXN,excel_cso,Extraccion diaria de compras de gas natural para CCC Saltillo desde Consolidado CSO.xlsx.,Consolidado CSO.xlsx
25/01/2026,6bc2fbe4-3a34-4837-a3d8-8162e642ba3a,1a3dde4b-6f67-49db-ac6e-7578d0af0d95,9693a1d1-4b88-4d73-8138-b46b21e7a72c,5a3d193f-cb2b-40df-b401-d786b9e25ef8,CSO-2026-01-25,1,38000,0,0,MXN,excel_cso,Extraccion diaria de compras de gas natural para CCC Saltillo desde Consolidado CSO.xlsx.,Consolidado CSO.xlsx
25/02/2026,6bc2fbe4-3a34-4837-a3d8-8162e642ba3a,1a3dde4b-6f67-49db-ac6e-7578d0af0d95,9693a1d1-4b88-4d73-8138-b46b21e7a72c,5a3d193f-cb2b-40df-b401-d786b9e25ef8,CSO-2026-02-25,1,36000,0,0,MXN,excel_cso,Extraccion diaria de compras de gas natural para CCC Saltillo desde Consolidado CSO.xlsx.,Consolidado CSO.xlsx
25/03/2026,6bc2fbe4-3a34-4837-a3d8-8162e642ba3a,1a3dde4b-6f67-49db-ac6e-7578d0af0d95,9693a1d1-4b88-4d73-8138-b46b21e7a72c,5a3d193f-cb2b-40df-b401-d786b9e25ef8,CSO-2026-03-25,1,35000,0,0,MXN,excel_cso,Extraccion diaria de compras de gas natural para CCC Saltillo desde Consolidado CSO.xlsx.,Consolidado CSO.xlsx
25/04/2026,6bc2fbe4-3a34-4837-a3d8-8162e642ba3a,1a3dde4b-6f67-49db-ac6e-7578d0af0d95,9693a1d1-4b88-4d73-8138-b46b21e7a72c,5a3d193f-cb2b-40df-b401-d786b9e25ef8,CSO-2026-04-25,1,35000,0,0,MXN,excel_cso,Extraccion diaria de compras de gas natural para CCC Saltillo desde Consolidado CSO.xlsx.,Consolidado CSO.xlsx
25/05/2026,6bc2fbe4-3a34-4837-a3d8-8162e642ba3a,1a3dde4b-6f67-49db-ac6e-7578d0af0d95,9693a1d1-4b88-4d73-8138-b46b21e7a72c,5a3d193f-cb2b-40df-b401-d786b9e25ef8,CSO-2026-05-25,1,35000,0,0,MXN,excel_cso,Extraccion diaria de compras de gas natural para CCC Saltillo desde Consolidado CSO.xlsx.,Consolidado CSO.xlsx
26/01/2026,6bc2fbe4-3a34-4837-a3d8-8162e642ba3a,1a3dde4b-6f67-49db-ac6e-7578d0af0d95,9693a1d1-4b88-4d73-8138-b46b21e7a72c,5a3d193f-cb2b-40df-b401-d786b9e25ef8,CSO-2026-01-26,1,41000,0,0,MXN,excel_cso,Extraccion diaria de compras de gas natural para CCC Saltillo desde Consolidado CSO.xlsx.,Consolidado CSO.xlsx
26/02/2026,6bc2fbe4-3a34-4837-a3d8-8162e642ba3a,1a3dde4b-6f67-49db-ac6e-7578d0af0d95,9693a1d1-4b88-4d73-8138-b46b21e7a72c,5a3d193f-cb2b-40df-b401-d786b9e25ef8,CSO-2026-02-26,1,36000,0,0,MXN,excel_cso,Extraccion diaria de compras de gas natural para CCC Saltillo desde Consolidado CSO.xlsx.,Consolidado CSO.xlsx
26/03/2026,6bc2fbe4-3a34-4837-a3d8-8162e642ba3a,1a3dde4b-6f67-49db-ac6e-7578d0af0d95,9693a1d1-4b88-4d73-8138-b46b21e7a72c,5a3d193f-cb2b-40df-b401-d786b9e25ef8,CSO-2026-03-26,1,34000,0,0,MXN,excel_cso,Extraccion diaria de compras de gas natural para CCC Saltillo desde Consolidado CSO.xlsx.,Consolidado CSO.xlsx
26/04/2026,6bc2fbe4-3a34-4837-a3d8-8162e642ba3a,1a3dde4b-6f67-49db-ac6e-7578d0af0d95,9693a1d1-4b88-4d73-8138-b46b21e7a72c,5a3d193f-cb2b-40df-b401-d786b9e25ef8,CSO-2026-04-26,1,30000,0,0,MXN,excel_cso,Extraccion diaria de compras de gas natural para CCC Saltillo desde Consolidado CSO.xlsx.,Consolidado CSO.xlsx
26/05/2026,6bc2fbe4-3a34-4837-a3d8-8162e642ba3a,1a3dde4b-6f67-49db-ac6e-7578d0af0d95,9693a1d1-4b88-4d73-8138-b46b21e7a72c,5a3d193f-cb2b-40df-b401-d786b9e25ef8,CSO-2026-05-26,1,42000,0,0,MXN,excel_cso,Extraccion diaria de compras de gas natural para CCC Saltillo desde Consolidado CSO.xlsx.,Consolidado CSO.xlsx
27/01/2026,6bc2fbe4-3a34-4837-a3d8-8162e642ba3a,1a3dde4b-6f67-49db-ac6e-7578d0af0d95,9693a1d1-4b88-4d73-8138-b46b21e7a72c,5a3d193f-cb2b-40df-b401-d786b9e25ef8,CSO-2026-01-27,1,40000,0,0,MXN,excel_cso,Extraccion diaria de compras de gas natural para CCC Saltillo desde Consolidado CSO.xlsx.,Consolidado CSO.xlsx
27/02/2026,6bc2fbe4-3a34-4837-a3d8-8162e642ba3a,1a3dde4b-6f67-49db-ac6e-7578d0af0d95,9693a1d1-4b88-4d73-8138-b46b21e7a72c,5a3d193f-cb2b-40df-b401-d786b9e25ef8,CSO-2026-02-27,1,36000,0,0,MXN,excel_cso,Extraccion diaria de compras de gas natural para CCC Saltillo desde Consolidado CSO.xlsx.,Consolidado CSO.xlsx
27/03/2026,6bc2fbe4-3a34-4837-a3d8-8162e642ba3a,1a3dde4b-6f67-49db-ac6e-7578d0af0d95,9693a1d1-4b88-4d73-8138-b46b21e7a72c,5a3d193f-cb2b-40df-b401-d786b9e25ef8,CSO-2026-03-27,1,34000,0,0,MXN,excel_cso,Extraccion diaria de compras de gas natural para CCC Saltillo desde Consolidado CSO.xlsx.,Consolidado CSO.xlsx
27/04/2026,6bc2fbe4-3a34-4837-a3d8-8162e642ba3a,1a3dde4b-6f67-49db-ac6e-7578d0af0d95,9693a1d1-4b88-4d73-8138-b46b21e7a72c,5a3d193f-cb2b-40df-b401-d786b9e25ef8,CSO-2026-04-27,1,35000,0,0,MXN,excel_cso,Extraccion diaria de compras de gas natural para CCC Saltillo desde Consolidado CSO.xlsx.,Consolidado CSO.xlsx
27/05/2026,6bc2fbe4-3a34-4837-a3d8-8162e642ba3a,1a3dde4b-6f67-49db-ac6e-7578d0af0d95,9693a1d1-4b88-4d73-8138-b46b21e7a72c,5a3d193f-cb2b-40df-b401-d786b9e25ef8,CSO-2026-05-27,1,37000,0,0,MXN,excel_cso,Extraccion diaria de compras de gas natural para CCC Saltillo desde Consolidado CSO.xlsx.,Consolidado CSO.xlsx
28/01/2026,6bc2fbe4-3a34-4837-a3d8-8162e642ba3a,1a3dde4b-6f67-49db-ac6e-7578d0af0d95,9693a1d1-4b88-4d73-8138-b46b21e7a72c,5a3d193f-cb2b-40df-b401-d786b9e25ef8,CSO-2026-01-28,1,37000,0,0,MXN,excel_cso,Extraccion diaria de compras de gas natural para CCC Saltillo desde Consolidado CSO.xlsx.,Consolidado CSO.xlsx
28/02/2026,6bc2fbe4-3a34-4837-a3d8-8162e642ba3a,1a3dde4b-6f67-49db-ac6e-7578d0af0d95,9693a1d1-4b88-4d73-8138-b46b21e7a72c,5a3d193f-cb2b-40df-b401-d786b9e25ef8,CSO-2026-02-28,1,22000,0,0,MXN,excel_cso,Extraccion diaria de compras de gas natural para CCC Saltillo desde Consolidado CSO.xlsx.,Consolidado CSO.xlsx
28/03/2026,6bc2fbe4-3a34-4837-a3d8-8162e642ba3a,1a3dde4b-6f67-49db-ac6e-7578d0af0d95,9693a1d1-4b88-4d73-8138-b46b21e7a72c,5a3d193f-cb2b-40df-b401-d786b9e25ef8,CSO-2026-03-28,1,28000,0,0,MXN,excel_cso,Extraccion diaria de compras de gas natural para CCC Saltillo desde Consolidado CSO.xlsx.,Consolidado CSO.xlsx
28/04/2026,6bc2fbe4-3a34-4837-a3d8-8162e642ba3a,1a3dde4b-6f67-49db-ac6e-7578d0af0d95,9693a1d1-4b88-4d73-8138-b46b21e7a72c,5a3d193f-cb2b-40df-b401-d786b9e25ef8,CSO-2026-04-28,1,40000,0,0,MXN,excel_cso,Extraccion diaria de compras de gas natural para CCC Saltillo desde Consolidado CSO.xlsx.,Consolidado CSO.xlsx
28/05/2026,6bc2fbe4-3a34-4837-a3d8-8162e642ba3a,1a3dde4b-6f67-49db-ac6e-7578d0af0d95,9693a1d1-4b88-4d73-8138-b46b21e7a72c,5a3d193f-cb2b-40df-b401-d786b9e25ef8,CSO-2026-05-28,1,37000,0,0,MXN,excel_cso,Extraccion diaria de compras de gas natural para CCC Saltillo desde Consolidado CSO.xlsx.,Consolidado CSO.xlsx
29/01/2026,6bc2fbe4-3a34-4837-a3d8-8162e642ba3a,1a3dde4b-6f67-49db-ac6e-7578d0af0d95,9693a1d1-4b88-4d73-8138-b46b21e7a72c,5a3d193f-cb2b-40df-b401-d786b9e25ef8,CSO-2026-01-29,1,34380,0,0,MXN,excel_cso,Extraccion diaria de compras de gas natural para CCC Saltillo desde Consolidado CSO.xlsx.,Consolidado CSO.xlsx
29/03/2026,6bc2fbe4-3a34-4837-a3d8-8162e642ba3a,1a3dde4b-6f67-49db-ac6e-7578d0af0d95,9693a1d1-4b88-4d73-8138-b46b21e7a72c,5a3d193f-cb2b-40df-b401-d786b9e25ef8,CSO-2026-03-29,1,20000,0,0,MXN,excel_cso,Extraccion diaria de compras de gas natural para CCC Saltillo desde Consolidado CSO.xlsx.,Consolidado CSO.xlsx
29/04/2026,6bc2fbe4-3a34-4837-a3d8-8162e642ba3a,1a3dde4b-6f67-49db-ac6e-7578d0af0d95,9693a1d1-4b88-4d73-8138-b46b21e7a72c,5a3d193f-cb2b-40df-b401-d786b9e25ef8,CSO-2026-04-29,1,35000,0,0,MXN,excel_cso,Extraccion diaria de compras de gas natural para CCC Saltillo desde Consolidado CSO.xlsx.,Consolidado CSO.xlsx
29/05/2026,6bc2fbe4-3a34-4837-a3d8-8162e642ba3a,1a3dde4b-6f67-49db-ac6e-7578d0af0d95,9693a1d1-4b88-4d73-8138-b46b21e7a72c,5a3d193f-cb2b-40df-b401-d786b9e25ef8,CSO-2026-05-29,1,35000,0,0,MXN,excel_cso,Extraccion diaria de compras de gas natural para CCC Saltillo desde Consolidado CSO.xlsx.,Consolidado CSO.xlsx
30/01/2026,6bc2fbe4-3a34-4837-a3d8-8162e642ba3a,1a3dde4b-6f67-49db-ac6e-7578d0af0d95,9693a1d1-4b88-4d73-8138-b46b21e7a72c,5a3d193f-cb2b-40df-b401-d786b9e25ef8,CSO-2026-01-30,1,39000,0,0,MXN,excel_cso,Extraccion diaria de compras de gas natural para CCC Saltillo desde Consolidado CSO.xlsx.,Consolidado CSO.xlsx
30/03/2026,6bc2fbe4-3a34-4837-a3d8-8162e642ba3a,1a3dde4b-6f67-49db-ac6e-7578d0af0d95,9693a1d1-4b88-4d73-8138-b46b21e7a72c,5a3d193f-cb2b-40df-b401-d786b9e25ef8,CSO-2026-03-30,1,34000,0,0,MXN,excel_cso,Extraccion diaria de compras de gas natural para CCC Saltillo desde Consolidado CSO.xlsx.,Consolidado CSO.xlsx
30/04/2026,6bc2fbe4-3a34-4837-a3d8-8162e642ba3a,1a3dde4b-6f67-49db-ac6e-7578d0af0d95,9693a1d1-4b88-4d73-8138-b46b21e7a72c,5a3d193f-cb2b-40df-b401-d786b9e25ef8,CSO-2026-04-30,1,35000,0,0,MXN,excel_cso,Extraccion diaria de compras de gas natural para CCC Saltillo desde Consolidado CSO.xlsx.,Consolidado CSO.xlsx
30/05/2026,6bc2fbe4-3a34-4837-a3d8-8162e642ba3a,1a3dde4b-6f67-49db-ac6e-7578d0af0d95,9693a1d1-4b88-4d73-8138-b46b21e7a72c,5a3d193f-cb2b-40df-b401-d786b9e25ef8,CSO-2026-05-30,1,35000,0,0,MXN,excel_cso,Extraccion diaria de compras de gas natural para CCC Saltillo desde Consolidado CSO.xlsx.,Consolidado CSO.xlsx
31/01/2026,6bc2fbe4-3a34-4837-a3d8-8162e642ba3a,1a3dde4b-6f67-49db-ac6e-7578d0af0d95,9693a1d1-4b88-4d73-8138-b46b21e7a72c,5a3d193f-cb2b-40df-b401-d786b9e25ef8,CSO-2026-01-31,1,27000,0,0,MXN,excel_cso,Extraccion diaria de compras de gas natural para CCC Saltillo desde Consolidado CSO.xlsx.,Consolidado CSO.xlsx
31/03/2026,6bc2fbe4-3a34-4837-a3d8-8162e642ba3a,1a3dde4b-6f67-49db-ac6e-7578d0af0d95,9693a1d1-4b88-4d73-8138-b46b21e7a72c,5a3d193f-cb2b-40df-b401-d786b9e25ef8,CSO-2026-03-31,1,33000,0,0,MXN,excel_cso,Extraccion diaria de compras de gas natural para CCC Saltillo desde Consolidado CSO.xlsx.,Consolidado CSO.xlsx
31/05/2026,6bc2fbe4-3a34-4837-a3d8-8162e642ba3a,1a3dde4b-6f67-49db-ac6e-7578d0af0d95,9693a1d1-4b88-4d73-8138-b46b21e7a72c,5a3d193f-cb2b-40df-b401-d786b9e25ef8,CSO-2026-05-31,1,24450,0,0,MXN,excel_cso,Extraccion diaria de compras de gas natural para CCC Saltillo desde Consolidado CSO.xlsx.,Consolidado CSO.xlsx
